data_type	comparison	model	fold	held_out_sample	selection_method	feature_id	species
Abundance	Nor_vs_Ca	Boruta_RF	1	Ca-5	boruta	Pseudarthrobacter_polychromogenes	Pseudarthrobacter_polychromogenes
Abundance	Nor_vs_Ca	Boruta_RF	1	Ca-5	boruta	Obscuribacter_phosphatis	Obscuribacter_phosphatis
Abundance	Nor_vs_Ca	Boruta_RF	1	Ca-5	boruta	Bacillus_A_bombysepticus	Bacillus_A_bombysepticus
Abundance	Nor_vs_Ca	Boruta_RF	1	Ca-5	boruta	Brevibacillus_agri	Brevibacillus_agri
Abundance	Nor_vs_Ca	Boruta_RF	1	Ca-5	boruta	Limosilactobacillus_fermentum	Limosilactobacillus_fermentum
Abundance	Nor_vs_Ca	Boruta_RF	1	Ca-5	boruta	Lactococcus_petauri	Lactococcus_petauri
Abundance	Nor_vs_Ca	Boruta_RF	1	Ca-5	boruta	Streptococcus_agalactiae	Streptococcus_agalactiae
Abundance	Nor_vs_Ca	Boruta_RF	1	Ca-5	boruta	Streptococcus_mutans	Streptococcus_mutans
Abundance	Nor_vs_Ca	Boruta_RF	1	Ca-5	boruta	JACESI01_sp013911885	JACESI01_sp013911885
Abundance	Nor_vs_Ca	Boruta_RF	1	Ca-5	boruta	Frigidibacter_sp002423245	Frigidibacter_sp002423245
Abundance	Nor_vs_Ca	Boruta_RF	1	Ca-5	boruta	Erythrobacter_colymbi	Erythrobacter_colymbi
Abundance	Nor_vs_Ca	Boruta_RF	1	Ca-5	boruta	Erythrobacter_cryptus	Erythrobacter_cryptus
Abundance	Nor_vs_Ca	Boruta_RF	1	Ca-5	boruta	Sphingobium_fontiphilum	Sphingobium_fontiphilum
Abundance	Nor_vs_Ca	Boruta_RF	1	Ca-5	boruta	Sphingomonas_sp001557215	Sphingomonas_sp001557215
Abundance	Nor_vs_Ca	Boruta_RF	1	Ca-5	boruta	Comamonas_acidovorans	Comamonas_acidovorans
Abundance	Nor_vs_Ca	Boruta_RF	1	Ca-5	boruta	Zhizhongheella_caldifontis	Zhizhongheella_caldifontis
Abundance	Nor_vs_Ca	Boruta_RF	1	Ca-5	boruta	Methyloversatilis_discipulorum	Methyloversatilis_discipulorum
Abundance	Nor_vs_Ca	Boruta_RF	1	Ca-5	boruta	Methyloversatilis_discipulorum_A	Methyloversatilis_discipulorum_A
Abundance	Nor_vs_Ca	Boruta_RF	1	Ca-5	boruta	Methyloversatilis_thermotolerans	Methyloversatilis_thermotolerans
Abundance	Nor_vs_Ca	Boruta_RF	1	Ca-5	boruta	Methyloversatilis_universalis	Methyloversatilis_universalis
Abundance	Nor_vs_Ca	Boruta_RF	1	Ca-5	boruta	Methyloversatilis_universalis_A	Methyloversatilis_universalis_A
Abundance	Nor_vs_Ca	Boruta_RF	1	Ca-5	boruta	Acinetobacter_baumannii	Acinetobacter_baumannii
Abundance	Nor_vs_Ca	Boruta_RF	1	Ca-5	boruta	Pseudomonas_aeruginosa	Pseudomonas_aeruginosa
Abundance	Nor_vs_Ca	Boruta_RF	1	Ca-5	boruta	Arenimonas_sp003241895	Arenimonas_sp003241895
Abundance	Nor_vs_Ca	Boruta_RF	2	Ca-1	boruta	Pseudarthrobacter_polychromogenes	Pseudarthrobacter_polychromogenes
Abundance	Nor_vs_Ca	Boruta_RF	2	Ca-1	boruta	Obscuribacter_phosphatis	Obscuribacter_phosphatis
Abundance	Nor_vs_Ca	Boruta_RF	2	Ca-1	boruta	Bacillus_A_bombysepticus	Bacillus_A_bombysepticus
Abundance	Nor_vs_Ca	Boruta_RF	2	Ca-1	boruta	Bacillus_A_cereus	Bacillus_A_cereus
Abundance	Nor_vs_Ca	Boruta_RF	2	Ca-1	boruta	Brevibacillus_agri	Brevibacillus_agri
Abundance	Nor_vs_Ca	Boruta_RF	2	Ca-1	boruta	Limosilactobacillus_fermentum	Limosilactobacillus_fermentum
Abundance	Nor_vs_Ca	Boruta_RF	2	Ca-1	boruta	Streptococcus_agalactiae	Streptococcus_agalactiae
Abundance	Nor_vs_Ca	Boruta_RF	2	Ca-1	boruta	Streptococcus_mutans	Streptococcus_mutans
Abundance	Nor_vs_Ca	Boruta_RF	2	Ca-1	boruta	Staphylococcus_aureus	Staphylococcus_aureus
Abundance	Nor_vs_Ca	Boruta_RF	2	Ca-1	boruta	JACESI01_sp013911885	JACESI01_sp013911885
Abundance	Nor_vs_Ca	Boruta_RF	2	Ca-1	boruta	Frigidibacter_sp002423245	Frigidibacter_sp002423245
Abundance	Nor_vs_Ca	Boruta_RF	2	Ca-1	boruta	Erythrobacter_colymbi	Erythrobacter_colymbi
Abundance	Nor_vs_Ca	Boruta_RF	2	Ca-1	boruta	Erythrobacter_cryptus	Erythrobacter_cryptus
Abundance	Nor_vs_Ca	Boruta_RF	2	Ca-1	boruta	Sphingobium_fontiphilum	Sphingobium_fontiphilum
Abundance	Nor_vs_Ca	Boruta_RF	2	Ca-1	boruta	Sphingomonas_sp001557215	Sphingomonas_sp001557215
Abundance	Nor_vs_Ca	Boruta_RF	2	Ca-1	boruta	Comamonas_acidovorans	Comamonas_acidovorans
Abundance	Nor_vs_Ca	Boruta_RF	2	Ca-1	boruta	Zhizhongheella_caldifontis	Zhizhongheella_caldifontis
Abundance	Nor_vs_Ca	Boruta_RF	2	Ca-1	boruta	Methyloversatilis_discipulorum	Methyloversatilis_discipulorum
Abundance	Nor_vs_Ca	Boruta_RF	2	Ca-1	boruta	Methyloversatilis_discipulorum_A	Methyloversatilis_discipulorum_A
Abundance	Nor_vs_Ca	Boruta_RF	2	Ca-1	boruta	Methyloversatilis_thermotolerans	Methyloversatilis_thermotolerans
Abundance	Nor_vs_Ca	Boruta_RF	2	Ca-1	boruta	Methyloversatilis_universalis	Methyloversatilis_universalis
Abundance	Nor_vs_Ca	Boruta_RF	2	Ca-1	boruta	Methyloversatilis_universalis_A	Methyloversatilis_universalis_A
Abundance	Nor_vs_Ca	Boruta_RF	2	Ca-1	boruta	Salmonella_enterica	Salmonella_enterica
Abundance	Nor_vs_Ca	Boruta_RF	2	Ca-1	boruta	Acinetobacter_baumannii	Acinetobacter_baumannii
Abundance	Nor_vs_Ca	Boruta_RF	2	Ca-1	boruta	Pseudomonas_aeruginosa	Pseudomonas_aeruginosa
Abundance	Nor_vs_Ca	Boruta_RF	2	Ca-1	boruta	Arenimonas_sp003241895	Arenimonas_sp003241895
Abundance	Nor_vs_Ca	Boruta_RF	3	Nor-1	boruta	Pseudarthrobacter_polychromogenes	Pseudarthrobacter_polychromogenes
Abundance	Nor_vs_Ca	Boruta_RF	3	Nor-1	boruta	Obscuribacter_phosphatis	Obscuribacter_phosphatis
Abundance	Nor_vs_Ca	Boruta_RF	3	Nor-1	boruta	Bacillus_A_bombysepticus	Bacillus_A_bombysepticus
Abundance	Nor_vs_Ca	Boruta_RF	3	Nor-1	boruta	Brevibacillus_agri	Brevibacillus_agri
Abundance	Nor_vs_Ca	Boruta_RF	3	Nor-1	boruta	Limosilactobacillus_fermentum	Limosilactobacillus_fermentum
Abundance	Nor_vs_Ca	Boruta_RF	3	Nor-1	boruta	Streptococcus_agalactiae	Streptococcus_agalactiae
Abundance	Nor_vs_Ca	Boruta_RF	3	Nor-1	boruta	Streptococcus_mutans	Streptococcus_mutans
Abundance	Nor_vs_Ca	Boruta_RF	3	Nor-1	boruta	Staphylococcus_aureus	Staphylococcus_aureus
Abundance	Nor_vs_Ca	Boruta_RF	3	Nor-1	boruta	Ferrovibrio_sp002796975	Ferrovibrio_sp002796975
Abundance	Nor_vs_Ca	Boruta_RF	3	Nor-1	boruta	Ferrovibrio_terrae	Ferrovibrio_terrae
Abundance	Nor_vs_Ca	Boruta_RF	3	Nor-1	boruta	JACESI01_sp013911885	JACESI01_sp013911885
Abundance	Nor_vs_Ca	Boruta_RF	3	Nor-1	boruta	Frigidibacter_sp002423245	Frigidibacter_sp002423245
Abundance	Nor_vs_Ca	Boruta_RF	3	Nor-1	boruta	Erythrobacter_colymbi	Erythrobacter_colymbi
Abundance	Nor_vs_Ca	Boruta_RF	3	Nor-1	boruta	Erythrobacter_cryptus	Erythrobacter_cryptus
Abundance	Nor_vs_Ca	Boruta_RF	3	Nor-1	boruta	Sphingobium_fontiphilum	Sphingobium_fontiphilum
Abundance	Nor_vs_Ca	Boruta_RF	3	Nor-1	boruta	Sphingomonas_sp001557215	Sphingomonas_sp001557215
Abundance	Nor_vs_Ca	Boruta_RF	3	Nor-1	boruta	Comamonas_acidovorans	Comamonas_acidovorans
Abundance	Nor_vs_Ca	Boruta_RF	3	Nor-1	boruta	Zhizhongheella_caldifontis	Zhizhongheella_caldifontis
Abundance	Nor_vs_Ca	Boruta_RF	3	Nor-1	boruta	Methyloversatilis_discipulorum	Methyloversatilis_discipulorum
Abundance	Nor_vs_Ca	Boruta_RF	3	Nor-1	boruta	Methyloversatilis_discipulorum_A	Methyloversatilis_discipulorum_A
Abundance	Nor_vs_Ca	Boruta_RF	3	Nor-1	boruta	Methyloversatilis_thermotolerans	Methyloversatilis_thermotolerans
Abundance	Nor_vs_Ca	Boruta_RF	3	Nor-1	boruta	Methyloversatilis_universalis	Methyloversatilis_universalis
Abundance	Nor_vs_Ca	Boruta_RF	3	Nor-1	boruta	Methyloversatilis_universalis_A	Methyloversatilis_universalis_A
Abundance	Nor_vs_Ca	Boruta_RF	3	Nor-1	boruta	Escherichia_coli	Escherichia_coli
Abundance	Nor_vs_Ca	Boruta_RF	3	Nor-1	boruta	Acinetobacter_baumannii	Acinetobacter_baumannii
Abundance	Nor_vs_Ca	Boruta_RF	3	Nor-1	boruta	Pseudomonas_aeruginosa	Pseudomonas_aeruginosa
Abundance	Nor_vs_Ca	Boruta_RF	3	Nor-1	boruta	Arenimonas_sp003241895	Arenimonas_sp003241895
Abundance	Nor_vs_Ca	Boruta_RF	4	Ca-13	boruta	Pseudarthrobacter_polychromogenes	Pseudarthrobacter_polychromogenes
Abundance	Nor_vs_Ca	Boruta_RF	4	Ca-13	boruta	Obscuribacter_phosphatis	Obscuribacter_phosphatis
Abundance	Nor_vs_Ca	Boruta_RF	4	Ca-13	boruta	Bacillus_A_bombysepticus	Bacillus_A_bombysepticus
Abundance	Nor_vs_Ca	Boruta_RF	4	Ca-13	boruta	Bacillus_A_cereus	Bacillus_A_cereus
Abundance	Nor_vs_Ca	Boruta_RF	4	Ca-13	boruta	Brevibacillus_agri	Brevibacillus_agri
Abundance	Nor_vs_Ca	Boruta_RF	4	Ca-13	boruta	Lactococcus_petauri	Lactococcus_petauri
Abundance	Nor_vs_Ca	Boruta_RF	4	Ca-13	boruta	Streptococcus_agalactiae	Streptococcus_agalactiae
Abundance	Nor_vs_Ca	Boruta_RF	4	Ca-13	boruta	Streptococcus_mutans	Streptococcus_mutans
Abundance	Nor_vs_Ca	Boruta_RF	4	Ca-13	boruta	Staphylococcus_aureus	Staphylococcus_aureus
Abundance	Nor_vs_Ca	Boruta_RF	4	Ca-13	boruta	JACESI01_sp013911885	JACESI01_sp013911885
Abundance	Nor_vs_Ca	Boruta_RF	4	Ca-13	boruta	Frigidibacter_sp002423245	Frigidibacter_sp002423245
Abundance	Nor_vs_Ca	Boruta_RF	4	Ca-13	boruta	Erythrobacter_colymbi	Erythrobacter_colymbi
Abundance	Nor_vs_Ca	Boruta_RF	4	Ca-13	boruta	Erythrobacter_cryptus	Erythrobacter_cryptus
Abundance	Nor_vs_Ca	Boruta_RF	4	Ca-13	boruta	Sphingobium_fontiphilum	Sphingobium_fontiphilum
Abundance	Nor_vs_Ca	Boruta_RF	4	Ca-13	boruta	Sphingomonas_sp001557215	Sphingomonas_sp001557215
Abundance	Nor_vs_Ca	Boruta_RF	4	Ca-13	boruta	Comamonas_acidovorans	Comamonas_acidovorans
Abundance	Nor_vs_Ca	Boruta_RF	4	Ca-13	boruta	Zhizhongheella_caldifontis	Zhizhongheella_caldifontis
Abundance	Nor_vs_Ca	Boruta_RF	4	Ca-13	boruta	Methyloversatilis_discipulorum	Methyloversatilis_discipulorum
Abundance	Nor_vs_Ca	Boruta_RF	4	Ca-13	boruta	Methyloversatilis_discipulorum_A	Methyloversatilis_discipulorum_A
Abundance	Nor_vs_Ca	Boruta_RF	4	Ca-13	boruta	Methyloversatilis_thermotolerans	Methyloversatilis_thermotolerans
Abundance	Nor_vs_Ca	Boruta_RF	4	Ca-13	boruta	Methyloversatilis_universalis	Methyloversatilis_universalis
Abundance	Nor_vs_Ca	Boruta_RF	4	Ca-13	boruta	Methyloversatilis_universalis_A	Methyloversatilis_universalis_A
Abundance	Nor_vs_Ca	Boruta_RF	4	Ca-13	boruta	Klebsiella_pneumoniae	Klebsiella_pneumoniae
Abundance	Nor_vs_Ca	Boruta_RF	4	Ca-13	boruta	Acinetobacter_baumannii	Acinetobacter_baumannii
Abundance	Nor_vs_Ca	Boruta_RF	4	Ca-13	boruta	Pseudomonas_aeruginosa	Pseudomonas_aeruginosa
Abundance	Nor_vs_Ca	Boruta_RF	4	Ca-13	boruta	Arenimonas_sp003241895	Arenimonas_sp003241895
Abundance	Nor_vs_Ca	Boruta_RF	5	Nor-4	boruta	Obscuribacter_phosphatis	Obscuribacter_phosphatis
Abundance	Nor_vs_Ca	Boruta_RF	5	Nor-4	boruta	Bacillus_A_cereus	Bacillus_A_cereus
Abundance	Nor_vs_Ca	Boruta_RF	5	Nor-4	boruta	Brevibacillus_agri	Brevibacillus_agri
Abundance	Nor_vs_Ca	Boruta_RF	5	Nor-4	boruta	Limosilactobacillus_fermentum	Limosilactobacillus_fermentum
Abundance	Nor_vs_Ca	Boruta_RF	5	Nor-4	boruta	Lactococcus_petauri	Lactococcus_petauri
Abundance	Nor_vs_Ca	Boruta_RF	5	Nor-4	boruta	JACESI01_sp013911885	JACESI01_sp013911885
Abundance	Nor_vs_Ca	Boruta_RF	5	Nor-4	boruta	Frigidibacter_sp002423245	Frigidibacter_sp002423245
Abundance	Nor_vs_Ca	Boruta_RF	5	Nor-4	boruta	Erythrobacter_colymbi	Erythrobacter_colymbi
Abundance	Nor_vs_Ca	Boruta_RF	5	Nor-4	boruta	Erythrobacter_cryptus	Erythrobacter_cryptus
Abundance	Nor_vs_Ca	Boruta_RF	5	Nor-4	boruta	Sphingobium_fontiphilum	Sphingobium_fontiphilum
Abundance	Nor_vs_Ca	Boruta_RF	5	Nor-4	boruta	Sphingomonas_sp001557215	Sphingomonas_sp001557215
Abundance	Nor_vs_Ca	Boruta_RF	5	Nor-4	boruta	Comamonas_acidovorans	Comamonas_acidovorans
Abundance	Nor_vs_Ca	Boruta_RF	5	Nor-4	boruta	Zhizhongheella_caldifontis	Zhizhongheella_caldifontis
Abundance	Nor_vs_Ca	Boruta_RF	5	Nor-4	boruta	Methyloversatilis_discipulorum	Methyloversatilis_discipulorum
Abundance	Nor_vs_Ca	Boruta_RF	5	Nor-4	boruta	Methyloversatilis_discipulorum_A	Methyloversatilis_discipulorum_A
Abundance	Nor_vs_Ca	Boruta_RF	5	Nor-4	boruta	Methyloversatilis_thermotolerans	Methyloversatilis_thermotolerans
Abundance	Nor_vs_Ca	Boruta_RF	5	Nor-4	boruta	Methyloversatilis_universalis	Methyloversatilis_universalis
Abundance	Nor_vs_Ca	Boruta_RF	5	Nor-4	boruta	Methyloversatilis_universalis_A	Methyloversatilis_universalis_A
Abundance	Nor_vs_Ca	Boruta_RF	5	Nor-4	boruta	Acinetobacter_baumannii	Acinetobacter_baumannii
Abundance	Nor_vs_Ca	Boruta_RF	5	Nor-4	boruta	Pseudomonas_aeruginosa	Pseudomonas_aeruginosa
Abundance	Nor_vs_Ca	Boruta_RF	5	Nor-4	boruta	Arenimonas_sp003241895	Arenimonas_sp003241895
Abundance	Nor_vs_Ca	Boruta_RF	6	Nor-10	boruta	Pseudarthrobacter_polychromogenes	Pseudarthrobacter_polychromogenes
Abundance	Nor_vs_Ca	Boruta_RF	6	Nor-10	boruta	Nocardia_cyriacigeorgica_D	Nocardia_cyriacigeorgica_D
Abundance	Nor_vs_Ca	Boruta_RF	6	Nor-10	boruta	Obscuribacter_phosphatis	Obscuribacter_phosphatis
Abundance	Nor_vs_Ca	Boruta_RF	6	Nor-10	boruta	Bacillus_A_bombysepticus	Bacillus_A_bombysepticus
Abundance	Nor_vs_Ca	Boruta_RF	6	Nor-10	boruta	Bacillus_A_cereus	Bacillus_A_cereus
Abundance	Nor_vs_Ca	Boruta_RF	6	Nor-10	boruta	Brevibacillus_agri	Brevibacillus_agri
Abundance	Nor_vs_Ca	Boruta_RF	6	Nor-10	boruta	Streptococcus_agalactiae	Streptococcus_agalactiae
Abundance	Nor_vs_Ca	Boruta_RF	6	Nor-10	boruta	Streptococcus_mutans	Streptococcus_mutans
Abundance	Nor_vs_Ca	Boruta_RF	6	Nor-10	boruta	JACESI01_sp013911885	JACESI01_sp013911885
Abundance	Nor_vs_Ca	Boruta_RF	6	Nor-10	boruta	Frigidibacter_sp002423245	Frigidibacter_sp002423245
Abundance	Nor_vs_Ca	Boruta_RF	6	Nor-10	boruta	Erythrobacter_colymbi	Erythrobacter_colymbi
Abundance	Nor_vs_Ca	Boruta_RF	6	Nor-10	boruta	Erythrobacter_cryptus	Erythrobacter_cryptus
Abundance	Nor_vs_Ca	Boruta_RF	6	Nor-10	boruta	Sphingobium_fontiphilum	Sphingobium_fontiphilum
Abundance	Nor_vs_Ca	Boruta_RF	6	Nor-10	boruta	Sphingomonas_sp001557215	Sphingomonas_sp001557215
Abundance	Nor_vs_Ca	Boruta_RF	6	Nor-10	boruta	Comamonas_acidovorans	Comamonas_acidovorans
Abundance	Nor_vs_Ca	Boruta_RF	6	Nor-10	boruta	Zhizhongheella_caldifontis	Zhizhongheella_caldifontis
Abundance	Nor_vs_Ca	Boruta_RF	6	Nor-10	boruta	Methyloversatilis_discipulorum	Methyloversatilis_discipulorum
Abundance	Nor_vs_Ca	Boruta_RF	6	Nor-10	boruta	Methyloversatilis_discipulorum_A	Methyloversatilis_discipulorum_A
Abundance	Nor_vs_Ca	Boruta_RF	6	Nor-10	boruta	Methyloversatilis_thermotolerans	Methyloversatilis_thermotolerans
Abundance	Nor_vs_Ca	Boruta_RF	6	Nor-10	boruta	Methyloversatilis_universalis	Methyloversatilis_universalis
Abundance	Nor_vs_Ca	Boruta_RF	6	Nor-10	boruta	Methyloversatilis_universalis_A	Methyloversatilis_universalis_A
Abundance	Nor_vs_Ca	Boruta_RF	6	Nor-10	boruta	Escherichia_coli	Escherichia_coli
Abundance	Nor_vs_Ca	Boruta_RF	6	Nor-10	boruta	Acinetobacter_baumannii	Acinetobacter_baumannii
Abundance	Nor_vs_Ca	Boruta_RF	6	Nor-10	boruta	Pseudomonas_aeruginosa	Pseudomonas_aeruginosa
Abundance	Nor_vs_Ca	Boruta_RF	6	Nor-10	boruta	Arenimonas_sp003241895	Arenimonas_sp003241895
Abundance	Nor_vs_Ca	Boruta_RF	7	Ca-14	boruta	Obscuribacter_phosphatis	Obscuribacter_phosphatis
Abundance	Nor_vs_Ca	Boruta_RF	7	Ca-14	boruta	Bacillus_A_bombysepticus	Bacillus_A_bombysepticus
Abundance	Nor_vs_Ca	Boruta_RF	7	Ca-14	boruta	Bacillus_A_cereus	Bacillus_A_cereus
Abundance	Nor_vs_Ca	Boruta_RF	7	Ca-14	boruta	Brevibacillus_agri	Brevibacillus_agri
Abundance	Nor_vs_Ca	Boruta_RF	7	Ca-14	boruta	Limosilactobacillus_fermentum	Limosilactobacillus_fermentum
Abundance	Nor_vs_Ca	Boruta_RF	7	Ca-14	boruta	Streptococcus_agalactiae	Streptococcus_agalactiae
Abundance	Nor_vs_Ca	Boruta_RF	7	Ca-14	boruta	Staphylococcus_aureus	Staphylococcus_aureus
Abundance	Nor_vs_Ca	Boruta_RF	7	Ca-14	boruta	JACESI01_sp013911885	JACESI01_sp013911885
Abundance	Nor_vs_Ca	Boruta_RF	7	Ca-14	boruta	Frigidibacter_sp002423245	Frigidibacter_sp002423245
Abundance	Nor_vs_Ca	Boruta_RF	7	Ca-14	boruta	Erythrobacter_colymbi	Erythrobacter_colymbi
Abundance	Nor_vs_Ca	Boruta_RF	7	Ca-14	boruta	Erythrobacter_cryptus	Erythrobacter_cryptus
Abundance	Nor_vs_Ca	Boruta_RF	7	Ca-14	boruta	Sphingobium_fontiphilum	Sphingobium_fontiphilum
Abundance	Nor_vs_Ca	Boruta_RF	7	Ca-14	boruta	Sphingomonas_sp001557215	Sphingomonas_sp001557215
Abundance	Nor_vs_Ca	Boruta_RF	7	Ca-14	boruta	Comamonas_acidovorans	Comamonas_acidovorans
Abundance	Nor_vs_Ca	Boruta_RF	7	Ca-14	boruta	Zhizhongheella_caldifontis	Zhizhongheella_caldifontis
Abundance	Nor_vs_Ca	Boruta_RF	7	Ca-14	boruta	Methyloversatilis_discipulorum	Methyloversatilis_discipulorum
Abundance	Nor_vs_Ca	Boruta_RF	7	Ca-14	boruta	Methyloversatilis_discipulorum_A	Methyloversatilis_discipulorum_A
Abundance	Nor_vs_Ca	Boruta_RF	7	Ca-14	boruta	Methyloversatilis_thermotolerans	Methyloversatilis_thermotolerans
Abundance	Nor_vs_Ca	Boruta_RF	7	Ca-14	boruta	Methyloversatilis_universalis	Methyloversatilis_universalis
Abundance	Nor_vs_Ca	Boruta_RF	7	Ca-14	boruta	Methyloversatilis_universalis_A	Methyloversatilis_universalis_A
Abundance	Nor_vs_Ca	Boruta_RF	7	Ca-14	boruta	Acinetobacter_baumannii	Acinetobacter_baumannii
Abundance	Nor_vs_Ca	Boruta_RF	7	Ca-14	boruta	Pseudomonas_aeruginosa	Pseudomonas_aeruginosa
Abundance	Nor_vs_Ca	Boruta_RF	7	Ca-14	boruta	Arenimonas_sp003241895	Arenimonas_sp003241895
Abundance	Nor_vs_Ca	Boruta_RF	8	Nor-13	boruta	Pseudarthrobacter_polychromogenes	Pseudarthrobacter_polychromogenes
Abundance	Nor_vs_Ca	Boruta_RF	8	Nor-13	boruta	Obscuribacter_phosphatis	Obscuribacter_phosphatis
Abundance	Nor_vs_Ca	Boruta_RF	8	Nor-13	boruta	Bacillus_A_bombysepticus	Bacillus_A_bombysepticus
Abundance	Nor_vs_Ca	Boruta_RF	8	Nor-13	boruta	Brevibacillus_agri	Brevibacillus_agri
Abundance	Nor_vs_Ca	Boruta_RF	8	Nor-13	boruta	Lactococcus_petauri	Lactococcus_petauri
Abundance	Nor_vs_Ca	Boruta_RF	8	Nor-13	boruta	Streptococcus_mutans	Streptococcus_mutans
Abundance	Nor_vs_Ca	Boruta_RF	8	Nor-13	boruta	JACESI01_sp013911885	JACESI01_sp013911885
Abundance	Nor_vs_Ca	Boruta_RF	8	Nor-13	boruta	Frigidibacter_sp002423245	Frigidibacter_sp002423245
Abundance	Nor_vs_Ca	Boruta_RF	8	Nor-13	boruta	Erythrobacter_cryptus	Erythrobacter_cryptus
Abundance	Nor_vs_Ca	Boruta_RF	8	Nor-13	boruta	Sphingobium_fontiphilum	Sphingobium_fontiphilum
Abundance	Nor_vs_Ca	Boruta_RF	8	Nor-13	boruta	Sphingomonas_sp001557215	Sphingomonas_sp001557215
Abundance	Nor_vs_Ca	Boruta_RF	8	Nor-13	boruta	Comamonas_acidovorans	Comamonas_acidovorans
Abundance	Nor_vs_Ca	Boruta_RF	8	Nor-13	boruta	Zhizhongheella_caldifontis	Zhizhongheella_caldifontis
Abundance	Nor_vs_Ca	Boruta_RF	8	Nor-13	boruta	Methyloversatilis_discipulorum	Methyloversatilis_discipulorum
Abundance	Nor_vs_Ca	Boruta_RF	8	Nor-13	boruta	Methyloversatilis_discipulorum_A	Methyloversatilis_discipulorum_A
Abundance	Nor_vs_Ca	Boruta_RF	8	Nor-13	boruta	Methyloversatilis_thermotolerans	Methyloversatilis_thermotolerans
Abundance	Nor_vs_Ca	Boruta_RF	8	Nor-13	boruta	Methyloversatilis_universalis	Methyloversatilis_universalis
Abundance	Nor_vs_Ca	Boruta_RF	8	Nor-13	boruta	Methyloversatilis_universalis_A	Methyloversatilis_universalis_A
Abundance	Nor_vs_Ca	Boruta_RF	8	Nor-13	boruta	Acinetobacter_baumannii	Acinetobacter_baumannii
Abundance	Nor_vs_Ca	Boruta_RF	8	Nor-13	boruta	Pseudomonas_aeruginosa	Pseudomonas_aeruginosa
Abundance	Nor_vs_Ca	Boruta_RF	8	Nor-13	boruta	Arenimonas_sp003241895	Arenimonas_sp003241895
Abundance	Nor_vs_Ca	Boruta_RF	9	Ca-10	boruta	Pseudarthrobacter_polychromogenes	Pseudarthrobacter_polychromogenes
Abundance	Nor_vs_Ca	Boruta_RF	9	Ca-10	boruta	Obscuribacter_phosphatis	Obscuribacter_phosphatis
Abundance	Nor_vs_Ca	Boruta_RF	9	Ca-10	boruta	Bacillus_A_bombysepticus	Bacillus_A_bombysepticus
Abundance	Nor_vs_Ca	Boruta_RF	9	Ca-10	boruta	Brevibacillus_agri	Brevibacillus_agri
Abundance	Nor_vs_Ca	Boruta_RF	9	Ca-10	boruta	Streptococcus_mutans	Streptococcus_mutans
Abundance	Nor_vs_Ca	Boruta_RF	9	Ca-10	boruta	Staphylococcus_aureus	Staphylococcus_aureus
Abundance	Nor_vs_Ca	Boruta_RF	9	Ca-10	boruta	JACESI01_sp013911885	JACESI01_sp013911885
Abundance	Nor_vs_Ca	Boruta_RF	9	Ca-10	boruta	Frigidibacter_sp002423245	Frigidibacter_sp002423245
Abundance	Nor_vs_Ca	Boruta_RF	9	Ca-10	boruta	Erythrobacter_colymbi	Erythrobacter_colymbi
Abundance	Nor_vs_Ca	Boruta_RF	9	Ca-10	boruta	Erythrobacter_cryptus	Erythrobacter_cryptus
Abundance	Nor_vs_Ca	Boruta_RF	9	Ca-10	boruta	Sphingobium_fontiphilum	Sphingobium_fontiphilum
Abundance	Nor_vs_Ca	Boruta_RF	9	Ca-10	boruta	Sphingomonas_sp001557215	Sphingomonas_sp001557215
Abundance	Nor_vs_Ca	Boruta_RF	9	Ca-10	boruta	Comamonas_acidovorans	Comamonas_acidovorans
Abundance	Nor_vs_Ca	Boruta_RF	9	Ca-10	boruta	Zhizhongheella_caldifontis	Zhizhongheella_caldifontis
Abundance	Nor_vs_Ca	Boruta_RF	9	Ca-10	boruta	Methyloversatilis_discipulorum	Methyloversatilis_discipulorum
Abundance	Nor_vs_Ca	Boruta_RF	9	Ca-10	boruta	Methyloversatilis_discipulorum_A	Methyloversatilis_discipulorum_A
Abundance	Nor_vs_Ca	Boruta_RF	9	Ca-10	boruta	Methyloversatilis_thermotolerans	Methyloversatilis_thermotolerans
Abundance	Nor_vs_Ca	Boruta_RF	9	Ca-10	boruta	Methyloversatilis_universalis	Methyloversatilis_universalis
Abundance	Nor_vs_Ca	Boruta_RF	9	Ca-10	boruta	Methyloversatilis_universalis_A	Methyloversatilis_universalis_A
Abundance	Nor_vs_Ca	Boruta_RF	9	Ca-10	boruta	Acinetobacter_baumannii	Acinetobacter_baumannii
Abundance	Nor_vs_Ca	Boruta_RF	9	Ca-10	boruta	Pseudomonas_aeruginosa	Pseudomonas_aeruginosa
Abundance	Nor_vs_Ca	Boruta_RF	9	Ca-10	boruta	Arenimonas_sp003241895	Arenimonas_sp003241895
Abundance	Nor_vs_Ca	Boruta_RF	10	Nor-14	boruta	Pseudarthrobacter_polychromogenes	Pseudarthrobacter_polychromogenes
Abundance	Nor_vs_Ca	Boruta_RF	10	Nor-14	boruta	Obscuribacter_phosphatis	Obscuribacter_phosphatis
Abundance	Nor_vs_Ca	Boruta_RF	10	Nor-14	boruta	Bacillus_A_bombysepticus	Bacillus_A_bombysepticus
Abundance	Nor_vs_Ca	Boruta_RF	10	Nor-14	boruta	Bacillus_A_cereus	Bacillus_A_cereus
Abundance	Nor_vs_Ca	Boruta_RF	10	Nor-14	boruta	Brevibacillus_agri	Brevibacillus_agri
Abundance	Nor_vs_Ca	Boruta_RF	10	Nor-14	boruta	Limosilactobacillus_fermentum	Limosilactobacillus_fermentum
Abundance	Nor_vs_Ca	Boruta_RF	10	Nor-14	boruta	Streptococcus_mutans	Streptococcus_mutans
Abundance	Nor_vs_Ca	Boruta_RF	10	Nor-14	boruta	JACESI01_sp013911885	JACESI01_sp013911885
Abundance	Nor_vs_Ca	Boruta_RF	10	Nor-14	boruta	Frigidibacter_sp002423245	Frigidibacter_sp002423245
Abundance	Nor_vs_Ca	Boruta_RF	10	Nor-14	boruta	Erythrobacter_colymbi	Erythrobacter_colymbi
Abundance	Nor_vs_Ca	Boruta_RF	10	Nor-14	boruta	Erythrobacter_cryptus	Erythrobacter_cryptus
Abundance	Nor_vs_Ca	Boruta_RF	10	Nor-14	boruta	Sphingobium_fontiphilum	Sphingobium_fontiphilum
Abundance	Nor_vs_Ca	Boruta_RF	10	Nor-14	boruta	Sphingomonas_sp001557215	Sphingomonas_sp001557215
Abundance	Nor_vs_Ca	Boruta_RF	10	Nor-14	boruta	Comamonas_acidovorans	Comamonas_acidovorans
Abundance	Nor_vs_Ca	Boruta_RF	10	Nor-14	boruta	Zhizhongheella_caldifontis	Zhizhongheella_caldifontis
Abundance	Nor_vs_Ca	Boruta_RF	10	Nor-14	boruta	Methyloversatilis_discipulorum	Methyloversatilis_discipulorum
Abundance	Nor_vs_Ca	Boruta_RF	10	Nor-14	boruta	Methyloversatilis_discipulorum_A	Methyloversatilis_discipulorum_A
Abundance	Nor_vs_Ca	Boruta_RF	10	Nor-14	boruta	Methyloversatilis_thermotolerans	Methyloversatilis_thermotolerans
Abundance	Nor_vs_Ca	Boruta_RF	10	Nor-14	boruta	Methyloversatilis_universalis	Methyloversatilis_universalis
Abundance	Nor_vs_Ca	Boruta_RF	10	Nor-14	boruta	Methyloversatilis_universalis_A	Methyloversatilis_universalis_A
Abundance	Nor_vs_Ca	Boruta_RF	10	Nor-14	boruta	Salmonella_enterica	Salmonella_enterica
Abundance	Nor_vs_Ca	Boruta_RF	10	Nor-14	boruta	Acinetobacter_baumannii	Acinetobacter_baumannii
Abundance	Nor_vs_Ca	Boruta_RF	10	Nor-14	boruta	Pseudomonas_aeruginosa	Pseudomonas_aeruginosa
Abundance	Nor_vs_Ca	Boruta_RF	10	Nor-14	boruta	Arenimonas_sp003241895	Arenimonas_sp003241895
Abundance	Nor_vs_Ca	Boruta_RF	10	Nor-14	boruta	Moesziomyces_antarcticus	Moesziomyces_antarcticus
Abundance	Nor_vs_Ca	Boruta_RF	11	Ca-3	boruta	Obscuribacter_phosphatis	Obscuribacter_phosphatis
Abundance	Nor_vs_Ca	Boruta_RF	11	Ca-3	boruta	Bacillus_A_bombysepticus	Bacillus_A_bombysepticus
Abundance	Nor_vs_Ca	Boruta_RF	11	Ca-3	boruta	Bacillus_A_cereus	Bacillus_A_cereus
Abundance	Nor_vs_Ca	Boruta_RF	11	Ca-3	boruta	JACESI01_sp013911885	JACESI01_sp013911885
Abundance	Nor_vs_Ca	Boruta_RF	11	Ca-3	boruta	Frigidibacter_sp002423245	Frigidibacter_sp002423245
Abundance	Nor_vs_Ca	Boruta_RF	11	Ca-3	boruta	Erythrobacter_colymbi	Erythrobacter_colymbi
Abundance	Nor_vs_Ca	Boruta_RF	11	Ca-3	boruta	Erythrobacter_cryptus	Erythrobacter_cryptus
Abundance	Nor_vs_Ca	Boruta_RF	11	Ca-3	boruta	Sphingobium_fontiphilum	Sphingobium_fontiphilum
Abundance	Nor_vs_Ca	Boruta_RF	11	Ca-3	boruta	Sphingomonas_sp001557215	Sphingomonas_sp001557215
Abundance	Nor_vs_Ca	Boruta_RF	11	Ca-3	boruta	Comamonas_acidovorans	Comamonas_acidovorans
Abundance	Nor_vs_Ca	Boruta_RF	11	Ca-3	boruta	Zhizhongheella_caldifontis	Zhizhongheella_caldifontis
Abundance	Nor_vs_Ca	Boruta_RF	11	Ca-3	boruta	Methyloversatilis_discipulorum	Methyloversatilis_discipulorum
Abundance	Nor_vs_Ca	Boruta_RF	11	Ca-3	boruta	Methyloversatilis_discipulorum_A	Methyloversatilis_discipulorum_A
Abundance	Nor_vs_Ca	Boruta_RF	11	Ca-3	boruta	Methyloversatilis_thermotolerans	Methyloversatilis_thermotolerans
Abundance	Nor_vs_Ca	Boruta_RF	11	Ca-3	boruta	Methyloversatilis_universalis	Methyloversatilis_universalis
Abundance	Nor_vs_Ca	Boruta_RF	11	Ca-3	boruta	Methyloversatilis_universalis_A	Methyloversatilis_universalis_A
Abundance	Nor_vs_Ca	Boruta_RF	11	Ca-3	boruta	Klebsiella_pneumoniae	Klebsiella_pneumoniae
Abundance	Nor_vs_Ca	Boruta_RF	11	Ca-3	boruta	Acinetobacter_baumannii	Acinetobacter_baumannii
Abundance	Nor_vs_Ca	Boruta_RF	11	Ca-3	boruta	Pseudomonas_aeruginosa	Pseudomonas_aeruginosa
Abundance	Nor_vs_Ca	Boruta_RF	11	Ca-3	boruta	Arenimonas_sp003241895	Arenimonas_sp003241895
Abundance	Nor_vs_Ca	Boruta_RF	12	Ca-4	boruta	Obscuribacter_phosphatis	Obscuribacter_phosphatis
Abundance	Nor_vs_Ca	Boruta_RF	12	Ca-4	boruta	Bacillus_A_bombysepticus	Bacillus_A_bombysepticus
Abundance	Nor_vs_Ca	Boruta_RF	12	Ca-4	boruta	Bacillus_A_cereus	Bacillus_A_cereus
Abundance	Nor_vs_Ca	Boruta_RF	12	Ca-4	boruta	Brevibacillus_agri	Brevibacillus_agri
Abundance	Nor_vs_Ca	Boruta_RF	12	Ca-4	boruta	JACESI01_sp013911885	JACESI01_sp013911885
Abundance	Nor_vs_Ca	Boruta_RF	12	Ca-4	boruta	Frigidibacter_sp002423245	Frigidibacter_sp002423245
Abundance	Nor_vs_Ca	Boruta_RF	12	Ca-4	boruta	Erythrobacter_cryptus	Erythrobacter_cryptus
Abundance	Nor_vs_Ca	Boruta_RF	12	Ca-4	boruta	Sphingobium_fontiphilum	Sphingobium_fontiphilum
Abundance	Nor_vs_Ca	Boruta_RF	12	Ca-4	boruta	Sphingomonas_sp001557215	Sphingomonas_sp001557215
Abundance	Nor_vs_Ca	Boruta_RF	12	Ca-4	boruta	Caballeronia_sordidicola_A	Caballeronia_sordidicola_A
Abundance	Nor_vs_Ca	Boruta_RF	12	Ca-4	boruta	Comamonas_acidovorans	Comamonas_acidovorans
Abundance	Nor_vs_Ca	Boruta_RF	12	Ca-4	boruta	Zhizhongheella_caldifontis	Zhizhongheella_caldifontis
Abundance	Nor_vs_Ca	Boruta_RF	12	Ca-4	boruta	Methyloversatilis_discipulorum	Methyloversatilis_discipulorum
Abundance	Nor_vs_Ca	Boruta_RF	12	Ca-4	boruta	Methyloversatilis_discipulorum_A	Methyloversatilis_discipulorum_A
Abundance	Nor_vs_Ca	Boruta_RF	12	Ca-4	boruta	Methyloversatilis_thermotolerans	Methyloversatilis_thermotolerans
Abundance	Nor_vs_Ca	Boruta_RF	12	Ca-4	boruta	Methyloversatilis_universalis	Methyloversatilis_universalis
Abundance	Nor_vs_Ca	Boruta_RF	12	Ca-4	boruta	Methyloversatilis_universalis_A	Methyloversatilis_universalis_A
Abundance	Nor_vs_Ca	Boruta_RF	12	Ca-4	boruta	Acinetobacter_baumannii	Acinetobacter_baumannii
Abundance	Nor_vs_Ca	Boruta_RF	12	Ca-4	boruta	Pseudomonas_aeruginosa	Pseudomonas_aeruginosa
Abundance	Nor_vs_Ca	Boruta_RF	12	Ca-4	boruta	Arenimonas_sp003241895	Arenimonas_sp003241895
Abundance	Nor_vs_Ca	Boruta_RF	13	Ca-11	boruta	Pseudarthrobacter_polychromogenes	Pseudarthrobacter_polychromogenes
Abundance	Nor_vs_Ca	Boruta_RF	13	Ca-11	boruta	Obscuribacter_phosphatis	Obscuribacter_phosphatis
Abundance	Nor_vs_Ca	Boruta_RF	13	Ca-11	boruta	Bacillus_A_bombysepticus	Bacillus_A_bombysepticus
Abundance	Nor_vs_Ca	Boruta_RF	13	Ca-11	boruta	Bacillus_A_cereus	Bacillus_A_cereus
Abundance	Nor_vs_Ca	Boruta_RF	13	Ca-11	boruta	Brevibacillus_agri	Brevibacillus_agri
Abundance	Nor_vs_Ca	Boruta_RF	13	Ca-11	boruta	Limosilactobacillus_fermentum	Limosilactobacillus_fermentum
Abundance	Nor_vs_Ca	Boruta_RF	13	Ca-11	boruta	Lactococcus_petauri	Lactococcus_petauri
Abundance	Nor_vs_Ca	Boruta_RF	13	Ca-11	boruta	Streptococcus_agalactiae	Streptococcus_agalactiae
Abundance	Nor_vs_Ca	Boruta_RF	13	Ca-11	boruta	Streptococcus_mutans	Streptococcus_mutans
Abundance	Nor_vs_Ca	Boruta_RF	13	Ca-11	boruta	Staphylococcus_aureus	Staphylococcus_aureus
Abundance	Nor_vs_Ca	Boruta_RF	13	Ca-11	boruta	JACESI01_sp013911885	JACESI01_sp013911885
Abundance	Nor_vs_Ca	Boruta_RF	13	Ca-11	boruta	Frigidibacter_sp002423245	Frigidibacter_sp002423245
Abundance	Nor_vs_Ca	Boruta_RF	13	Ca-11	boruta	Erythrobacter_colymbi	Erythrobacter_colymbi
Abundance	Nor_vs_Ca	Boruta_RF	13	Ca-11	boruta	Erythrobacter_cryptus	Erythrobacter_cryptus
Abundance	Nor_vs_Ca	Boruta_RF	13	Ca-11	boruta	Sphingobium_fontiphilum	Sphingobium_fontiphilum
Abundance	Nor_vs_Ca	Boruta_RF	13	Ca-11	boruta	Sphingomonas_sp001557215	Sphingomonas_sp001557215
Abundance	Nor_vs_Ca	Boruta_RF	13	Ca-11	boruta	Comamonas_acidovorans	Comamonas_acidovorans
Abundance	Nor_vs_Ca	Boruta_RF	13	Ca-11	boruta	Zhizhongheella_caldifontis	Zhizhongheella_caldifontis
Abundance	Nor_vs_Ca	Boruta_RF	13	Ca-11	boruta	Methyloversatilis_discipulorum	Methyloversatilis_discipulorum
Abundance	Nor_vs_Ca	Boruta_RF	13	Ca-11	boruta	Methyloversatilis_discipulorum_A	Methyloversatilis_discipulorum_A
Abundance	Nor_vs_Ca	Boruta_RF	13	Ca-11	boruta	Methyloversatilis_thermotolerans	Methyloversatilis_thermotolerans
Abundance	Nor_vs_Ca	Boruta_RF	13	Ca-11	boruta	Methyloversatilis_universalis	Methyloversatilis_universalis
Abundance	Nor_vs_Ca	Boruta_RF	13	Ca-11	boruta	Methyloversatilis_universalis_A	Methyloversatilis_universalis_A
Abundance	Nor_vs_Ca	Boruta_RF	13	Ca-11	boruta	Salmonella_enterica	Salmonella_enterica
Abundance	Nor_vs_Ca	Boruta_RF	13	Ca-11	boruta	Acinetobacter_baumannii	Acinetobacter_baumannii
Abundance	Nor_vs_Ca	Boruta_RF	13	Ca-11	boruta	Pseudomonas_aeruginosa	Pseudomonas_aeruginosa
Abundance	Nor_vs_Ca	Boruta_RF	13	Ca-11	boruta	Arenimonas_sp003241895	Arenimonas_sp003241895
Abundance	Nor_vs_Ca	Boruta_RF	14	Nor-11	boruta	Pseudarthrobacter_polychromogenes	Pseudarthrobacter_polychromogenes
Abundance	Nor_vs_Ca	Boruta_RF	14	Nor-11	boruta	Obscuribacter_phosphatis	Obscuribacter_phosphatis
Abundance	Nor_vs_Ca	Boruta_RF	14	Nor-11	boruta	Bacillus_A_bombysepticus	Bacillus_A_bombysepticus
Abundance	Nor_vs_Ca	Boruta_RF	14	Nor-11	boruta	Bacillus_A_cereus	Bacillus_A_cereus
Abundance	Nor_vs_Ca	Boruta_RF	14	Nor-11	boruta	Brevibacillus_agri	Brevibacillus_agri
Abundance	Nor_vs_Ca	Boruta_RF	14	Nor-11	boruta	Lactococcus_petauri	Lactococcus_petauri
Abundance	Nor_vs_Ca	Boruta_RF	14	Nor-11	boruta	Streptococcus_agalactiae	Streptococcus_agalactiae
Abundance	Nor_vs_Ca	Boruta_RF	14	Nor-11	boruta	Staphylococcus_aureus	Staphylococcus_aureus
Abundance	Nor_vs_Ca	Boruta_RF	14	Nor-11	boruta	JACESI01_sp013911885	JACESI01_sp013911885
Abundance	Nor_vs_Ca	Boruta_RF	14	Nor-11	boruta	Frigidibacter_sp002423245	Frigidibacter_sp002423245
Abundance	Nor_vs_Ca	Boruta_RF	14	Nor-11	boruta	Erythrobacter_colymbi	Erythrobacter_colymbi
Abundance	Nor_vs_Ca	Boruta_RF	14	Nor-11	boruta	Erythrobacter_cryptus	Erythrobacter_cryptus
Abundance	Nor_vs_Ca	Boruta_RF	14	Nor-11	boruta	Sphingobium_fontiphilum	Sphingobium_fontiphilum
Abundance	Nor_vs_Ca	Boruta_RF	14	Nor-11	boruta	Sphingomonas_sp001557215	Sphingomonas_sp001557215
Abundance	Nor_vs_Ca	Boruta_RF	14	Nor-11	boruta	Comamonas_acidovorans	Comamonas_acidovorans
Abundance	Nor_vs_Ca	Boruta_RF	14	Nor-11	boruta	Zhizhongheella_caldifontis	Zhizhongheella_caldifontis
Abundance	Nor_vs_Ca	Boruta_RF	14	Nor-11	boruta	Methyloversatilis_discipulorum	Methyloversatilis_discipulorum
Abundance	Nor_vs_Ca	Boruta_RF	14	Nor-11	boruta	Methyloversatilis_discipulorum_A	Methyloversatilis_discipulorum_A
Abundance	Nor_vs_Ca	Boruta_RF	14	Nor-11	boruta	Methyloversatilis_thermotolerans	Methyloversatilis_thermotolerans
Abundance	Nor_vs_Ca	Boruta_RF	14	Nor-11	boruta	Methyloversatilis_universalis	Methyloversatilis_universalis
Abundance	Nor_vs_Ca	Boruta_RF	14	Nor-11	boruta	Methyloversatilis_universalis_A	Methyloversatilis_universalis_A
Abundance	Nor_vs_Ca	Boruta_RF	14	Nor-11	boruta	Acinetobacter_baumannii	Acinetobacter_baumannii
Abundance	Nor_vs_Ca	Boruta_RF	14	Nor-11	boruta	Pseudomonas_aeruginosa	Pseudomonas_aeruginosa
Abundance	Nor_vs_Ca	Boruta_RF	14	Nor-11	boruta	Arenimonas_sp003241895	Arenimonas_sp003241895
Abundance	Nor_vs_Ca	Boruta_RF	15	Ca-9	boruta	Pseudarthrobacter_polychromogenes	Pseudarthrobacter_polychromogenes
Abundance	Nor_vs_Ca	Boruta_RF	15	Ca-9	boruta	Obscuribacter_phosphatis	Obscuribacter_phosphatis
Abundance	Nor_vs_Ca	Boruta_RF	15	Ca-9	boruta	Bacillus_A_bombysepticus	Bacillus_A_bombysepticus
Abundance	Nor_vs_Ca	Boruta_RF	15	Ca-9	boruta	Brevibacillus_agri	Brevibacillus_agri
Abundance	Nor_vs_Ca	Boruta_RF	15	Ca-9	boruta	Limosilactobacillus_fermentum	Limosilactobacillus_fermentum
Abundance	Nor_vs_Ca	Boruta_RF	15	Ca-9	boruta	Streptococcus_mutans	Streptococcus_mutans
Abundance	Nor_vs_Ca	Boruta_RF	15	Ca-9	boruta	Staphylococcus_aureus	Staphylococcus_aureus
Abundance	Nor_vs_Ca	Boruta_RF	15	Ca-9	boruta	JACESI01_sp013911885	JACESI01_sp013911885
Abundance	Nor_vs_Ca	Boruta_RF	15	Ca-9	boruta	Frigidibacter_sp002423245	Frigidibacter_sp002423245
Abundance	Nor_vs_Ca	Boruta_RF	15	Ca-9	boruta	Erythrobacter_colymbi	Erythrobacter_colymbi
Abundance	Nor_vs_Ca	Boruta_RF	15	Ca-9	boruta	Erythrobacter_cryptus	Erythrobacter_cryptus
Abundance	Nor_vs_Ca	Boruta_RF	15	Ca-9	boruta	Sphingobium_fontiphilum	Sphingobium_fontiphilum
Abundance	Nor_vs_Ca	Boruta_RF	15	Ca-9	boruta	Sphingomonas_sp001557215	Sphingomonas_sp001557215
Abundance	Nor_vs_Ca	Boruta_RF	15	Ca-9	boruta	Comamonas_acidovorans	Comamonas_acidovorans
Abundance	Nor_vs_Ca	Boruta_RF	15	Ca-9	boruta	Zhizhongheella_caldifontis	Zhizhongheella_caldifontis
Abundance	Nor_vs_Ca	Boruta_RF	15	Ca-9	boruta	Methyloversatilis_discipulorum	Methyloversatilis_discipulorum
Abundance	Nor_vs_Ca	Boruta_RF	15	Ca-9	boruta	Methyloversatilis_discipulorum_A	Methyloversatilis_discipulorum_A
Abundance	Nor_vs_Ca	Boruta_RF	15	Ca-9	boruta	Methyloversatilis_thermotolerans	Methyloversatilis_thermotolerans
Abundance	Nor_vs_Ca	Boruta_RF	15	Ca-9	boruta	Methyloversatilis_universalis	Methyloversatilis_universalis
Abundance	Nor_vs_Ca	Boruta_RF	15	Ca-9	boruta	Methyloversatilis_universalis_A	Methyloversatilis_universalis_A
Abundance	Nor_vs_Ca	Boruta_RF	15	Ca-9	boruta	Klebsiella_pneumoniae	Klebsiella_pneumoniae
Abundance	Nor_vs_Ca	Boruta_RF	15	Ca-9	boruta	Acinetobacter_baumannii	Acinetobacter_baumannii
Abundance	Nor_vs_Ca	Boruta_RF	15	Ca-9	boruta	Pseudomonas_aeruginosa	Pseudomonas_aeruginosa
Abundance	Nor_vs_Ca	Boruta_RF	15	Ca-9	boruta	Arenimonas_sp003241895	Arenimonas_sp003241895
Abundance	Nor_vs_Ca	Boruta_RF	16	Nor-7	boruta	Obscuribacter_phosphatis	Obscuribacter_phosphatis
Abundance	Nor_vs_Ca	Boruta_RF	16	Nor-7	boruta	Bacillus_A_bombysepticus	Bacillus_A_bombysepticus
Abundance	Nor_vs_Ca	Boruta_RF	16	Nor-7	boruta	Brevibacillus_agri	Brevibacillus_agri
Abundance	Nor_vs_Ca	Boruta_RF	16	Nor-7	boruta	Staphylococcus_aureus	Staphylococcus_aureus
Abundance	Nor_vs_Ca	Boruta_RF	16	Nor-7	boruta	JACESI01_sp013911885	JACESI01_sp013911885
Abundance	Nor_vs_Ca	Boruta_RF	16	Nor-7	boruta	Frigidibacter_sp002423245	Frigidibacter_sp002423245
Abundance	Nor_vs_Ca	Boruta_RF	16	Nor-7	boruta	Erythrobacter_colymbi	Erythrobacter_colymbi
Abundance	Nor_vs_Ca	Boruta_RF	16	Nor-7	boruta	Erythrobacter_cryptus	Erythrobacter_cryptus
Abundance	Nor_vs_Ca	Boruta_RF	16	Nor-7	boruta	Sphingobium_fontiphilum	Sphingobium_fontiphilum
Abundance	Nor_vs_Ca	Boruta_RF	16	Nor-7	boruta	Sphingomonas_sp001557215	Sphingomonas_sp001557215
Abundance	Nor_vs_Ca	Boruta_RF	16	Nor-7	boruta	Comamonas_acidovorans	Comamonas_acidovorans
Abundance	Nor_vs_Ca	Boruta_RF	16	Nor-7	boruta	Zhizhongheella_caldifontis	Zhizhongheella_caldifontis
Abundance	Nor_vs_Ca	Boruta_RF	16	Nor-7	boruta	Methyloversatilis_discipulorum	Methyloversatilis_discipulorum
Abundance	Nor_vs_Ca	Boruta_RF	16	Nor-7	boruta	Methyloversatilis_discipulorum_A	Methyloversatilis_discipulorum_A
Abundance	Nor_vs_Ca	Boruta_RF	16	Nor-7	boruta	Methyloversatilis_thermotolerans	Methyloversatilis_thermotolerans
Abundance	Nor_vs_Ca	Boruta_RF	16	Nor-7	boruta	Methyloversatilis_universalis	Methyloversatilis_universalis
Abundance	Nor_vs_Ca	Boruta_RF	16	Nor-7	boruta	Methyloversatilis_universalis_A	Methyloversatilis_universalis_A
Abundance	Nor_vs_Ca	Boruta_RF	16	Nor-7	boruta	Acinetobacter_baumannii	Acinetobacter_baumannii
Abundance	Nor_vs_Ca	Boruta_RF	16	Nor-7	boruta	Pseudomonas_aeruginosa	Pseudomonas_aeruginosa
Abundance	Nor_vs_Ca	Boruta_RF	16	Nor-7	boruta	Arenimonas_sp003241895	Arenimonas_sp003241895
Abundance	Nor_vs_Ca	Boruta_RF	17	Ca-7	boruta	Pseudarthrobacter_polychromogenes	Pseudarthrobacter_polychromogenes
Abundance	Nor_vs_Ca	Boruta_RF	17	Ca-7	boruta	Obscuribacter_phosphatis	Obscuribacter_phosphatis
Abundance	Nor_vs_Ca	Boruta_RF	17	Ca-7	boruta	Limosilactobacillus_fermentum	Limosilactobacillus_fermentum
Abundance	Nor_vs_Ca	Boruta_RF	17	Ca-7	boruta	Streptococcus_mutans	Streptococcus_mutans
Abundance	Nor_vs_Ca	Boruta_RF	17	Ca-7	boruta	Staphylococcus_aureus	Staphylococcus_aureus
Abundance	Nor_vs_Ca	Boruta_RF	17	Ca-7	boruta	Ferrovibrio_sp002796975	Ferrovibrio_sp002796975
Abundance	Nor_vs_Ca	Boruta_RF	17	Ca-7	boruta	JACESI01_sp013911885	JACESI01_sp013911885
Abundance	Nor_vs_Ca	Boruta_RF	17	Ca-7	boruta	Frigidibacter_sp002423245	Frigidibacter_sp002423245
Abundance	Nor_vs_Ca	Boruta_RF	17	Ca-7	boruta	Erythrobacter_colymbi	Erythrobacter_colymbi
Abundance	Nor_vs_Ca	Boruta_RF	17	Ca-7	boruta	Erythrobacter_cryptus	Erythrobacter_cryptus
Abundance	Nor_vs_Ca	Boruta_RF	17	Ca-7	boruta	Sphingobium_fontiphilum	Sphingobium_fontiphilum
Abundance	Nor_vs_Ca	Boruta_RF	17	Ca-7	boruta	Sphingomonas_sp001557215	Sphingomonas_sp001557215
Abundance	Nor_vs_Ca	Boruta_RF	17	Ca-7	boruta	Comamonas_acidovorans	Comamonas_acidovorans
Abundance	Nor_vs_Ca	Boruta_RF	17	Ca-7	boruta	Zhizhongheella_caldifontis	Zhizhongheella_caldifontis
Abundance	Nor_vs_Ca	Boruta_RF	17	Ca-7	boruta	Methyloversatilis_discipulorum	Methyloversatilis_discipulorum
Abundance	Nor_vs_Ca	Boruta_RF	17	Ca-7	boruta	Methyloversatilis_discipulorum_A	Methyloversatilis_discipulorum_A
Abundance	Nor_vs_Ca	Boruta_RF	17	Ca-7	boruta	Methyloversatilis_thermotolerans	Methyloversatilis_thermotolerans
Abundance	Nor_vs_Ca	Boruta_RF	17	Ca-7	boruta	Methyloversatilis_universalis	Methyloversatilis_universalis
Abundance	Nor_vs_Ca	Boruta_RF	17	Ca-7	boruta	Methyloversatilis_universalis_A	Methyloversatilis_universalis_A
Abundance	Nor_vs_Ca	Boruta_RF	17	Ca-7	boruta	Escherichia_coli	Escherichia_coli
Abundance	Nor_vs_Ca	Boruta_RF	17	Ca-7	boruta	Salmonella_enterica	Salmonella_enterica
Abundance	Nor_vs_Ca	Boruta_RF	17	Ca-7	boruta	Acinetobacter_baumannii	Acinetobacter_baumannii
Abundance	Nor_vs_Ca	Boruta_RF	17	Ca-7	boruta	Pseudomonas_aeruginosa	Pseudomonas_aeruginosa
Abundance	Nor_vs_Ca	Boruta_RF	18	Nor-12	boruta	Obscuribacter_phosphatis	Obscuribacter_phosphatis
Abundance	Nor_vs_Ca	Boruta_RF	18	Nor-12	boruta	Bacillus_A_bombysepticus	Bacillus_A_bombysepticus
Abundance	Nor_vs_Ca	Boruta_RF	18	Nor-12	boruta	Brevibacillus_agri	Brevibacillus_agri
Abundance	Nor_vs_Ca	Boruta_RF	18	Nor-12	boruta	JACESI01_sp013911885	JACESI01_sp013911885
Abundance	Nor_vs_Ca	Boruta_RF	18	Nor-12	boruta	Frigidibacter_sp002423245	Frigidibacter_sp002423245
Abundance	Nor_vs_Ca	Boruta_RF	18	Nor-12	boruta	Erythrobacter_colymbi	Erythrobacter_colymbi
Abundance	Nor_vs_Ca	Boruta_RF	18	Nor-12	boruta	Erythrobacter_cryptus	Erythrobacter_cryptus
Abundance	Nor_vs_Ca	Boruta_RF	18	Nor-12	boruta	Sphingobium_fontiphilum	Sphingobium_fontiphilum
Abundance	Nor_vs_Ca	Boruta_RF	18	Nor-12	boruta	Sphingomonas_sp001557215	Sphingomonas_sp001557215
Abundance	Nor_vs_Ca	Boruta_RF	18	Nor-12	boruta	Comamonas_acidovorans	Comamonas_acidovorans
Abundance	Nor_vs_Ca	Boruta_RF	18	Nor-12	boruta	Zhizhongheella_caldifontis	Zhizhongheella_caldifontis
Abundance	Nor_vs_Ca	Boruta_RF	18	Nor-12	boruta	Methyloversatilis_discipulorum	Methyloversatilis_discipulorum
Abundance	Nor_vs_Ca	Boruta_RF	18	Nor-12	boruta	Methyloversatilis_discipulorum_A	Methyloversatilis_discipulorum_A
Abundance	Nor_vs_Ca	Boruta_RF	18	Nor-12	boruta	Methyloversatilis_thermotolerans	Methyloversatilis_thermotolerans
Abundance	Nor_vs_Ca	Boruta_RF	18	Nor-12	boruta	Methyloversatilis_universalis	Methyloversatilis_universalis
Abundance	Nor_vs_Ca	Boruta_RF	18	Nor-12	boruta	Methyloversatilis_universalis_A	Methyloversatilis_universalis_A
Abundance	Nor_vs_Ca	Boruta_RF	18	Nor-12	boruta	Acinetobacter_baumannii	Acinetobacter_baumannii
Abundance	Nor_vs_Ca	Boruta_RF	18	Nor-12	boruta	Pseudomonas_aeruginosa	Pseudomonas_aeruginosa
Abundance	Nor_vs_Ca	Boruta_RF	18	Nor-12	boruta	Arenimonas_sp003241895	Arenimonas_sp003241895
Abundance	Nor_vs_Ca	Boruta_RF	19	Nor-6	boruta	Pseudarthrobacter_polychromogenes	Pseudarthrobacter_polychromogenes
Abundance	Nor_vs_Ca	Boruta_RF	19	Nor-6	boruta	Obscuribacter_phosphatis	Obscuribacter_phosphatis
Abundance	Nor_vs_Ca	Boruta_RF	19	Nor-6	boruta	Bacillus_A_bombysepticus	Bacillus_A_bombysepticus
Abundance	Nor_vs_Ca	Boruta_RF	19	Nor-6	boruta	Bacillus_A_cereus	Bacillus_A_cereus
Abundance	Nor_vs_Ca	Boruta_RF	19	Nor-6	boruta	Brevibacillus_agri	Brevibacillus_agri
Abundance	Nor_vs_Ca	Boruta_RF	19	Nor-6	boruta	Lactococcus_petauri	Lactococcus_petauri
Abundance	Nor_vs_Ca	Boruta_RF	19	Nor-6	boruta	Streptococcus_mutans	Streptococcus_mutans
Abundance	Nor_vs_Ca	Boruta_RF	19	Nor-6	boruta	Staphylococcus_aureus	Staphylococcus_aureus
Abundance	Nor_vs_Ca	Boruta_RF	19	Nor-6	boruta	JACESI01_sp013911885	JACESI01_sp013911885
Abundance	Nor_vs_Ca	Boruta_RF	19	Nor-6	boruta	Frigidibacter_sp002423245	Frigidibacter_sp002423245
Abundance	Nor_vs_Ca	Boruta_RF	19	Nor-6	boruta	Erythrobacter_colymbi	Erythrobacter_colymbi
Abundance	Nor_vs_Ca	Boruta_RF	19	Nor-6	boruta	Erythrobacter_cryptus	Erythrobacter_cryptus
Abundance	Nor_vs_Ca	Boruta_RF	19	Nor-6	boruta	Sphingobium_fontiphilum	Sphingobium_fontiphilum
Abundance	Nor_vs_Ca	Boruta_RF	19	Nor-6	boruta	Sphingomonas_sp001557215	Sphingomonas_sp001557215
Abundance	Nor_vs_Ca	Boruta_RF	19	Nor-6	boruta	Comamonas_acidovorans	Comamonas_acidovorans
Abundance	Nor_vs_Ca	Boruta_RF	19	Nor-6	boruta	Zhizhongheella_caldifontis	Zhizhongheella_caldifontis
Abundance	Nor_vs_Ca	Boruta_RF	19	Nor-6	boruta	Methyloversatilis_discipulorum	Methyloversatilis_discipulorum
Abundance	Nor_vs_Ca	Boruta_RF	19	Nor-6	boruta	Methyloversatilis_discipulorum_A	Methyloversatilis_discipulorum_A
Abundance	Nor_vs_Ca	Boruta_RF	19	Nor-6	boruta	Methyloversatilis_thermotolerans	Methyloversatilis_thermotolerans
Abundance	Nor_vs_Ca	Boruta_RF	19	Nor-6	boruta	Methyloversatilis_universalis	Methyloversatilis_universalis
Abundance	Nor_vs_Ca	Boruta_RF	19	Nor-6	boruta	Methyloversatilis_universalis_A	Methyloversatilis_universalis_A
Abundance	Nor_vs_Ca	Boruta_RF	19	Nor-6	boruta	Salmonella_enterica	Salmonella_enterica
Abundance	Nor_vs_Ca	Boruta_RF	19	Nor-6	boruta	Acinetobacter_baumannii	Acinetobacter_baumannii
Abundance	Nor_vs_Ca	Boruta_RF	19	Nor-6	boruta	Pseudomonas_aeruginosa	Pseudomonas_aeruginosa
Abundance	Nor_vs_Ca	Boruta_RF	19	Nor-6	boruta	Arenimonas_sp003241895	Arenimonas_sp003241895
Abundance	Nor_vs_Ca	Boruta_RF	19	Nor-6	boruta	Stenotrophomonas_maltophilia_Q	Stenotrophomonas_maltophilia_Q
Abundance	Nor_vs_Ca	Boruta_RF	20	Ca-6	boruta	Obscuribacter_phosphatis	Obscuribacter_phosphatis
Abundance	Nor_vs_Ca	Boruta_RF	20	Ca-6	boruta	Bacillus_A_bombysepticus	Bacillus_A_bombysepticus
Abundance	Nor_vs_Ca	Boruta_RF	20	Ca-6	boruta	Bacillus_A_cereus	Bacillus_A_cereus
Abundance	Nor_vs_Ca	Boruta_RF	20	Ca-6	boruta	Brevibacillus_agri	Brevibacillus_agri
Abundance	Nor_vs_Ca	Boruta_RF	20	Ca-6	boruta	Lactococcus_petauri	Lactococcus_petauri
Abundance	Nor_vs_Ca	Boruta_RF	20	Ca-6	boruta	Streptococcus_agalactiae	Streptococcus_agalactiae
Abundance	Nor_vs_Ca	Boruta_RF	20	Ca-6	boruta	Staphylococcus_aureus	Staphylococcus_aureus
Abundance	Nor_vs_Ca	Boruta_RF	20	Ca-6	boruta	JACESI01_sp013911885	JACESI01_sp013911885
Abundance	Nor_vs_Ca	Boruta_RF	20	Ca-6	boruta	Frigidibacter_sp002423245	Frigidibacter_sp002423245
Abundance	Nor_vs_Ca	Boruta_RF	20	Ca-6	boruta	Erythrobacter_colymbi	Erythrobacter_colymbi
Abundance	Nor_vs_Ca	Boruta_RF	20	Ca-6	boruta	Erythrobacter_cryptus	Erythrobacter_cryptus
Abundance	Nor_vs_Ca	Boruta_RF	20	Ca-6	boruta	Sphingobium_fontiphilum	Sphingobium_fontiphilum
Abundance	Nor_vs_Ca	Boruta_RF	20	Ca-6	boruta	Sphingomonas_sp001557215	Sphingomonas_sp001557215
Abundance	Nor_vs_Ca	Boruta_RF	20	Ca-6	boruta	Comamonas_acidovorans	Comamonas_acidovorans
Abundance	Nor_vs_Ca	Boruta_RF	20	Ca-6	boruta	Zhizhongheella_caldifontis	Zhizhongheella_caldifontis
Abundance	Nor_vs_Ca	Boruta_RF	20	Ca-6	boruta	Methyloversatilis_discipulorum	Methyloversatilis_discipulorum
Abundance	Nor_vs_Ca	Boruta_RF	20	Ca-6	boruta	Methyloversatilis_discipulorum_A	Methyloversatilis_discipulorum_A
Abundance	Nor_vs_Ca	Boruta_RF	20	Ca-6	boruta	Methyloversatilis_thermotolerans	Methyloversatilis_thermotolerans
Abundance	Nor_vs_Ca	Boruta_RF	20	Ca-6	boruta	Methyloversatilis_universalis	Methyloversatilis_universalis
Abundance	Nor_vs_Ca	Boruta_RF	20	Ca-6	boruta	Methyloversatilis_universalis_A	Methyloversatilis_universalis_A
Abundance	Nor_vs_Ca	Boruta_RF	20	Ca-6	boruta	Klebsiella_pneumoniae	Klebsiella_pneumoniae
Abundance	Nor_vs_Ca	Boruta_RF	20	Ca-6	boruta	Acinetobacter_baumannii	Acinetobacter_baumannii
Abundance	Nor_vs_Ca	Boruta_RF	20	Ca-6	boruta	Pseudomonas_aeruginosa	Pseudomonas_aeruginosa
Abundance	Nor_vs_Ca	Boruta_RF	20	Ca-6	boruta	Arenimonas_sp003241895	Arenimonas_sp003241895
Abundance	Nor_vs_Ca	Boruta_RF	21	Ca-12	boruta	Obscuribacter_phosphatis	Obscuribacter_phosphatis
Abundance	Nor_vs_Ca	Boruta_RF	21	Ca-12	boruta	Bacillus_A_bombysepticus	Bacillus_A_bombysepticus
Abundance	Nor_vs_Ca	Boruta_RF	21	Ca-12	boruta	Brevibacillus_agri	Brevibacillus_agri
Abundance	Nor_vs_Ca	Boruta_RF	21	Ca-12	boruta	Limosilactobacillus_fermentum	Limosilactobacillus_fermentum
Abundance	Nor_vs_Ca	Boruta_RF	21	Ca-12	boruta	Lactococcus_petauri	Lactococcus_petauri
Abundance	Nor_vs_Ca	Boruta_RF	21	Ca-12	boruta	Streptococcus_agalactiae	Streptococcus_agalactiae
Abundance	Nor_vs_Ca	Boruta_RF	21	Ca-12	boruta	Staphylococcus_aureus	Staphylococcus_aureus
Abundance	Nor_vs_Ca	Boruta_RF	21	Ca-12	boruta	JACESI01_sp013911885	JACESI01_sp013911885
Abundance	Nor_vs_Ca	Boruta_RF	21	Ca-12	boruta	Frigidibacter_sp002423245	Frigidibacter_sp002423245
Abundance	Nor_vs_Ca	Boruta_RF	21	Ca-12	boruta	Erythrobacter_colymbi	Erythrobacter_colymbi
Abundance	Nor_vs_Ca	Boruta_RF	21	Ca-12	boruta	Erythrobacter_cryptus	Erythrobacter_cryptus
Abundance	Nor_vs_Ca	Boruta_RF	21	Ca-12	boruta	Sphingobium_fontiphilum	Sphingobium_fontiphilum
Abundance	Nor_vs_Ca	Boruta_RF	21	Ca-12	boruta	Sphingomonas_sp001557215	Sphingomonas_sp001557215
Abundance	Nor_vs_Ca	Boruta_RF	21	Ca-12	boruta	Comamonas_acidovorans	Comamonas_acidovorans
Abundance	Nor_vs_Ca	Boruta_RF	21	Ca-12	boruta	Zhizhongheella_caldifontis	Zhizhongheella_caldifontis
Abundance	Nor_vs_Ca	Boruta_RF	21	Ca-12	boruta	Methyloversatilis_discipulorum	Methyloversatilis_discipulorum
Abundance	Nor_vs_Ca	Boruta_RF	21	Ca-12	boruta	Methyloversatilis_discipulorum_A	Methyloversatilis_discipulorum_A
Abundance	Nor_vs_Ca	Boruta_RF	21	Ca-12	boruta	Methyloversatilis_thermotolerans	Methyloversatilis_thermotolerans
Abundance	Nor_vs_Ca	Boruta_RF	21	Ca-12	boruta	Methyloversatilis_universalis	Methyloversatilis_universalis
Abundance	Nor_vs_Ca	Boruta_RF	21	Ca-12	boruta	Methyloversatilis_universalis_A	Methyloversatilis_universalis_A
Abundance	Nor_vs_Ca	Boruta_RF	21	Ca-12	boruta	Salmonella_enterica	Salmonella_enterica
Abundance	Nor_vs_Ca	Boruta_RF	21	Ca-12	boruta	Acinetobacter_baumannii	Acinetobacter_baumannii
Abundance	Nor_vs_Ca	Boruta_RF	21	Ca-12	boruta	Pseudomonas_aeruginosa	Pseudomonas_aeruginosa
Abundance	Nor_vs_Ca	Boruta_RF	21	Ca-12	boruta	Arenimonas_sp003241895	Arenimonas_sp003241895
Abundance	Nor_vs_Ca	Boruta_RF	22	Nor-15	boruta	Obscuribacter_phosphatis	Obscuribacter_phosphatis
Abundance	Nor_vs_Ca	Boruta_RF	22	Nor-15	boruta	Bacillus_A_bombysepticus	Bacillus_A_bombysepticus
Abundance	Nor_vs_Ca	Boruta_RF	22	Nor-15	boruta	Streptococcus_mutans	Streptococcus_mutans
Abundance	Nor_vs_Ca	Boruta_RF	22	Nor-15	boruta	Staphylococcus_aureus	Staphylococcus_aureus
Abundance	Nor_vs_Ca	Boruta_RF	22	Nor-15	boruta	JACESI01_sp013911885	JACESI01_sp013911885
Abundance	Nor_vs_Ca	Boruta_RF	22	Nor-15	boruta	Frigidibacter_sp002423245	Frigidibacter_sp002423245
Abundance	Nor_vs_Ca	Boruta_RF	22	Nor-15	boruta	Erythrobacter_colymbi	Erythrobacter_colymbi
Abundance	Nor_vs_Ca	Boruta_RF	22	Nor-15	boruta	Erythrobacter_cryptus	Erythrobacter_cryptus
Abundance	Nor_vs_Ca	Boruta_RF	22	Nor-15	boruta	Sphingobium_fontiphilum	Sphingobium_fontiphilum
Abundance	Nor_vs_Ca	Boruta_RF	22	Nor-15	boruta	Sphingomonas_sp001557215	Sphingomonas_sp001557215
Abundance	Nor_vs_Ca	Boruta_RF	22	Nor-15	boruta	Comamonas_acidovorans	Comamonas_acidovorans
Abundance	Nor_vs_Ca	Boruta_RF	22	Nor-15	boruta	Zhizhongheella_caldifontis	Zhizhongheella_caldifontis
Abundance	Nor_vs_Ca	Boruta_RF	22	Nor-15	boruta	Methyloversatilis_discipulorum	Methyloversatilis_discipulorum
Abundance	Nor_vs_Ca	Boruta_RF	22	Nor-15	boruta	Methyloversatilis_discipulorum_A	Methyloversatilis_discipulorum_A
Abundance	Nor_vs_Ca	Boruta_RF	22	Nor-15	boruta	Methyloversatilis_thermotolerans	Methyloversatilis_thermotolerans
Abundance	Nor_vs_Ca	Boruta_RF	22	Nor-15	boruta	Methyloversatilis_universalis	Methyloversatilis_universalis
Abundance	Nor_vs_Ca	Boruta_RF	22	Nor-15	boruta	Methyloversatilis_universalis_A	Methyloversatilis_universalis_A
Abundance	Nor_vs_Ca	Boruta_RF	22	Nor-15	boruta	Klebsiella_pneumoniae	Klebsiella_pneumoniae
Abundance	Nor_vs_Ca	Boruta_RF	22	Nor-15	boruta	Acinetobacter_baumannii	Acinetobacter_baumannii
Abundance	Nor_vs_Ca	Boruta_RF	22	Nor-15	boruta	Pseudomonas_aeruginosa	Pseudomonas_aeruginosa
Abundance	Nor_vs_Ca	Boruta_RF	22	Nor-15	boruta	Arenimonas_sp003241895	Arenimonas_sp003241895
Abundance	Nor_vs_Ca	Boruta_RF	23	Nor-9	boruta	Obscuribacter_phosphatis	Obscuribacter_phosphatis
Abundance	Nor_vs_Ca	Boruta_RF	23	Nor-9	boruta	Bacillus_A_bombysepticus	Bacillus_A_bombysepticus
Abundance	Nor_vs_Ca	Boruta_RF	23	Nor-9	boruta	Brevibacillus_agri	Brevibacillus_agri
Abundance	Nor_vs_Ca	Boruta_RF	23	Nor-9	boruta	Limosilactobacillus_fermentum	Limosilactobacillus_fermentum
Abundance	Nor_vs_Ca	Boruta_RF	23	Nor-9	boruta	Streptococcus_agalactiae	Streptococcus_agalactiae
Abundance	Nor_vs_Ca	Boruta_RF	23	Nor-9	boruta	Staphylococcus_aureus	Staphylococcus_aureus
Abundance	Nor_vs_Ca	Boruta_RF	23	Nor-9	boruta	JACESI01_sp013911885	JACESI01_sp013911885
Abundance	Nor_vs_Ca	Boruta_RF	23	Nor-9	boruta	Frigidibacter_sp002423245	Frigidibacter_sp002423245
Abundance	Nor_vs_Ca	Boruta_RF	23	Nor-9	boruta	Erythrobacter_colymbi	Erythrobacter_colymbi
Abundance	Nor_vs_Ca	Boruta_RF	23	Nor-9	boruta	Erythrobacter_cryptus	Erythrobacter_cryptus
Abundance	Nor_vs_Ca	Boruta_RF	23	Nor-9	boruta	Sphingobium_fontiphilum	Sphingobium_fontiphilum
Abundance	Nor_vs_Ca	Boruta_RF	23	Nor-9	boruta	Sphingomonas_sp001557215	Sphingomonas_sp001557215
Abundance	Nor_vs_Ca	Boruta_RF	23	Nor-9	boruta	Comamonas_acidovorans	Comamonas_acidovorans
Abundance	Nor_vs_Ca	Boruta_RF	23	Nor-9	boruta	Zhizhongheella_caldifontis	Zhizhongheella_caldifontis
Abundance	Nor_vs_Ca	Boruta_RF	23	Nor-9	boruta	Methyloversatilis_discipulorum	Methyloversatilis_discipulorum
Abundance	Nor_vs_Ca	Boruta_RF	23	Nor-9	boruta	Methyloversatilis_discipulorum_A	Methyloversatilis_discipulorum_A
Abundance	Nor_vs_Ca	Boruta_RF	23	Nor-9	boruta	Methyloversatilis_thermotolerans	Methyloversatilis_thermotolerans
Abundance	Nor_vs_Ca	Boruta_RF	23	Nor-9	boruta	Methyloversatilis_universalis	Methyloversatilis_universalis
Abundance	Nor_vs_Ca	Boruta_RF	23	Nor-9	boruta	Methyloversatilis_universalis_A	Methyloversatilis_universalis_A
Abundance	Nor_vs_Ca	Boruta_RF	23	Nor-9	boruta	Salmonella_enterica	Salmonella_enterica
Abundance	Nor_vs_Ca	Boruta_RF	23	Nor-9	boruta	Acinetobacter_baumannii	Acinetobacter_baumannii
Abundance	Nor_vs_Ca	Boruta_RF	23	Nor-9	boruta	Pseudomonas_aeruginosa	Pseudomonas_aeruginosa
Abundance	Nor_vs_Ca	Boruta_RF	23	Nor-9	boruta	Arenimonas_sp003241895	Arenimonas_sp003241895
Abundance	Nor_vs_Ca	Boruta_RF	24	Ca-8	boruta	Nocardia_cyriacigeorgica_D	Nocardia_cyriacigeorgica_D
Abundance	Nor_vs_Ca	Boruta_RF	24	Ca-8	boruta	Obscuribacter_phosphatis	Obscuribacter_phosphatis
Abundance	Nor_vs_Ca	Boruta_RF	24	Ca-8	boruta	Bacillus_A_bombysepticus	Bacillus_A_bombysepticus
Abundance	Nor_vs_Ca	Boruta_RF	24	Ca-8	boruta	Brevibacillus_agri	Brevibacillus_agri
Abundance	Nor_vs_Ca	Boruta_RF	24	Ca-8	boruta	Limosilactobacillus_fermentum	Limosilactobacillus_fermentum
Abundance	Nor_vs_Ca	Boruta_RF	24	Ca-8	boruta	Lactococcus_petauri	Lactococcus_petauri
Abundance	Nor_vs_Ca	Boruta_RF	24	Ca-8	boruta	Streptococcus_mutans	Streptococcus_mutans
Abundance	Nor_vs_Ca	Boruta_RF	24	Ca-8	boruta	Staphylococcus_aureus	Staphylococcus_aureus
Abundance	Nor_vs_Ca	Boruta_RF	24	Ca-8	boruta	JACESI01_sp013911885	JACESI01_sp013911885
Abundance	Nor_vs_Ca	Boruta_RF	24	Ca-8	boruta	Frigidibacter_sp002423245	Frigidibacter_sp002423245
Abundance	Nor_vs_Ca	Boruta_RF	24	Ca-8	boruta	Erythrobacter_colymbi	Erythrobacter_colymbi
Abundance	Nor_vs_Ca	Boruta_RF	24	Ca-8	boruta	Erythrobacter_cryptus	Erythrobacter_cryptus
Abundance	Nor_vs_Ca	Boruta_RF	24	Ca-8	boruta	Sphingobium_fontiphilum	Sphingobium_fontiphilum
Abundance	Nor_vs_Ca	Boruta_RF	24	Ca-8	boruta	Sphingomonas_sp001557215	Sphingomonas_sp001557215
Abundance	Nor_vs_Ca	Boruta_RF	24	Ca-8	boruta	Comamonas_acidovorans	Comamonas_acidovorans
Abundance	Nor_vs_Ca	Boruta_RF	24	Ca-8	boruta	Zhizhongheella_caldifontis	Zhizhongheella_caldifontis
Abundance	Nor_vs_Ca	Boruta_RF	24	Ca-8	boruta	Methyloversatilis_discipulorum	Methyloversatilis_discipulorum
Abundance	Nor_vs_Ca	Boruta_RF	24	Ca-8	boruta	Methyloversatilis_discipulorum_A	Methyloversatilis_discipulorum_A
Abundance	Nor_vs_Ca	Boruta_RF	24	Ca-8	boruta	Methyloversatilis_thermotolerans	Methyloversatilis_thermotolerans
Abundance	Nor_vs_Ca	Boruta_RF	24	Ca-8	boruta	Methyloversatilis_universalis	Methyloversatilis_universalis
Abundance	Nor_vs_Ca	Boruta_RF	24	Ca-8	boruta	Methyloversatilis_universalis_A	Methyloversatilis_universalis_A
Abundance	Nor_vs_Ca	Boruta_RF	24	Ca-8	boruta	Acinetobacter_baumannii	Acinetobacter_baumannii
Abundance	Nor_vs_Ca	Boruta_RF	24	Ca-8	boruta	Pseudomonas_aeruginosa	Pseudomonas_aeruginosa
Abundance	Nor_vs_Ca	Boruta_RF	24	Ca-8	boruta	Arenimonas_sp003241895	Arenimonas_sp003241895
Abundance	Nor_vs_Ca	Boruta_RF	25	Ca-2	boruta	Nocardia_cyriacigeorgica_D	Nocardia_cyriacigeorgica_D
Abundance	Nor_vs_Ca	Boruta_RF	25	Ca-2	boruta	Obscuribacter_phosphatis	Obscuribacter_phosphatis
Abundance	Nor_vs_Ca	Boruta_RF	25	Ca-2	boruta	Bacillus_A_bombysepticus	Bacillus_A_bombysepticus
Abundance	Nor_vs_Ca	Boruta_RF	25	Ca-2	boruta	Bacillus_A_cereus	Bacillus_A_cereus
Abundance	Nor_vs_Ca	Boruta_RF	25	Ca-2	boruta	Brevibacillus_agri	Brevibacillus_agri
Abundance	Nor_vs_Ca	Boruta_RF	25	Ca-2	boruta	Lactococcus_petauri	Lactococcus_petauri
Abundance	Nor_vs_Ca	Boruta_RF	25	Ca-2	boruta	Ferrovibrio_sp002796975	Ferrovibrio_sp002796975
Abundance	Nor_vs_Ca	Boruta_RF	25	Ca-2	boruta	JACESI01_sp013911885	JACESI01_sp013911885
Abundance	Nor_vs_Ca	Boruta_RF	25	Ca-2	boruta	Frigidibacter_sp002423245	Frigidibacter_sp002423245
Abundance	Nor_vs_Ca	Boruta_RF	25	Ca-2	boruta	Erythrobacter_colymbi	Erythrobacter_colymbi
Abundance	Nor_vs_Ca	Boruta_RF	25	Ca-2	boruta	Erythrobacter_cryptus	Erythrobacter_cryptus
Abundance	Nor_vs_Ca	Boruta_RF	25	Ca-2	boruta	Sphingobium_fontiphilum	Sphingobium_fontiphilum
Abundance	Nor_vs_Ca	Boruta_RF	25	Ca-2	boruta	Sphingomonas_sp001557215	Sphingomonas_sp001557215
Abundance	Nor_vs_Ca	Boruta_RF	25	Ca-2	boruta	Caballeronia_sordidicola_A	Caballeronia_sordidicola_A
Abundance	Nor_vs_Ca	Boruta_RF	25	Ca-2	boruta	Comamonas_acidovorans	Comamonas_acidovorans
Abundance	Nor_vs_Ca	Boruta_RF	25	Ca-2	boruta	Zhizhongheella_caldifontis	Zhizhongheella_caldifontis
Abundance	Nor_vs_Ca	Boruta_RF	25	Ca-2	boruta	Methyloversatilis_discipulorum	Methyloversatilis_discipulorum
Abundance	Nor_vs_Ca	Boruta_RF	25	Ca-2	boruta	Methyloversatilis_discipulorum_A	Methyloversatilis_discipulorum_A
Abundance	Nor_vs_Ca	Boruta_RF	25	Ca-2	boruta	Methyloversatilis_thermotolerans	Methyloversatilis_thermotolerans
Abundance	Nor_vs_Ca	Boruta_RF	25	Ca-2	boruta	Methyloversatilis_universalis	Methyloversatilis_universalis
Abundance	Nor_vs_Ca	Boruta_RF	25	Ca-2	boruta	Methyloversatilis_universalis_A	Methyloversatilis_universalis_A
Abundance	Nor_vs_Ca	Boruta_RF	25	Ca-2	boruta	Acinetobacter_baumannii	Acinetobacter_baumannii
Abundance	Nor_vs_Ca	Boruta_RF	25	Ca-2	boruta	Pseudomonas_aeruginosa	Pseudomonas_aeruginosa
Abundance	Nor_vs_Ca	Boruta_RF	25	Ca-2	boruta	Arenimonas_sp003241895	Arenimonas_sp003241895
Abundance	Nor_vs_Ca	Boruta_RF	26	Nor-3	boruta	Pseudarthrobacter_polychromogenes	Pseudarthrobacter_polychromogenes
Abundance	Nor_vs_Ca	Boruta_RF	26	Nor-3	boruta	Obscuribacter_phosphatis	Obscuribacter_phosphatis
Abundance	Nor_vs_Ca	Boruta_RF	26	Nor-3	boruta	Bacillus_A_bombysepticus	Bacillus_A_bombysepticus
Abundance	Nor_vs_Ca	Boruta_RF	26	Nor-3	boruta	Brevibacillus_agri	Brevibacillus_agri
Abundance	Nor_vs_Ca	Boruta_RF	26	Nor-3	boruta	Lactococcus_petauri	Lactococcus_petauri
Abundance	Nor_vs_Ca	Boruta_RF	26	Nor-3	boruta	Streptococcus_mutans	Streptococcus_mutans
Abundance	Nor_vs_Ca	Boruta_RF	26	Nor-3	boruta	Staphylococcus_aureus	Staphylococcus_aureus
Abundance	Nor_vs_Ca	Boruta_RF	26	Nor-3	boruta	JACESI01_sp013911885	JACESI01_sp013911885
Abundance	Nor_vs_Ca	Boruta_RF	26	Nor-3	boruta	Frigidibacter_sp002423245	Frigidibacter_sp002423245
Abundance	Nor_vs_Ca	Boruta_RF	26	Nor-3	boruta	Erythrobacter_colymbi	Erythrobacter_colymbi
Abundance	Nor_vs_Ca	Boruta_RF	26	Nor-3	boruta	Erythrobacter_cryptus	Erythrobacter_cryptus
Abundance	Nor_vs_Ca	Boruta_RF	26	Nor-3	boruta	Sphingobium_fontiphilum	Sphingobium_fontiphilum
Abundance	Nor_vs_Ca	Boruta_RF	26	Nor-3	boruta	Sphingomonas_sp001557215	Sphingomonas_sp001557215
Abundance	Nor_vs_Ca	Boruta_RF	26	Nor-3	boruta	Comamonas_acidovorans	Comamonas_acidovorans
Abundance	Nor_vs_Ca	Boruta_RF	26	Nor-3	boruta	Zhizhongheella_caldifontis	Zhizhongheella_caldifontis
Abundance	Nor_vs_Ca	Boruta_RF	26	Nor-3	boruta	Methyloversatilis_discipulorum	Methyloversatilis_discipulorum
Abundance	Nor_vs_Ca	Boruta_RF	26	Nor-3	boruta	Methyloversatilis_discipulorum_A	Methyloversatilis_discipulorum_A
Abundance	Nor_vs_Ca	Boruta_RF	26	Nor-3	boruta	Methyloversatilis_thermotolerans	Methyloversatilis_thermotolerans
Abundance	Nor_vs_Ca	Boruta_RF	26	Nor-3	boruta	Methyloversatilis_universalis	Methyloversatilis_universalis
Abundance	Nor_vs_Ca	Boruta_RF	26	Nor-3	boruta	Methyloversatilis_universalis_A	Methyloversatilis_universalis_A
Abundance	Nor_vs_Ca	Boruta_RF	26	Nor-3	boruta	Acinetobacter_baumannii	Acinetobacter_baumannii
Abundance	Nor_vs_Ca	Boruta_RF	26	Nor-3	boruta	Pseudomonas_aeruginosa	Pseudomonas_aeruginosa
Abundance	Nor_vs_Ca	Boruta_RF	26	Nor-3	boruta	Arenimonas_sp003241895	Arenimonas_sp003241895
Abundance	Nor_vs_Ca	Boruta_RF	27	Nor-5	boruta	Pseudarthrobacter_polychromogenes	Pseudarthrobacter_polychromogenes
Abundance	Nor_vs_Ca	Boruta_RF	27	Nor-5	boruta	Obscuribacter_phosphatis	Obscuribacter_phosphatis
Abundance	Nor_vs_Ca	Boruta_RF	27	Nor-5	boruta	Bacillus_A_bombysepticus	Bacillus_A_bombysepticus
Abundance	Nor_vs_Ca	Boruta_RF	27	Nor-5	boruta	Bacillus_A_cereus	Bacillus_A_cereus
Abundance	Nor_vs_Ca	Boruta_RF	27	Nor-5	boruta	Brevibacillus_agri	Brevibacillus_agri
Abundance	Nor_vs_Ca	Boruta_RF	27	Nor-5	boruta	Limosilactobacillus_fermentum	Limosilactobacillus_fermentum
Abundance	Nor_vs_Ca	Boruta_RF	27	Nor-5	boruta	Lactococcus_petauri	Lactococcus_petauri
Abundance	Nor_vs_Ca	Boruta_RF	27	Nor-5	boruta	Streptococcus_agalactiae	Streptococcus_agalactiae
Abundance	Nor_vs_Ca	Boruta_RF	27	Nor-5	boruta	Staphylococcus_aureus	Staphylococcus_aureus
Abundance	Nor_vs_Ca	Boruta_RF	27	Nor-5	boruta	JACESI01_sp013911885	JACESI01_sp013911885
Abundance	Nor_vs_Ca	Boruta_RF	27	Nor-5	boruta	Frigidibacter_sp002423245	Frigidibacter_sp002423245
Abundance	Nor_vs_Ca	Boruta_RF	27	Nor-5	boruta	Erythrobacter_colymbi	Erythrobacter_colymbi
Abundance	Nor_vs_Ca	Boruta_RF	27	Nor-5	boruta	Erythrobacter_cryptus	Erythrobacter_cryptus
Abundance	Nor_vs_Ca	Boruta_RF	27	Nor-5	boruta	Sphingobium_fontiphilum	Sphingobium_fontiphilum
Abundance	Nor_vs_Ca	Boruta_RF	27	Nor-5	boruta	Sphingomonas_sp001557215	Sphingomonas_sp001557215
Abundance	Nor_vs_Ca	Boruta_RF	27	Nor-5	boruta	Comamonas_acidovorans	Comamonas_acidovorans
Abundance	Nor_vs_Ca	Boruta_RF	27	Nor-5	boruta	Zhizhongheella_caldifontis	Zhizhongheella_caldifontis
Abundance	Nor_vs_Ca	Boruta_RF	27	Nor-5	boruta	Methyloversatilis_discipulorum	Methyloversatilis_discipulorum
Abundance	Nor_vs_Ca	Boruta_RF	27	Nor-5	boruta	Methyloversatilis_discipulorum_A	Methyloversatilis_discipulorum_A
Abundance	Nor_vs_Ca	Boruta_RF	27	Nor-5	boruta	Methyloversatilis_thermotolerans	Methyloversatilis_thermotolerans
Abundance	Nor_vs_Ca	Boruta_RF	27	Nor-5	boruta	Methyloversatilis_universalis	Methyloversatilis_universalis
Abundance	Nor_vs_Ca	Boruta_RF	27	Nor-5	boruta	Methyloversatilis_universalis_A	Methyloversatilis_universalis_A
Abundance	Nor_vs_Ca	Boruta_RF	27	Nor-5	boruta	Klebsiella_pneumoniae	Klebsiella_pneumoniae
Abundance	Nor_vs_Ca	Boruta_RF	27	Nor-5	boruta	Acinetobacter_baumannii	Acinetobacter_baumannii
Abundance	Nor_vs_Ca	Boruta_RF	27	Nor-5	boruta	Pseudomonas_aeruginosa	Pseudomonas_aeruginosa
Abundance	Nor_vs_Ca	Boruta_RF	27	Nor-5	boruta	Arenimonas_sp003241895	Arenimonas_sp003241895
Abundance	Nor_vs_Ca	Boruta_RF	28	Nor-8	boruta	Pseudarthrobacter_polychromogenes	Pseudarthrobacter_polychromogenes
Abundance	Nor_vs_Ca	Boruta_RF	28	Nor-8	boruta	Obscuribacter_phosphatis	Obscuribacter_phosphatis
Abundance	Nor_vs_Ca	Boruta_RF	28	Nor-8	boruta	Bacillus_A_bombysepticus	Bacillus_A_bombysepticus
Abundance	Nor_vs_Ca	Boruta_RF	28	Nor-8	boruta	Bacillus_A_cereus	Bacillus_A_cereus
Abundance	Nor_vs_Ca	Boruta_RF	28	Nor-8	boruta	Brevibacillus_agri	Brevibacillus_agri
Abundance	Nor_vs_Ca	Boruta_RF	28	Nor-8	boruta	Limosilactobacillus_fermentum	Limosilactobacillus_fermentum
Abundance	Nor_vs_Ca	Boruta_RF	28	Nor-8	boruta	Lactococcus_petauri	Lactococcus_petauri
Abundance	Nor_vs_Ca	Boruta_RF	28	Nor-8	boruta	Streptococcus_agalactiae	Streptococcus_agalactiae
Abundance	Nor_vs_Ca	Boruta_RF	28	Nor-8	boruta	Streptococcus_mutans	Streptococcus_mutans
Abundance	Nor_vs_Ca	Boruta_RF	28	Nor-8	boruta	Staphylococcus_aureus	Staphylococcus_aureus
Abundance	Nor_vs_Ca	Boruta_RF	28	Nor-8	boruta	JACESI01_sp013911885	JACESI01_sp013911885
Abundance	Nor_vs_Ca	Boruta_RF	28	Nor-8	boruta	Frigidibacter_sp002423245	Frigidibacter_sp002423245
Abundance	Nor_vs_Ca	Boruta_RF	28	Nor-8	boruta	Erythrobacter_colymbi	Erythrobacter_colymbi
Abundance	Nor_vs_Ca	Boruta_RF	28	Nor-8	boruta	Erythrobacter_cryptus	Erythrobacter_cryptus
Abundance	Nor_vs_Ca	Boruta_RF	28	Nor-8	boruta	Sphingobium_fontiphilum	Sphingobium_fontiphilum
Abundance	Nor_vs_Ca	Boruta_RF	28	Nor-8	boruta	Sphingomonas_sp001557215	Sphingomonas_sp001557215
Abundance	Nor_vs_Ca	Boruta_RF	28	Nor-8	boruta	Comamonas_acidovorans	Comamonas_acidovorans
Abundance	Nor_vs_Ca	Boruta_RF	28	Nor-8	boruta	Zhizhongheella_caldifontis	Zhizhongheella_caldifontis
Abundance	Nor_vs_Ca	Boruta_RF	28	Nor-8	boruta	Methyloversatilis_discipulorum	Methyloversatilis_discipulorum
Abundance	Nor_vs_Ca	Boruta_RF	28	Nor-8	boruta	Methyloversatilis_discipulorum_A	Methyloversatilis_discipulorum_A
Abundance	Nor_vs_Ca	Boruta_RF	28	Nor-8	boruta	Methyloversatilis_thermotolerans	Methyloversatilis_thermotolerans
Abundance	Nor_vs_Ca	Boruta_RF	28	Nor-8	boruta	Methyloversatilis_universalis	Methyloversatilis_universalis
Abundance	Nor_vs_Ca	Boruta_RF	28	Nor-8	boruta	Methyloversatilis_universalis_A	Methyloversatilis_universalis_A
Abundance	Nor_vs_Ca	Boruta_RF	28	Nor-8	boruta	Acinetobacter_baumannii	Acinetobacter_baumannii
Abundance	Nor_vs_Ca	Boruta_RF	28	Nor-8	boruta	Pseudomonas_aeruginosa	Pseudomonas_aeruginosa
Abundance	Nor_vs_Ca	Boruta_RF	28	Nor-8	boruta	Arenimonas_sp003241895	Arenimonas_sp003241895
Abundance	Nor_vs_Ca	Boruta_RF	29	Ca-15	boruta	Obscuribacter_phosphatis	Obscuribacter_phosphatis
Abundance	Nor_vs_Ca	Boruta_RF	29	Ca-15	boruta	Bacillus_A_bombysepticus	Bacillus_A_bombysepticus
Abundance	Nor_vs_Ca	Boruta_RF	29	Ca-15	boruta	Brevibacillus_agri	Brevibacillus_agri
Abundance	Nor_vs_Ca	Boruta_RF	29	Ca-15	boruta	Limosilactobacillus_fermentum	Limosilactobacillus_fermentum
Abundance	Nor_vs_Ca	Boruta_RF	29	Ca-15	boruta	Streptococcus_agalactiae	Streptococcus_agalactiae
Abundance	Nor_vs_Ca	Boruta_RF	29	Ca-15	boruta	Streptococcus_mutans	Streptococcus_mutans
Abundance	Nor_vs_Ca	Boruta_RF	29	Ca-15	boruta	Staphylococcus_aureus	Staphylococcus_aureus
Abundance	Nor_vs_Ca	Boruta_RF	29	Ca-15	boruta	JACESI01_sp013911885	JACESI01_sp013911885
Abundance	Nor_vs_Ca	Boruta_RF	29	Ca-15	boruta	Frigidibacter_sp002423245	Frigidibacter_sp002423245
Abundance	Nor_vs_Ca	Boruta_RF	29	Ca-15	boruta	Erythrobacter_colymbi	Erythrobacter_colymbi
Abundance	Nor_vs_Ca	Boruta_RF	29	Ca-15	boruta	Erythrobacter_cryptus	Erythrobacter_cryptus
Abundance	Nor_vs_Ca	Boruta_RF	29	Ca-15	boruta	Sphingobium_fontiphilum	Sphingobium_fontiphilum
Abundance	Nor_vs_Ca	Boruta_RF	29	Ca-15	boruta	Sphingomonas_sp001557215	Sphingomonas_sp001557215
Abundance	Nor_vs_Ca	Boruta_RF	29	Ca-15	boruta	Comamonas_acidovorans	Comamonas_acidovorans
Abundance	Nor_vs_Ca	Boruta_RF	29	Ca-15	boruta	Zhizhongheella_caldifontis	Zhizhongheella_caldifontis
Abundance	Nor_vs_Ca	Boruta_RF	29	Ca-15	boruta	Methyloversatilis_discipulorum	Methyloversatilis_discipulorum
Abundance	Nor_vs_Ca	Boruta_RF	29	Ca-15	boruta	Methyloversatilis_discipulorum_A	Methyloversatilis_discipulorum_A
Abundance	Nor_vs_Ca	Boruta_RF	29	Ca-15	boruta	Methyloversatilis_thermotolerans	Methyloversatilis_thermotolerans
Abundance	Nor_vs_Ca	Boruta_RF	29	Ca-15	boruta	Methyloversatilis_universalis	Methyloversatilis_universalis
Abundance	Nor_vs_Ca	Boruta_RF	29	Ca-15	boruta	Methyloversatilis_universalis_A	Methyloversatilis_universalis_A
Abundance	Nor_vs_Ca	Boruta_RF	29	Ca-15	boruta	Klebsiella_pneumoniae	Klebsiella_pneumoniae
Abundance	Nor_vs_Ca	Boruta_RF	29	Ca-15	boruta	Acinetobacter_baumannii	Acinetobacter_baumannii
Abundance	Nor_vs_Ca	Boruta_RF	29	Ca-15	boruta	Pseudomonas_aeruginosa	Pseudomonas_aeruginosa
Abundance	Nor_vs_Ca	Boruta_RF	29	Ca-15	boruta	Arenimonas_sp003241895	Arenimonas_sp003241895
Abundance	Nor_vs_Ca	Boruta_RF	30	Nor-2	boruta	Obscuribacter_phosphatis	Obscuribacter_phosphatis
Abundance	Nor_vs_Ca	Boruta_RF	30	Nor-2	boruta	Bacillus_A_bombysepticus	Bacillus_A_bombysepticus
Abundance	Nor_vs_Ca	Boruta_RF	30	Nor-2	boruta	Brevibacillus_agri	Brevibacillus_agri
Abundance	Nor_vs_Ca	Boruta_RF	30	Nor-2	boruta	JACESI01_sp013911885	JACESI01_sp013911885
Abundance	Nor_vs_Ca	Boruta_RF	30	Nor-2	boruta	Frigidibacter_sp002423245	Frigidibacter_sp002423245
Abundance	Nor_vs_Ca	Boruta_RF	30	Nor-2	boruta	Erythrobacter_colymbi	Erythrobacter_colymbi
Abundance	Nor_vs_Ca	Boruta_RF	30	Nor-2	boruta	Erythrobacter_cryptus	Erythrobacter_cryptus
Abundance	Nor_vs_Ca	Boruta_RF	30	Nor-2	boruta	Sphingobium_fontiphilum	Sphingobium_fontiphilum
Abundance	Nor_vs_Ca	Boruta_RF	30	Nor-2	boruta	Sphingomonas_sp001557215	Sphingomonas_sp001557215
Abundance	Nor_vs_Ca	Boruta_RF	30	Nor-2	boruta	Comamonas_acidovorans	Comamonas_acidovorans
Abundance	Nor_vs_Ca	Boruta_RF	30	Nor-2	boruta	Zhizhongheella_caldifontis	Zhizhongheella_caldifontis
Abundance	Nor_vs_Ca	Boruta_RF	30	Nor-2	boruta	Methyloversatilis_discipulorum	Methyloversatilis_discipulorum
Abundance	Nor_vs_Ca	Boruta_RF	30	Nor-2	boruta	Methyloversatilis_discipulorum_A	Methyloversatilis_discipulorum_A
Abundance	Nor_vs_Ca	Boruta_RF	30	Nor-2	boruta	Methyloversatilis_thermotolerans	Methyloversatilis_thermotolerans
Abundance	Nor_vs_Ca	Boruta_RF	30	Nor-2	boruta	Methyloversatilis_universalis	Methyloversatilis_universalis
Abundance	Nor_vs_Ca	Boruta_RF	30	Nor-2	boruta	Methyloversatilis_universalis_A	Methyloversatilis_universalis_A
Abundance	Nor_vs_Ca	Boruta_RF	30	Nor-2	boruta	Acinetobacter_baumannii	Acinetobacter_baumannii
Abundance	Nor_vs_Ca	Boruta_RF	30	Nor-2	boruta	Pseudomonas_aeruginosa	Pseudomonas_aeruginosa
Abundance	Nor_vs_Ca	Boruta_RF	30	Nor-2	boruta	Arenimonas_sp003241895	Arenimonas_sp003241895
Abundance	CIN_vs_Ca	Boruta_RF	1	Ca-5	boruta	Cutibacterium_acnes	Cutibacterium_acnes
Abundance	CIN_vs_Ca	Boruta_RF	1	Ca-5	boruta	Bacillus_A_bombysepticus	Bacillus_A_bombysepticus
Abundance	CIN_vs_Ca	Boruta_RF	1	Ca-5	boruta	JACESI01_sp013911885	JACESI01_sp013911885
Abundance	CIN_vs_Ca	Boruta_RF	1	Ca-5	boruta	Erythrobacter_cryptus	Erythrobacter_cryptus
Abundance	CIN_vs_Ca	Boruta_RF	1	Ca-5	boruta	Zhizhongheella_caldifontis	Zhizhongheella_caldifontis
Abundance	CIN_vs_Ca	Boruta_RF	1	Ca-5	boruta	Methyloversatilis_universalis	Methyloversatilis_universalis
Abundance	CIN_vs_Ca	Boruta_RF	1	Ca-5	boruta	Pseudomonas_E_edaphica	Pseudomonas_E_edaphica
Abundance	CIN_vs_Ca	Boruta_RF	1	Ca-5	boruta	Pseudomonas_E_viridiflava	Pseudomonas_E_viridiflava
Abundance	CIN_vs_Ca	Boruta_RF	2	CIN-1	boruta	Bifidobacterium_longum	Bifidobacterium_longum
Abundance	CIN_vs_Ca	Boruta_RF	2	CIN-1	boruta	Corynebacterium_mucifaciens	Corynebacterium_mucifaciens
Abundance	CIN_vs_Ca	Boruta_RF	2	CIN-1	boruta	Bacillus_A_bombysepticus	Bacillus_A_bombysepticus
Abundance	CIN_vs_Ca	Boruta_RF	2	CIN-1	boruta	JACESI01_sp013911885	JACESI01_sp013911885
Abundance	CIN_vs_Ca	Boruta_RF	2	CIN-1	boruta	Erythrobacter_cryptus	Erythrobacter_cryptus
Abundance	CIN_vs_Ca	Boruta_RF	2	CIN-1	boruta	Zhizhongheella_caldifontis	Zhizhongheella_caldifontis
Abundance	CIN_vs_Ca	Boruta_RF	2	CIN-1	boruta	Methyloversatilis_universalis	Methyloversatilis_universalis
Abundance	CIN_vs_Ca	Boruta_RF	2	CIN-1	boruta	Escherichia_flexneri	Escherichia_flexneri
Abundance	CIN_vs_Ca	Boruta_RF	2	CIN-1	boruta	Pseudomonas_E_edaphica	Pseudomonas_E_edaphica
Abundance	CIN_vs_Ca	Boruta_RF	2	CIN-1	boruta	Pseudomonas_E_viridiflava	Pseudomonas_E_viridiflava
Abundance	CIN_vs_Ca	Boruta_RF	3	Ca-1	boruta	Bifidobacterium_longum	Bifidobacterium_longum
Abundance	CIN_vs_Ca	Boruta_RF	3	Ca-1	boruta	Bacillus_A_bombysepticus	Bacillus_A_bombysepticus
Abundance	CIN_vs_Ca	Boruta_RF	3	Ca-1	boruta	UBA4763_sp002403455	UBA4763_sp002403455
Abundance	CIN_vs_Ca	Boruta_RF	3	Ca-1	boruta	CV81_sp003506635	CV81_sp003506635
Abundance	CIN_vs_Ca	Boruta_RF	3	Ca-1	boruta	JACESI01_sp013911885	JACESI01_sp013911885
Abundance	CIN_vs_Ca	Boruta_RF	3	Ca-1	boruta	Erythrobacter_cryptus	Erythrobacter_cryptus
Abundance	CIN_vs_Ca	Boruta_RF	3	Ca-1	boruta	Methyloversatilis_universalis	Methyloversatilis_universalis
Abundance	CIN_vs_Ca	Boruta_RF	3	Ca-1	boruta	Escherichia_flexneri	Escherichia_flexneri
Abundance	CIN_vs_Ca	Boruta_RF	3	Ca-1	boruta	Pseudomonas_E_edaphica	Pseudomonas_E_edaphica
Abundance	CIN_vs_Ca	Boruta_RF	3	Ca-1	boruta	Pseudomonas_E_viridiflava	Pseudomonas_E_viridiflava
Abundance	CIN_vs_Ca	Boruta_RF	4	CIN-7	boruta	Bifidobacterium_longum	Bifidobacterium_longum
Abundance	CIN_vs_Ca	Boruta_RF	4	CIN-7	boruta	Corynebacterium_mucifaciens	Corynebacterium_mucifaciens
Abundance	CIN_vs_Ca	Boruta_RF	4	CIN-7	boruta	Bacillus_A_bombysepticus	Bacillus_A_bombysepticus
Abundance	CIN_vs_Ca	Boruta_RF	4	CIN-7	boruta	Lactiplantibacillus_plantarum	Lactiplantibacillus_plantarum
Abundance	CIN_vs_Ca	Boruta_RF	4	CIN-7	boruta	JACESI01_sp013911885	JACESI01_sp013911885
Abundance	CIN_vs_Ca	Boruta_RF	4	CIN-7	boruta	Erythrobacter_cryptus	Erythrobacter_cryptus
Abundance	CIN_vs_Ca	Boruta_RF	4	CIN-7	boruta	Zhizhongheella_caldifontis	Zhizhongheella_caldifontis
Abundance	CIN_vs_Ca	Boruta_RF	4	CIN-7	boruta	Methyloversatilis_thermotolerans	Methyloversatilis_thermotolerans
Abundance	CIN_vs_Ca	Boruta_RF	4	CIN-7	boruta	Methyloversatilis_universalis	Methyloversatilis_universalis
Abundance	CIN_vs_Ca	Boruta_RF	4	CIN-7	boruta	Escherichia_flexneri	Escherichia_flexneri
Abundance	CIN_vs_Ca	Boruta_RF	4	CIN-7	boruta	Pseudomonas_E_edaphica	Pseudomonas_E_edaphica
Abundance	CIN_vs_Ca	Boruta_RF	4	CIN-7	boruta	Pseudomonas_E_viridiflava	Pseudomonas_E_viridiflava
Abundance	CIN_vs_Ca	Boruta_RF	5	CIN-13	boruta	Bifidobacterium_longum	Bifidobacterium_longum
Abundance	CIN_vs_Ca	Boruta_RF	5	CIN-13	boruta	Bacillus_A_bombysepticus	Bacillus_A_bombysepticus
Abundance	CIN_vs_Ca	Boruta_RF	5	CIN-13	boruta	JACESI01_sp013911885	JACESI01_sp013911885
Abundance	CIN_vs_Ca	Boruta_RF	5	CIN-13	boruta	Erythrobacter_cryptus	Erythrobacter_cryptus
Abundance	CIN_vs_Ca	Boruta_RF	5	CIN-13	boruta	Zhizhongheella_caldifontis	Zhizhongheella_caldifontis
Abundance	CIN_vs_Ca	Boruta_RF	5	CIN-13	boruta	Methyloversatilis_universalis	Methyloversatilis_universalis
Abundance	CIN_vs_Ca	Boruta_RF	5	CIN-13	boruta	Escherichia_flexneri	Escherichia_flexneri
Abundance	CIN_vs_Ca	Boruta_RF	5	CIN-13	boruta	Pseudomonas_E_edaphica	Pseudomonas_E_edaphica
Abundance	CIN_vs_Ca	Boruta_RF	5	CIN-13	boruta	Pseudomonas_E_viridiflava	Pseudomonas_E_viridiflava
Abundance	CIN_vs_Ca	Boruta_RF	6	CIN-8	boruta	Cutibacterium_acnes	Cutibacterium_acnes
Abundance	CIN_vs_Ca	Boruta_RF	6	CIN-8	boruta	Bacillus_A_bombysepticus	Bacillus_A_bombysepticus
Abundance	CIN_vs_Ca	Boruta_RF	6	CIN-8	boruta	JACESI01_sp013911885	JACESI01_sp013911885
Abundance	CIN_vs_Ca	Boruta_RF	6	CIN-8	boruta	Erythrobacter_cryptus	Erythrobacter_cryptus
Abundance	CIN_vs_Ca	Boruta_RF	6	CIN-8	boruta	Sphingobium_fontiphilum	Sphingobium_fontiphilum
Abundance	CIN_vs_Ca	Boruta_RF	6	CIN-8	boruta	Zhizhongheella_caldifontis	Zhizhongheella_caldifontis
Abundance	CIN_vs_Ca	Boruta_RF	6	CIN-8	boruta	Methyloversatilis_discipulorum	Methyloversatilis_discipulorum
Abundance	CIN_vs_Ca	Boruta_RF	6	CIN-8	boruta	Methyloversatilis_discipulorum_A	Methyloversatilis_discipulorum_A
Abundance	CIN_vs_Ca	Boruta_RF	6	CIN-8	boruta	Methyloversatilis_thermotolerans	Methyloversatilis_thermotolerans
Abundance	CIN_vs_Ca	Boruta_RF	6	CIN-8	boruta	Methyloversatilis_universalis	Methyloversatilis_universalis
Abundance	CIN_vs_Ca	Boruta_RF	6	CIN-8	boruta	Pseudomonas_E_edaphica	Pseudomonas_E_edaphica
Abundance	CIN_vs_Ca	Boruta_RF	7	Ca-13	boruta	Bifidobacterium_longum	Bifidobacterium_longum
Abundance	CIN_vs_Ca	Boruta_RF	7	Ca-13	boruta	Cutibacterium_acnes	Cutibacterium_acnes
Abundance	CIN_vs_Ca	Boruta_RF	7	Ca-13	boruta	Cutibacterium_granulosum	Cutibacterium_granulosum
Abundance	CIN_vs_Ca	Boruta_RF	7	Ca-13	boruta	Bacillus_A_bombysepticus	Bacillus_A_bombysepticus
Abundance	CIN_vs_Ca	Boruta_RF	7	Ca-13	boruta	JACESI01_sp013911885	JACESI01_sp013911885
Abundance	CIN_vs_Ca	Boruta_RF	7	Ca-13	boruta	Erythrobacter_cryptus	Erythrobacter_cryptus
Abundance	CIN_vs_Ca	Boruta_RF	7	Ca-13	boruta	Zhizhongheella_caldifontis	Zhizhongheella_caldifontis
Abundance	CIN_vs_Ca	Boruta_RF	7	Ca-13	boruta	Methyloversatilis_thermotolerans	Methyloversatilis_thermotolerans
Abundance	CIN_vs_Ca	Boruta_RF	7	Ca-13	boruta	Methyloversatilis_universalis	Methyloversatilis_universalis
Abundance	CIN_vs_Ca	Boruta_RF	7	Ca-13	boruta	Pseudomonas_E_edaphica	Pseudomonas_E_edaphica
Abundance	CIN_vs_Ca	Boruta_RF	7	Ca-13	boruta	Pseudomonas_E_viridiflava	Pseudomonas_E_viridiflava
Abundance	CIN_vs_Ca	Boruta_RF	8	CIN-2	boruta	Bifidobacterium_longum	Bifidobacterium_longum
Abundance	CIN_vs_Ca	Boruta_RF	8	CIN-2	boruta	Bacillus_A_bombysepticus	Bacillus_A_bombysepticus
Abundance	CIN_vs_Ca	Boruta_RF	8	CIN-2	boruta	JACESI01_sp013911885	JACESI01_sp013911885
Abundance	CIN_vs_Ca	Boruta_RF	8	CIN-2	boruta	Erythrobacter_cryptus	Erythrobacter_cryptus
Abundance	CIN_vs_Ca	Boruta_RF	8	CIN-2	boruta	Zhizhongheella_caldifontis	Zhizhongheella_caldifontis
Abundance	CIN_vs_Ca	Boruta_RF	8	CIN-2	boruta	Methyloversatilis_universalis	Methyloversatilis_universalis
Abundance	CIN_vs_Ca	Boruta_RF	8	CIN-2	boruta	Pseudomonas_E_edaphica	Pseudomonas_E_edaphica
Abundance	CIN_vs_Ca	Boruta_RF	8	CIN-2	boruta	Pseudomonas_E_viridiflava	Pseudomonas_E_viridiflava
Abundance	CIN_vs_Ca	Boruta_RF	9	Ca-14	boruta	Cutibacterium_acnes	Cutibacterium_acnes
Abundance	CIN_vs_Ca	Boruta_RF	9	Ca-14	boruta	Bacillus_A_bombysepticus	Bacillus_A_bombysepticus
Abundance	CIN_vs_Ca	Boruta_RF	9	Ca-14	boruta	CV81_sp003506635	CV81_sp003506635
Abundance	CIN_vs_Ca	Boruta_RF	9	Ca-14	boruta	JACESI01_sp013911885	JACESI01_sp013911885
Abundance	CIN_vs_Ca	Boruta_RF	9	Ca-14	boruta	Erythrobacter_cryptus	Erythrobacter_cryptus
Abundance	CIN_vs_Ca	Boruta_RF	9	Ca-14	boruta	Zhizhongheella_caldifontis	Zhizhongheella_caldifontis
Abundance	CIN_vs_Ca	Boruta_RF	9	Ca-14	boruta	Methyloversatilis_universalis	Methyloversatilis_universalis
Abundance	CIN_vs_Ca	Boruta_RF	9	Ca-14	boruta	Pseudomonas_E_edaphica	Pseudomonas_E_edaphica
Abundance	CIN_vs_Ca	Boruta_RF	9	Ca-14	boruta	Pseudomonas_E_viridiflava	Pseudomonas_E_viridiflava
Abundance	CIN_vs_Ca	Boruta_RF	10	Ca-10	boruta	JACESI01_sp013911885	JACESI01_sp013911885
Abundance	CIN_vs_Ca	Boruta_RF	10	Ca-10	boruta	Erythrobacter_cryptus	Erythrobacter_cryptus
Abundance	CIN_vs_Ca	Boruta_RF	10	Ca-10	boruta	Caballeronia_sordidicola_A	Caballeronia_sordidicola_A
Abundance	CIN_vs_Ca	Boruta_RF	10	Ca-10	boruta	Zhizhongheella_caldifontis	Zhizhongheella_caldifontis
Abundance	CIN_vs_Ca	Boruta_RF	10	Ca-10	boruta	Methyloversatilis_thermotolerans	Methyloversatilis_thermotolerans
Abundance	CIN_vs_Ca	Boruta_RF	10	Ca-10	boruta	Methyloversatilis_universalis	Methyloversatilis_universalis
Abundance	CIN_vs_Ca	Boruta_RF	10	Ca-10	boruta	Pseudomonas_E_edaphica	Pseudomonas_E_edaphica
Abundance	CIN_vs_Ca	Boruta_RF	10	Ca-10	boruta	Pseudomonas_E_viridiflava	Pseudomonas_E_viridiflava
Abundance	CIN_vs_Ca	Boruta_RF	11	Ca-3	boruta	Bacillus_A_bombysepticus	Bacillus_A_bombysepticus
Abundance	CIN_vs_Ca	Boruta_RF	11	Ca-3	boruta	CV81_sp003506635	CV81_sp003506635
Abundance	CIN_vs_Ca	Boruta_RF	11	Ca-3	boruta	JACESI01_sp013911885	JACESI01_sp013911885
Abundance	CIN_vs_Ca	Boruta_RF	11	Ca-3	boruta	Erythrobacter_cryptus	Erythrobacter_cryptus
Abundance	CIN_vs_Ca	Boruta_RF	11	Ca-3	boruta	Methyloversatilis_universalis	Methyloversatilis_universalis
Abundance	CIN_vs_Ca	Boruta_RF	11	Ca-3	boruta	Escherichia_flexneri	Escherichia_flexneri
Abundance	CIN_vs_Ca	Boruta_RF	11	Ca-3	boruta	Pseudomonas_E_edaphica	Pseudomonas_E_edaphica
Abundance	CIN_vs_Ca	Boruta_RF	11	Ca-3	boruta	Pseudomonas_E_viridiflava	Pseudomonas_E_viridiflava
Abundance	CIN_vs_Ca	Boruta_RF	12	CIN-15	boruta	Bifidobacterium_longum	Bifidobacterium_longum
Abundance	CIN_vs_Ca	Boruta_RF	12	CIN-15	boruta	Bacillus_A_bombysepticus	Bacillus_A_bombysepticus
Abundance	CIN_vs_Ca	Boruta_RF	12	CIN-15	boruta	JACESI01_sp013911885	JACESI01_sp013911885
Abundance	CIN_vs_Ca	Boruta_RF	12	CIN-15	boruta	Erythrobacter_cryptus	Erythrobacter_cryptus
Abundance	CIN_vs_Ca	Boruta_RF	12	CIN-15	boruta	Sphingobium_fontiphilum	Sphingobium_fontiphilum
Abundance	CIN_vs_Ca	Boruta_RF	12	CIN-15	boruta	Zhizhongheella_caldifontis	Zhizhongheella_caldifontis
Abundance	CIN_vs_Ca	Boruta_RF	12	CIN-15	boruta	Methyloversatilis_universalis	Methyloversatilis_universalis
Abundance	CIN_vs_Ca	Boruta_RF	12	CIN-15	boruta	Pseudomonas_E_edaphica	Pseudomonas_E_edaphica
Abundance	CIN_vs_Ca	Boruta_RF	12	CIN-15	boruta	Pseudomonas_E_viridiflava	Pseudomonas_E_viridiflava
Abundance	CIN_vs_Ca	Boruta_RF	13	CIN-6	boruta	Bacillus_A_bombysepticus	Bacillus_A_bombysepticus
Abundance	CIN_vs_Ca	Boruta_RF	13	CIN-6	boruta	JACESI01_sp013911885	JACESI01_sp013911885
Abundance	CIN_vs_Ca	Boruta_RF	13	CIN-6	boruta	Erythrobacter_cryptus	Erythrobacter_cryptus
Abundance	CIN_vs_Ca	Boruta_RF	13	CIN-6	boruta	Methyloversatilis_universalis	Methyloversatilis_universalis
Abundance	CIN_vs_Ca	Boruta_RF	13	CIN-6	boruta	Escherichia_flexneri	Escherichia_flexneri
Abundance	CIN_vs_Ca	Boruta_RF	13	CIN-6	boruta	Pseudomonas_E_edaphica	Pseudomonas_E_edaphica
Abundance	CIN_vs_Ca	Boruta_RF	13	CIN-6	boruta	Pseudomonas_E_viridiflava	Pseudomonas_E_viridiflava
Abundance	CIN_vs_Ca	Boruta_RF	14	Ca-4	boruta	Bacillus_A_bombysepticus	Bacillus_A_bombysepticus
Abundance	CIN_vs_Ca	Boruta_RF	14	Ca-4	boruta	JACESI01_sp013911885	JACESI01_sp013911885
Abundance	CIN_vs_Ca	Boruta_RF	14	Ca-4	boruta	Erythrobacter_cryptus	Erythrobacter_cryptus
Abundance	CIN_vs_Ca	Boruta_RF	14	Ca-4	boruta	Methyloversatilis_universalis	Methyloversatilis_universalis
Abundance	CIN_vs_Ca	Boruta_RF	14	Ca-4	boruta	Escherichia_flexneri	Escherichia_flexneri
Abundance	CIN_vs_Ca	Boruta_RF	14	Ca-4	boruta	Pseudomonas_E_edaphica	Pseudomonas_E_edaphica
Abundance	CIN_vs_Ca	Boruta_RF	14	Ca-4	boruta	Pseudomonas_E_viridiflava	Pseudomonas_E_viridiflava
Abundance	CIN_vs_Ca	Boruta_RF	15	Ca-11	boruta	Bacillus_A_bombysepticus	Bacillus_A_bombysepticus
Abundance	CIN_vs_Ca	Boruta_RF	15	Ca-11	boruta	JACESI01_sp013911885	JACESI01_sp013911885
Abundance	CIN_vs_Ca	Boruta_RF	15	Ca-11	boruta	Erythrobacter_cryptus	Erythrobacter_cryptus
Abundance	CIN_vs_Ca	Boruta_RF	15	Ca-11	boruta	Methyloversatilis_universalis	Methyloversatilis_universalis
Abundance	CIN_vs_Ca	Boruta_RF	15	Ca-11	boruta	Pseudomonas_E_edaphica	Pseudomonas_E_edaphica
Abundance	CIN_vs_Ca	Boruta_RF	15	Ca-11	boruta	Pseudomonas_E_viridiflava	Pseudomonas_E_viridiflava
Abundance	CIN_vs_Ca	Boruta_RF	16	Ca-9	boruta	Bifidobacterium_longum	Bifidobacterium_longum
Abundance	CIN_vs_Ca	Boruta_RF	16	Ca-9	boruta	Bacillus_A_bombysepticus	Bacillus_A_bombysepticus
Abundance	CIN_vs_Ca	Boruta_RF	16	Ca-9	boruta	CV81_sp003506635	CV81_sp003506635
Abundance	CIN_vs_Ca	Boruta_RF	16	Ca-9	boruta	JACESI01_sp013911885	JACESI01_sp013911885
Abundance	CIN_vs_Ca	Boruta_RF	16	Ca-9	boruta	Erythrobacter_cryptus	Erythrobacter_cryptus
Abundance	CIN_vs_Ca	Boruta_RF	16	Ca-9	boruta	Zhizhongheella_caldifontis	Zhizhongheella_caldifontis
Abundance	CIN_vs_Ca	Boruta_RF	16	Ca-9	boruta	Methyloversatilis_universalis	Methyloversatilis_universalis
Abundance	CIN_vs_Ca	Boruta_RF	16	Ca-9	boruta	Escherichia_flexneri	Escherichia_flexneri
Abundance	CIN_vs_Ca	Boruta_RF	16	Ca-9	boruta	Pseudomonas_E_edaphica	Pseudomonas_E_edaphica
Abundance	CIN_vs_Ca	Boruta_RF	16	Ca-9	boruta	Pseudomonas_E_viridiflava	Pseudomonas_E_viridiflava
Abundance	CIN_vs_Ca	Boruta_RF	17	CIN-3	boruta	Bifidobacterium_longum	Bifidobacterium_longum
Abundance	CIN_vs_Ca	Boruta_RF	17	CIN-3	boruta	Cutibacterium_acnes	Cutibacterium_acnes
Abundance	CIN_vs_Ca	Boruta_RF	17	CIN-3	boruta	Bacillus_A_bombysepticus	Bacillus_A_bombysepticus
Abundance	CIN_vs_Ca	Boruta_RF	17	CIN-3	boruta	JACESI01_sp013911885	JACESI01_sp013911885
Abundance	CIN_vs_Ca	Boruta_RF	17	CIN-3	boruta	Erythrobacter_cryptus	Erythrobacter_cryptus
Abundance	CIN_vs_Ca	Boruta_RF	17	CIN-3	boruta	Zhizhongheella_caldifontis	Zhizhongheella_caldifontis
Abundance	CIN_vs_Ca	Boruta_RF	17	CIN-3	boruta	Methyloversatilis_universalis	Methyloversatilis_universalis
Abundance	CIN_vs_Ca	Boruta_RF	17	CIN-3	boruta	Escherichia_flexneri	Escherichia_flexneri
Abundance	CIN_vs_Ca	Boruta_RF	17	CIN-3	boruta	Pseudomonas_E_edaphica	Pseudomonas_E_edaphica
Abundance	CIN_vs_Ca	Boruta_RF	17	CIN-3	boruta	Pseudomonas_E_viridiflava	Pseudomonas_E_viridiflava
Abundance	CIN_vs_Ca	Boruta_RF	18	CIN-10	boruta	Bifidobacterium_longum	Bifidobacterium_longum
Abundance	CIN_vs_Ca	Boruta_RF	18	CIN-10	boruta	Corynebacterium_mucifaciens	Corynebacterium_mucifaciens
Abundance	CIN_vs_Ca	Boruta_RF	18	CIN-10	boruta	Bacillus_A_bombysepticus	Bacillus_A_bombysepticus
Abundance	CIN_vs_Ca	Boruta_RF	18	CIN-10	boruta	JACESI01_sp013911885	JACESI01_sp013911885
Abundance	CIN_vs_Ca	Boruta_RF	18	CIN-10	boruta	Erythrobacter_cryptus	Erythrobacter_cryptus
Abundance	CIN_vs_Ca	Boruta_RF	18	CIN-10	boruta	Sphingobium_fontiphilum	Sphingobium_fontiphilum
Abundance	CIN_vs_Ca	Boruta_RF	18	CIN-10	boruta	Methyloversatilis_thermotolerans	Methyloversatilis_thermotolerans
Abundance	CIN_vs_Ca	Boruta_RF	18	CIN-10	boruta	Methyloversatilis_universalis	Methyloversatilis_universalis
Abundance	CIN_vs_Ca	Boruta_RF	18	CIN-10	boruta	Pseudomonas_E_edaphica	Pseudomonas_E_edaphica
Abundance	CIN_vs_Ca	Boruta_RF	18	CIN-10	boruta	Pseudomonas_E_viridiflava	Pseudomonas_E_viridiflava
Abundance	CIN_vs_Ca	Boruta_RF	19	Ca-7	boruta	Bacillus_A_bombysepticus	Bacillus_A_bombysepticus
Abundance	CIN_vs_Ca	Boruta_RF	19	Ca-7	boruta	JACESI01_sp013911885	JACESI01_sp013911885
Abundance	CIN_vs_Ca	Boruta_RF	19	Ca-7	boruta	Erythrobacter_cryptus	Erythrobacter_cryptus
Abundance	CIN_vs_Ca	Boruta_RF	19	Ca-7	boruta	Zhizhongheella_caldifontis	Zhizhongheella_caldifontis
Abundance	CIN_vs_Ca	Boruta_RF	19	Ca-7	boruta	Methyloversatilis_discipulorum	Methyloversatilis_discipulorum
Abundance	CIN_vs_Ca	Boruta_RF	19	Ca-7	boruta	Methyloversatilis_discipulorum_A	Methyloversatilis_discipulorum_A
Abundance	CIN_vs_Ca	Boruta_RF	19	Ca-7	boruta	Methyloversatilis_universalis	Methyloversatilis_universalis
Abundance	CIN_vs_Ca	Boruta_RF	19	Ca-7	boruta	Escherichia_coli	Escherichia_coli
Abundance	CIN_vs_Ca	Boruta_RF	19	Ca-7	boruta	Salmonella_enterica	Salmonella_enterica
Abundance	CIN_vs_Ca	Boruta_RF	19	Ca-7	boruta	Pseudomonas_E_edaphica	Pseudomonas_E_edaphica
Abundance	CIN_vs_Ca	Boruta_RF	19	Ca-7	boruta	Pseudomonas_E_viridiflava	Pseudomonas_E_viridiflava
Abundance	CIN_vs_Ca	Boruta_RF	20	CIN-9	boruta	Bacillus_A_bombysepticus	Bacillus_A_bombysepticus
Abundance	CIN_vs_Ca	Boruta_RF	20	CIN-9	boruta	Lactiplantibacillus_plantarum	Lactiplantibacillus_plantarum
Abundance	CIN_vs_Ca	Boruta_RF	20	CIN-9	boruta	JACESI01_sp013911885	JACESI01_sp013911885
Abundance	CIN_vs_Ca	Boruta_RF	20	CIN-9	boruta	Erythrobacter_cryptus	Erythrobacter_cryptus
Abundance	CIN_vs_Ca	Boruta_RF	20	CIN-9	boruta	Zhizhongheella_caldifontis	Zhizhongheella_caldifontis
Abundance	CIN_vs_Ca	Boruta_RF	20	CIN-9	boruta	Methyloversatilis_universalis	Methyloversatilis_universalis
Abundance	CIN_vs_Ca	Boruta_RF	20	CIN-9	boruta	Pseudomonas_E_edaphica	Pseudomonas_E_edaphica
Abundance	CIN_vs_Ca	Boruta_RF	20	CIN-9	boruta	Pseudomonas_E_viridiflava	Pseudomonas_E_viridiflava
Abundance	CIN_vs_Ca	Boruta_RF	21	CIN-14	boruta	Bacillus_A_bombysepticus	Bacillus_A_bombysepticus
Abundance	CIN_vs_Ca	Boruta_RF	21	CIN-14	boruta	JACESI01_sp013911885	JACESI01_sp013911885
Abundance	CIN_vs_Ca	Boruta_RF	21	CIN-14	boruta	Erythrobacter_cryptus	Erythrobacter_cryptus
Abundance	CIN_vs_Ca	Boruta_RF	21	CIN-14	boruta	Sphingobium_fontiphilum	Sphingobium_fontiphilum
Abundance	CIN_vs_Ca	Boruta_RF	21	CIN-14	boruta	Acidovorax_temperans	Acidovorax_temperans
Abundance	CIN_vs_Ca	Boruta_RF	21	CIN-14	boruta	Zhizhongheella_caldifontis	Zhizhongheella_caldifontis
Abundance	CIN_vs_Ca	Boruta_RF	21	CIN-14	boruta	Methyloversatilis_thermotolerans	Methyloversatilis_thermotolerans
Abundance	CIN_vs_Ca	Boruta_RF	21	CIN-14	boruta	Methyloversatilis_universalis	Methyloversatilis_universalis
Abundance	CIN_vs_Ca	Boruta_RF	21	CIN-14	boruta	Escherichia_flexneri	Escherichia_flexneri
Abundance	CIN_vs_Ca	Boruta_RF	21	CIN-14	boruta	Pseudomonas_E_edaphica	Pseudomonas_E_edaphica
Abundance	CIN_vs_Ca	Boruta_RF	21	CIN-14	boruta	Pseudomonas_E_viridiflava	Pseudomonas_E_viridiflava
Abundance	CIN_vs_Ca	Boruta_RF	22	Ca-6	boruta	Cutibacterium_acnes	Cutibacterium_acnes
Abundance	CIN_vs_Ca	Boruta_RF	22	Ca-6	boruta	Bacillus_A_bombysepticus	Bacillus_A_bombysepticus
Abundance	CIN_vs_Ca	Boruta_RF	22	Ca-6	boruta	JACESI01_sp013911885	JACESI01_sp013911885
Abundance	CIN_vs_Ca	Boruta_RF	22	Ca-6	boruta	Erythrobacter_cryptus	Erythrobacter_cryptus
Abundance	CIN_vs_Ca	Boruta_RF	22	Ca-6	boruta	Zhizhongheella_caldifontis	Zhizhongheella_caldifontis
Abundance	CIN_vs_Ca	Boruta_RF	22	Ca-6	boruta	Methyloversatilis_universalis	Methyloversatilis_universalis
Abundance	CIN_vs_Ca	Boruta_RF	22	Ca-6	boruta	Pseudomonas_E_edaphica	Pseudomonas_E_edaphica
Abundance	CIN_vs_Ca	Boruta_RF	22	Ca-6	boruta	Pseudomonas_E_viridiflava	Pseudomonas_E_viridiflava
Abundance	CIN_vs_Ca	Boruta_RF	23	Ca-12	boruta	Bacillus_A_bombysepticus	Bacillus_A_bombysepticus
Abundance	CIN_vs_Ca	Boruta_RF	23	Ca-12	boruta	JACESI01_sp013911885	JACESI01_sp013911885
Abundance	CIN_vs_Ca	Boruta_RF	23	Ca-12	boruta	Erythrobacter_cryptus	Erythrobacter_cryptus
Abundance	CIN_vs_Ca	Boruta_RF	23	Ca-12	boruta	Zhizhongheella_caldifontis	Zhizhongheella_caldifontis
Abundance	CIN_vs_Ca	Boruta_RF	23	Ca-12	boruta	Methyloversatilis_universalis	Methyloversatilis_universalis
Abundance	CIN_vs_Ca	Boruta_RF	23	Ca-12	boruta	Pseudomonas_E_edaphica	Pseudomonas_E_edaphica
Abundance	CIN_vs_Ca	Boruta_RF	24	Ca-8	boruta	Bifidobacterium_longum	Bifidobacterium_longum
Abundance	CIN_vs_Ca	Boruta_RF	24	Ca-8	boruta	Cutibacterium_acnes	Cutibacterium_acnes
Abundance	CIN_vs_Ca	Boruta_RF	24	Ca-8	boruta	Bacillus_A_bombysepticus	Bacillus_A_bombysepticus
Abundance	CIN_vs_Ca	Boruta_RF	24	Ca-8	boruta	JACESI01_sp013911885	JACESI01_sp013911885
Abundance	CIN_vs_Ca	Boruta_RF	24	Ca-8	boruta	Erythrobacter_cryptus	Erythrobacter_cryptus
Abundance	CIN_vs_Ca	Boruta_RF	24	Ca-8	boruta	Methyloversatilis_universalis	Methyloversatilis_universalis
Abundance	CIN_vs_Ca	Boruta_RF	24	Ca-8	boruta	Pseudomonas_E_edaphica	Pseudomonas_E_edaphica
Abundance	CIN_vs_Ca	Boruta_RF	24	Ca-8	boruta	Pseudomonas_E_viridiflava	Pseudomonas_E_viridiflava
Abundance	CIN_vs_Ca	Boruta_RF	25	CIN-12	boruta	Bacillus_A_bombysepticus	Bacillus_A_bombysepticus
Abundance	CIN_vs_Ca	Boruta_RF	25	CIN-12	boruta	JACESI01_sp013911885	JACESI01_sp013911885
Abundance	CIN_vs_Ca	Boruta_RF	25	CIN-12	boruta	Erythrobacter_cryptus	Erythrobacter_cryptus
Abundance	CIN_vs_Ca	Boruta_RF	25	CIN-12	boruta	Sphingobium_fontiphilum	Sphingobium_fontiphilum
Abundance	CIN_vs_Ca	Boruta_RF	25	CIN-12	boruta	Zhizhongheella_caldifontis	Zhizhongheella_caldifontis
Abundance	CIN_vs_Ca	Boruta_RF	25	CIN-12	boruta	Methyloversatilis_thermotolerans	Methyloversatilis_thermotolerans
Abundance	CIN_vs_Ca	Boruta_RF	25	CIN-12	boruta	Methyloversatilis_universalis	Methyloversatilis_universalis
Abundance	CIN_vs_Ca	Boruta_RF	25	CIN-12	boruta	Escherichia_flexneri	Escherichia_flexneri
Abundance	CIN_vs_Ca	Boruta_RF	25	CIN-12	boruta	Pseudomonas_E_edaphica	Pseudomonas_E_edaphica
Abundance	CIN_vs_Ca	Boruta_RF	25	CIN-12	boruta	Pseudomonas_E_viridiflava	Pseudomonas_E_viridiflava
Abundance	CIN_vs_Ca	Boruta_RF	26	Ca-2	boruta	Bacillus_A_bombysepticus	Bacillus_A_bombysepticus
Abundance	CIN_vs_Ca	Boruta_RF	26	Ca-2	boruta	JACESI01_sp013911885	JACESI01_sp013911885
Abundance	CIN_vs_Ca	Boruta_RF	26	Ca-2	boruta	Erythrobacter_cryptus	Erythrobacter_cryptus
Abundance	CIN_vs_Ca	Boruta_RF	26	Ca-2	boruta	Sphingobium_fontiphilum	Sphingobium_fontiphilum
Abundance	CIN_vs_Ca	Boruta_RF	26	Ca-2	boruta	Zhizhongheella_caldifontis	Zhizhongheella_caldifontis
Abundance	CIN_vs_Ca	Boruta_RF	26	Ca-2	boruta	Methyloversatilis_universalis	Methyloversatilis_universalis
Abundance	CIN_vs_Ca	Boruta_RF	26	Ca-2	boruta	Escherichia_flexneri	Escherichia_flexneri
Abundance	CIN_vs_Ca	Boruta_RF	26	Ca-2	boruta	Pseudomonas_E_edaphica	Pseudomonas_E_edaphica
Abundance	CIN_vs_Ca	Boruta_RF	26	Ca-2	boruta	Pseudomonas_E_viridiflava	Pseudomonas_E_viridiflava
Abundance	CIN_vs_Ca	Boruta_RF	27	CIN-11	boruta	Corynebacterium_mucifaciens	Corynebacterium_mucifaciens
Abundance	CIN_vs_Ca	Boruta_RF	27	CIN-11	boruta	Cutibacterium_acnes	Cutibacterium_acnes
Abundance	CIN_vs_Ca	Boruta_RF	27	CIN-11	boruta	Bacillus_A_bombysepticus	Bacillus_A_bombysepticus
Abundance	CIN_vs_Ca	Boruta_RF	27	CIN-11	boruta	JACESI01_sp013911885	JACESI01_sp013911885
Abundance	CIN_vs_Ca	Boruta_RF	27	CIN-11	boruta	Erythrobacter_cryptus	Erythrobacter_cryptus
Abundance	CIN_vs_Ca	Boruta_RF	27	CIN-11	boruta	Zhizhongheella_caldifontis	Zhizhongheella_caldifontis
Abundance	CIN_vs_Ca	Boruta_RF	27	CIN-11	boruta	Methyloversatilis_thermotolerans	Methyloversatilis_thermotolerans
Abundance	CIN_vs_Ca	Boruta_RF	27	CIN-11	boruta	Methyloversatilis_universalis	Methyloversatilis_universalis
Abundance	CIN_vs_Ca	Boruta_RF	27	CIN-11	boruta	Escherichia_flexneri	Escherichia_flexneri
Abundance	CIN_vs_Ca	Boruta_RF	27	CIN-11	boruta	Pseudomonas_E_edaphica	Pseudomonas_E_edaphica
Abundance	CIN_vs_Ca	Boruta_RF	27	CIN-11	boruta	Pseudomonas_E_viridiflava	Pseudomonas_E_viridiflava
Abundance	CIN_vs_Ca	Boruta_RF	28	CIN-5	boruta	Cutibacterium_acnes	Cutibacterium_acnes
Abundance	CIN_vs_Ca	Boruta_RF	28	CIN-5	boruta	Bacillus_A_bombysepticus	Bacillus_A_bombysepticus
Abundance	CIN_vs_Ca	Boruta_RF	28	CIN-5	boruta	JACESI01_sp013911885	JACESI01_sp013911885
Abundance	CIN_vs_Ca	Boruta_RF	28	CIN-5	boruta	Erythrobacter_cryptus	Erythrobacter_cryptus
Abundance	CIN_vs_Ca	Boruta_RF	28	CIN-5	boruta	Sphingobium_fontiphilum	Sphingobium_fontiphilum
Abundance	CIN_vs_Ca	Boruta_RF	28	CIN-5	boruta	Methyloversatilis_thermotolerans	Methyloversatilis_thermotolerans
Abundance	CIN_vs_Ca	Boruta_RF	28	CIN-5	boruta	Methyloversatilis_universalis	Methyloversatilis_universalis
Abundance	CIN_vs_Ca	Boruta_RF	28	CIN-5	boruta	Pseudomonas_E_edaphica	Pseudomonas_E_edaphica
Abundance	CIN_vs_Ca	Boruta_RF	28	CIN-5	boruta	Pseudomonas_E_viridiflava	Pseudomonas_E_viridiflava
Abundance	CIN_vs_Ca	Boruta_RF	29	CIN-4	boruta	Corynebacterium_mucifaciens	Corynebacterium_mucifaciens
Abundance	CIN_vs_Ca	Boruta_RF	29	CIN-4	boruta	Bacillus_A_bombysepticus	Bacillus_A_bombysepticus
Abundance	CIN_vs_Ca	Boruta_RF	29	CIN-4	boruta	JACESI01_sp013911885	JACESI01_sp013911885
Abundance	CIN_vs_Ca	Boruta_RF	29	CIN-4	boruta	Erythrobacter_cryptus	Erythrobacter_cryptus
Abundance	CIN_vs_Ca	Boruta_RF	29	CIN-4	boruta	Acidovorax_temperans	Acidovorax_temperans
Abundance	CIN_vs_Ca	Boruta_RF	29	CIN-4	boruta	Zhizhongheella_caldifontis	Zhizhongheella_caldifontis
Abundance	CIN_vs_Ca	Boruta_RF	29	CIN-4	boruta	Methyloversatilis_thermotolerans	Methyloversatilis_thermotolerans
Abundance	CIN_vs_Ca	Boruta_RF	29	CIN-4	boruta	Methyloversatilis_universalis	Methyloversatilis_universalis
Abundance	CIN_vs_Ca	Boruta_RF	29	CIN-4	boruta	Pseudomonas_E_edaphica	Pseudomonas_E_edaphica
Abundance	CIN_vs_Ca	Boruta_RF	29	CIN-4	boruta	Pseudomonas_E_viridiflava	Pseudomonas_E_viridiflava
Abundance	CIN_vs_Ca	Boruta_RF	30	Ca-15	boruta	Bacillus_A_bombysepticus	Bacillus_A_bombysepticus
Abundance	CIN_vs_Ca	Boruta_RF	30	Ca-15	boruta	CV81_sp003506635	CV81_sp003506635
Abundance	CIN_vs_Ca	Boruta_RF	30	Ca-15	boruta	JACESI01_sp013911885	JACESI01_sp013911885
Abundance	CIN_vs_Ca	Boruta_RF	30	Ca-15	boruta	Erythrobacter_cryptus	Erythrobacter_cryptus
Abundance	CIN_vs_Ca	Boruta_RF	30	Ca-15	boruta	Zhizhongheella_caldifontis	Zhizhongheella_caldifontis
Abundance	CIN_vs_Ca	Boruta_RF	30	Ca-15	boruta	Methyloversatilis_universalis	Methyloversatilis_universalis
Abundance	CIN_vs_Ca	Boruta_RF	30	Ca-15	boruta	Pseudomonas_E_edaphica	Pseudomonas_E_edaphica
Abundance	CIN_vs_Ca	Boruta_RF	30	Ca-15	boruta	Pseudomonas_E_viridiflava	Pseudomonas_E_viridiflava
Coverage	Nor_vs_Ca	Boruta_RF	1	Ca-5	boruta	Obscuribacter_phosphatis	Obscuribacter_phosphatis
Coverage	Nor_vs_Ca	Boruta_RF	1	Ca-5	boruta	Brevibacillus_agri	Brevibacillus_agri
Coverage	Nor_vs_Ca	Boruta_RF	1	Ca-5	boruta	Lactococcus_lactis	Lactococcus_lactis
Coverage	Nor_vs_Ca	Boruta_RF	1	Ca-5	boruta	JACESI01_sp013911885	JACESI01_sp013911885
Coverage	Nor_vs_Ca	Boruta_RF	1	Ca-5	boruta	Frigidibacter_sp002423245	Frigidibacter_sp002423245
Coverage	Nor_vs_Ca	Boruta_RF	1	Ca-5	boruta	Erythrobacter_colymbi	Erythrobacter_colymbi
Coverage	Nor_vs_Ca	Boruta_RF	1	Ca-5	boruta	Erythrobacter_cryptus	Erythrobacter_cryptus
Coverage	Nor_vs_Ca	Boruta_RF	1	Ca-5	boruta	Sphingobium_fontiphilum	Sphingobium_fontiphilum
Coverage	Nor_vs_Ca	Boruta_RF	1	Ca-5	boruta	Sphingomonas_sp001557215	Sphingomonas_sp001557215
Coverage	Nor_vs_Ca	Boruta_RF	1	Ca-5	boruta	Caballeronia_sordidicola_A	Caballeronia_sordidicola_A
Coverage	Nor_vs_Ca	Boruta_RF	1	Ca-5	boruta	Zhizhongheella_caldifontis	Zhizhongheella_caldifontis
Coverage	Nor_vs_Ca	Boruta_RF	1	Ca-5	boruta	Methyloversatilis_discipulorum	Methyloversatilis_discipulorum
Coverage	Nor_vs_Ca	Boruta_RF	1	Ca-5	boruta	Methyloversatilis_discipulorum_A	Methyloversatilis_discipulorum_A
Coverage	Nor_vs_Ca	Boruta_RF	1	Ca-5	boruta	Methyloversatilis_thermotolerans	Methyloversatilis_thermotolerans
Coverage	Nor_vs_Ca	Boruta_RF	1	Ca-5	boruta	Methyloversatilis_universalis	Methyloversatilis_universalis
Coverage	Nor_vs_Ca	Boruta_RF	1	Ca-5	boruta	Methyloversatilis_universalis_A	Methyloversatilis_universalis_A
Coverage	Nor_vs_Ca	Boruta_RF	1	Ca-5	boruta	Sulfurivermis_fontis	Sulfurivermis_fontis
Coverage	Nor_vs_Ca	Boruta_RF	1	Ca-5	boruta	Arenimonas_sp003241895	Arenimonas_sp003241895
Coverage	Nor_vs_Ca	Boruta_RF	2	Ca-1	boruta	Obscuribacter_phosphatis	Obscuribacter_phosphatis
Coverage	Nor_vs_Ca	Boruta_RF	2	Ca-1	boruta	Brevibacillus_agri	Brevibacillus_agri
Coverage	Nor_vs_Ca	Boruta_RF	2	Ca-1	boruta	Lactococcus_lactis	Lactococcus_lactis
Coverage	Nor_vs_Ca	Boruta_RF	2	Ca-1	boruta	Ferrovibrio_terrae	Ferrovibrio_terrae
Coverage	Nor_vs_Ca	Boruta_RF	2	Ca-1	boruta	JACESI01_sp013911885	JACESI01_sp013911885
Coverage	Nor_vs_Ca	Boruta_RF	2	Ca-1	boruta	Frigidibacter_sp002423245	Frigidibacter_sp002423245
Coverage	Nor_vs_Ca	Boruta_RF	2	Ca-1	boruta	Blastomonas_ursincola	Blastomonas_ursincola
Coverage	Nor_vs_Ca	Boruta_RF	2	Ca-1	boruta	Erythrobacter_colymbi	Erythrobacter_colymbi
Coverage	Nor_vs_Ca	Boruta_RF	2	Ca-1	boruta	Erythrobacter_cryptus	Erythrobacter_cryptus
Coverage	Nor_vs_Ca	Boruta_RF	2	Ca-1	boruta	Sphingobium_fontiphilum	Sphingobium_fontiphilum
Coverage	Nor_vs_Ca	Boruta_RF	2	Ca-1	boruta	Sphingomonas_sp001557215	Sphingomonas_sp001557215
Coverage	Nor_vs_Ca	Boruta_RF	2	Ca-1	boruta	Caballeronia_sordidicola_A	Caballeronia_sordidicola_A
Coverage	Nor_vs_Ca	Boruta_RF	2	Ca-1	boruta	Ralstonia_sp000620465	Ralstonia_sp000620465
Coverage	Nor_vs_Ca	Boruta_RF	2	Ca-1	boruta	Zhizhongheella_caldifontis	Zhizhongheella_caldifontis
Coverage	Nor_vs_Ca	Boruta_RF	2	Ca-1	boruta	Methyloversatilis_discipulorum	Methyloversatilis_discipulorum
Coverage	Nor_vs_Ca	Boruta_RF	2	Ca-1	boruta	Methyloversatilis_discipulorum_A	Methyloversatilis_discipulorum_A
Coverage	Nor_vs_Ca	Boruta_RF	2	Ca-1	boruta	Methyloversatilis_thermotolerans	Methyloversatilis_thermotolerans
Coverage	Nor_vs_Ca	Boruta_RF	2	Ca-1	boruta	Methyloversatilis_universalis	Methyloversatilis_universalis
Coverage	Nor_vs_Ca	Boruta_RF	2	Ca-1	boruta	Methyloversatilis_universalis_A	Methyloversatilis_universalis_A
Coverage	Nor_vs_Ca	Boruta_RF	2	Ca-1	boruta	Arenimonas_sp003241895	Arenimonas_sp003241895
Coverage	Nor_vs_Ca	Boruta_RF	3	Nor-1	boruta	Obscuribacter_phosphatis	Obscuribacter_phosphatis
Coverage	Nor_vs_Ca	Boruta_RF	3	Nor-1	boruta	Brevibacillus_agri	Brevibacillus_agri
Coverage	Nor_vs_Ca	Boruta_RF	3	Nor-1	boruta	Lactococcus_lactis	Lactococcus_lactis
Coverage	Nor_vs_Ca	Boruta_RF	3	Nor-1	boruta	Ferrovibrio_sp002796975	Ferrovibrio_sp002796975
Coverage	Nor_vs_Ca	Boruta_RF	3	Nor-1	boruta	Ferrovibrio_terrae	Ferrovibrio_terrae
Coverage	Nor_vs_Ca	Boruta_RF	3	Nor-1	boruta	JACESI01_sp013911885	JACESI01_sp013911885
Coverage	Nor_vs_Ca	Boruta_RF	3	Nor-1	boruta	Erythrobacter_colymbi	Erythrobacter_colymbi
Coverage	Nor_vs_Ca	Boruta_RF	3	Nor-1	boruta	Erythrobacter_cryptus	Erythrobacter_cryptus
Coverage	Nor_vs_Ca	Boruta_RF	3	Nor-1	boruta	Sphingobium_fontiphilum	Sphingobium_fontiphilum
Coverage	Nor_vs_Ca	Boruta_RF	3	Nor-1	boruta	Sphingomonas_sp001557215	Sphingomonas_sp001557215
Coverage	Nor_vs_Ca	Boruta_RF	3	Nor-1	boruta	Caballeronia_sordidicola_A	Caballeronia_sordidicola_A
Coverage	Nor_vs_Ca	Boruta_RF	3	Nor-1	boruta	Zhizhongheella_caldifontis	Zhizhongheella_caldifontis
Coverage	Nor_vs_Ca	Boruta_RF	3	Nor-1	boruta	Methyloversatilis_discipulorum	Methyloversatilis_discipulorum
Coverage	Nor_vs_Ca	Boruta_RF	3	Nor-1	boruta	Methyloversatilis_discipulorum_A	Methyloversatilis_discipulorum_A
Coverage	Nor_vs_Ca	Boruta_RF	3	Nor-1	boruta	Methyloversatilis_thermotolerans	Methyloversatilis_thermotolerans
Coverage	Nor_vs_Ca	Boruta_RF	3	Nor-1	boruta	Methyloversatilis_universalis	Methyloversatilis_universalis
Coverage	Nor_vs_Ca	Boruta_RF	3	Nor-1	boruta	Methyloversatilis_universalis_A	Methyloversatilis_universalis_A
Coverage	Nor_vs_Ca	Boruta_RF	3	Nor-1	boruta	Arenimonas_sp003241895	Arenimonas_sp003241895
Coverage	Nor_vs_Ca	Boruta_RF	4	Ca-13	boruta	Obscuribacter_phosphatis	Obscuribacter_phosphatis
Coverage	Nor_vs_Ca	Boruta_RF	4	Ca-13	boruta	Brevibacillus_agri	Brevibacillus_agri
Coverage	Nor_vs_Ca	Boruta_RF	4	Ca-13	boruta	Lactococcus_lactis	Lactococcus_lactis
Coverage	Nor_vs_Ca	Boruta_RF	4	Ca-13	boruta	Ferrovibrio_terrae	Ferrovibrio_terrae
Coverage	Nor_vs_Ca	Boruta_RF	4	Ca-13	boruta	JACESI01_sp013911885	JACESI01_sp013911885
Coverage	Nor_vs_Ca	Boruta_RF	4	Ca-13	boruta	Frigidibacter_sp002423245	Frigidibacter_sp002423245
Coverage	Nor_vs_Ca	Boruta_RF	4	Ca-13	boruta	Erythrobacter_cryptus	Erythrobacter_cryptus
Coverage	Nor_vs_Ca	Boruta_RF	4	Ca-13	boruta	Sphingobium_fontiphilum	Sphingobium_fontiphilum
Coverage	Nor_vs_Ca	Boruta_RF	4	Ca-13	boruta	Sphingomonas_sp001557215	Sphingomonas_sp001557215
Coverage	Nor_vs_Ca	Boruta_RF	4	Ca-13	boruta	Caballeronia_sordidicola_A	Caballeronia_sordidicola_A
Coverage	Nor_vs_Ca	Boruta_RF	4	Ca-13	boruta	Comamonas_acidovorans	Comamonas_acidovorans
Coverage	Nor_vs_Ca	Boruta_RF	4	Ca-13	boruta	Zhizhongheella_caldifontis	Zhizhongheella_caldifontis
Coverage	Nor_vs_Ca	Boruta_RF	4	Ca-13	boruta	Methyloversatilis_discipulorum	Methyloversatilis_discipulorum
Coverage	Nor_vs_Ca	Boruta_RF	4	Ca-13	boruta	Methyloversatilis_discipulorum_A	Methyloversatilis_discipulorum_A
Coverage	Nor_vs_Ca	Boruta_RF	4	Ca-13	boruta	Methyloversatilis_thermotolerans	Methyloversatilis_thermotolerans
Coverage	Nor_vs_Ca	Boruta_RF	4	Ca-13	boruta	Methyloversatilis_universalis	Methyloversatilis_universalis
Coverage	Nor_vs_Ca	Boruta_RF	4	Ca-13	boruta	Methyloversatilis_universalis_A	Methyloversatilis_universalis_A
Coverage	Nor_vs_Ca	Boruta_RF	4	Ca-13	boruta	Pseudomonas_aeruginosa	Pseudomonas_aeruginosa
Coverage	Nor_vs_Ca	Boruta_RF	4	Ca-13	boruta	Arenimonas_sp003241895	Arenimonas_sp003241895
Coverage	Nor_vs_Ca	Boruta_RF	5	Nor-4	boruta	Obscuribacter_phosphatis	Obscuribacter_phosphatis
Coverage	Nor_vs_Ca	Boruta_RF	5	Nor-4	boruta	Brevibacillus_agri	Brevibacillus_agri
Coverage	Nor_vs_Ca	Boruta_RF	5	Nor-4	boruta	Lactococcus_lactis	Lactococcus_lactis
Coverage	Nor_vs_Ca	Boruta_RF	5	Nor-4	boruta	Lactococcus_petauri	Lactococcus_petauri
Coverage	Nor_vs_Ca	Boruta_RF	5	Nor-4	boruta	Ferrovibrio_terrae	Ferrovibrio_terrae
Coverage	Nor_vs_Ca	Boruta_RF	5	Nor-4	boruta	JACESI01_sp013911885	JACESI01_sp013911885
Coverage	Nor_vs_Ca	Boruta_RF	5	Nor-4	boruta	Frigidibacter_sp002423245	Frigidibacter_sp002423245
Coverage	Nor_vs_Ca	Boruta_RF	5	Nor-4	boruta	Erythrobacter_colymbi	Erythrobacter_colymbi
Coverage	Nor_vs_Ca	Boruta_RF	5	Nor-4	boruta	Erythrobacter_cryptus	Erythrobacter_cryptus
Coverage	Nor_vs_Ca	Boruta_RF	5	Nor-4	boruta	Sphingobium_fontiphilum	Sphingobium_fontiphilum
Coverage	Nor_vs_Ca	Boruta_RF	5	Nor-4	boruta	Sphingomonas_sp001557215	Sphingomonas_sp001557215
Coverage	Nor_vs_Ca	Boruta_RF	5	Nor-4	boruta	Caballeronia_sordidicola_A	Caballeronia_sordidicola_A
Coverage	Nor_vs_Ca	Boruta_RF	5	Nor-4	boruta	Zhizhongheella_caldifontis	Zhizhongheella_caldifontis
Coverage	Nor_vs_Ca	Boruta_RF	5	Nor-4	boruta	Methyloversatilis_discipulorum	Methyloversatilis_discipulorum
Coverage	Nor_vs_Ca	Boruta_RF	5	Nor-4	boruta	Methyloversatilis_discipulorum_A	Methyloversatilis_discipulorum_A
Coverage	Nor_vs_Ca	Boruta_RF	5	Nor-4	boruta	Methyloversatilis_thermotolerans	Methyloversatilis_thermotolerans
Coverage	Nor_vs_Ca	Boruta_RF	5	Nor-4	boruta	Methyloversatilis_universalis	Methyloversatilis_universalis
Coverage	Nor_vs_Ca	Boruta_RF	5	Nor-4	boruta	Methyloversatilis_universalis_A	Methyloversatilis_universalis_A
Coverage	Nor_vs_Ca	Boruta_RF	5	Nor-4	boruta	Pseudomonas_aeruginosa	Pseudomonas_aeruginosa
Coverage	Nor_vs_Ca	Boruta_RF	5	Nor-4	boruta	Arenimonas_sp003241895	Arenimonas_sp003241895
Coverage	Nor_vs_Ca	Boruta_RF	6	Nor-10	boruta	Obscuribacter_phosphatis	Obscuribacter_phosphatis
Coverage	Nor_vs_Ca	Boruta_RF	6	Nor-10	boruta	Brevibacillus_agri	Brevibacillus_agri
Coverage	Nor_vs_Ca	Boruta_RF	6	Nor-10	boruta	Lactococcus_lactis	Lactococcus_lactis
Coverage	Nor_vs_Ca	Boruta_RF	6	Nor-10	boruta	JACESI01_sp013911885	JACESI01_sp013911885
Coverage	Nor_vs_Ca	Boruta_RF	6	Nor-10	boruta	Blastomonas_ursincola	Blastomonas_ursincola
Coverage	Nor_vs_Ca	Boruta_RF	6	Nor-10	boruta	Erythrobacter_colymbi	Erythrobacter_colymbi
Coverage	Nor_vs_Ca	Boruta_RF	6	Nor-10	boruta	Erythrobacter_cryptus	Erythrobacter_cryptus
Coverage	Nor_vs_Ca	Boruta_RF	6	Nor-10	boruta	Sphingobium_fontiphilum	Sphingobium_fontiphilum
Coverage	Nor_vs_Ca	Boruta_RF	6	Nor-10	boruta	Sphingomonas_sp001557215	Sphingomonas_sp001557215
Coverage	Nor_vs_Ca	Boruta_RF	6	Nor-10	boruta	Caballeronia_sordidicola_A	Caballeronia_sordidicola_A
Coverage	Nor_vs_Ca	Boruta_RF	6	Nor-10	boruta	Zhizhongheella_caldifontis	Zhizhongheella_caldifontis
Coverage	Nor_vs_Ca	Boruta_RF	6	Nor-10	boruta	Methyloversatilis_discipulorum	Methyloversatilis_discipulorum
Coverage	Nor_vs_Ca	Boruta_RF	6	Nor-10	boruta	Methyloversatilis_discipulorum_A	Methyloversatilis_discipulorum_A
Coverage	Nor_vs_Ca	Boruta_RF	6	Nor-10	boruta	Methyloversatilis_thermotolerans	Methyloversatilis_thermotolerans
Coverage	Nor_vs_Ca	Boruta_RF	6	Nor-10	boruta	Methyloversatilis_universalis	Methyloversatilis_universalis
Coverage	Nor_vs_Ca	Boruta_RF	6	Nor-10	boruta	Methyloversatilis_universalis_A	Methyloversatilis_universalis_A
Coverage	Nor_vs_Ca	Boruta_RF	6	Nor-10	boruta	Arenimonas_sp003241895	Arenimonas_sp003241895
Coverage	Nor_vs_Ca	Boruta_RF	7	Ca-14	boruta	Obscuribacter_phosphatis	Obscuribacter_phosphatis
Coverage	Nor_vs_Ca	Boruta_RF	7	Ca-14	boruta	Brevibacillus_agri	Brevibacillus_agri
Coverage	Nor_vs_Ca	Boruta_RF	7	Ca-14	boruta	Lactococcus_lactis	Lactococcus_lactis
Coverage	Nor_vs_Ca	Boruta_RF	7	Ca-14	boruta	JACESI01_sp013911885	JACESI01_sp013911885
Coverage	Nor_vs_Ca	Boruta_RF	7	Ca-14	boruta	Frigidibacter_sp002423245	Frigidibacter_sp002423245
Coverage	Nor_vs_Ca	Boruta_RF	7	Ca-14	boruta	Erythrobacter_colymbi	Erythrobacter_colymbi
Coverage	Nor_vs_Ca	Boruta_RF	7	Ca-14	boruta	Erythrobacter_cryptus	Erythrobacter_cryptus
Coverage	Nor_vs_Ca	Boruta_RF	7	Ca-14	boruta	Sphingobium_fontiphilum	Sphingobium_fontiphilum
Coverage	Nor_vs_Ca	Boruta_RF	7	Ca-14	boruta	Sphingomonas_sp001557215	Sphingomonas_sp001557215
Coverage	Nor_vs_Ca	Boruta_RF	7	Ca-14	boruta	Caballeronia_sordidicola_A	Caballeronia_sordidicola_A
Coverage	Nor_vs_Ca	Boruta_RF	7	Ca-14	boruta	Comamonas_acidovorans	Comamonas_acidovorans
Coverage	Nor_vs_Ca	Boruta_RF	7	Ca-14	boruta	Zhizhongheella_caldifontis	Zhizhongheella_caldifontis
Coverage	Nor_vs_Ca	Boruta_RF	7	Ca-14	boruta	Methyloversatilis_discipulorum	Methyloversatilis_discipulorum
Coverage	Nor_vs_Ca	Boruta_RF	7	Ca-14	boruta	Methyloversatilis_discipulorum_A	Methyloversatilis_discipulorum_A
Coverage	Nor_vs_Ca	Boruta_RF	7	Ca-14	boruta	Methyloversatilis_thermotolerans	Methyloversatilis_thermotolerans
Coverage	Nor_vs_Ca	Boruta_RF	7	Ca-14	boruta	Methyloversatilis_universalis	Methyloversatilis_universalis
Coverage	Nor_vs_Ca	Boruta_RF	7	Ca-14	boruta	Methyloversatilis_universalis_A	Methyloversatilis_universalis_A
Coverage	Nor_vs_Ca	Boruta_RF	7	Ca-14	boruta	Sulfurivermis_fontis	Sulfurivermis_fontis
Coverage	Nor_vs_Ca	Boruta_RF	7	Ca-14	boruta	Arenimonas_sp003241895	Arenimonas_sp003241895
Coverage	Nor_vs_Ca	Boruta_RF	8	Nor-13	boruta	Obscuribacter_phosphatis	Obscuribacter_phosphatis
Coverage	Nor_vs_Ca	Boruta_RF	8	Nor-13	boruta	Brevibacillus_agri	Brevibacillus_agri
Coverage	Nor_vs_Ca	Boruta_RF	8	Nor-13	boruta	Lactococcus_lactis	Lactococcus_lactis
Coverage	Nor_vs_Ca	Boruta_RF	8	Nor-13	boruta	Ferrovibrio_terrae	Ferrovibrio_terrae
Coverage	Nor_vs_Ca	Boruta_RF	8	Nor-13	boruta	JACESI01_sp013911885	JACESI01_sp013911885
Coverage	Nor_vs_Ca	Boruta_RF	8	Nor-13	boruta	Frigidibacter_sp002423245	Frigidibacter_sp002423245
Coverage	Nor_vs_Ca	Boruta_RF	8	Nor-13	boruta	Blastomonas_ursincola	Blastomonas_ursincola
Coverage	Nor_vs_Ca	Boruta_RF	8	Nor-13	boruta	Erythrobacter_colymbi	Erythrobacter_colymbi
Coverage	Nor_vs_Ca	Boruta_RF	8	Nor-13	boruta	Erythrobacter_cryptus	Erythrobacter_cryptus
Coverage	Nor_vs_Ca	Boruta_RF	8	Nor-13	boruta	Sphingobium_fontiphilum	Sphingobium_fontiphilum
Coverage	Nor_vs_Ca	Boruta_RF	8	Nor-13	boruta	Sphingomonas_sp001557215	Sphingomonas_sp001557215
Coverage	Nor_vs_Ca	Boruta_RF	8	Nor-13	boruta	Caballeronia_sordidicola_A	Caballeronia_sordidicola_A
Coverage	Nor_vs_Ca	Boruta_RF	8	Nor-13	boruta	Zhizhongheella_caldifontis	Zhizhongheella_caldifontis
Coverage	Nor_vs_Ca	Boruta_RF	8	Nor-13	boruta	Methyloversatilis_discipulorum	Methyloversatilis_discipulorum
Coverage	Nor_vs_Ca	Boruta_RF	8	Nor-13	boruta	Methyloversatilis_discipulorum_A	Methyloversatilis_discipulorum_A
Coverage	Nor_vs_Ca	Boruta_RF	8	Nor-13	boruta	Methyloversatilis_thermotolerans	Methyloversatilis_thermotolerans
Coverage	Nor_vs_Ca	Boruta_RF	8	Nor-13	boruta	Methyloversatilis_universalis	Methyloversatilis_universalis
Coverage	Nor_vs_Ca	Boruta_RF	8	Nor-13	boruta	Methyloversatilis_universalis_A	Methyloversatilis_universalis_A
Coverage	Nor_vs_Ca	Boruta_RF	8	Nor-13	boruta	Pseudomonas_E_edaphica	Pseudomonas_E_edaphica
Coverage	Nor_vs_Ca	Boruta_RF	8	Nor-13	boruta	Arenimonas_sp003241895	Arenimonas_sp003241895
Coverage	Nor_vs_Ca	Boruta_RF	9	Ca-10	boruta	Obscuribacter_phosphatis	Obscuribacter_phosphatis
Coverage	Nor_vs_Ca	Boruta_RF	9	Ca-10	boruta	Brevibacillus_agri	Brevibacillus_agri
Coverage	Nor_vs_Ca	Boruta_RF	9	Ca-10	boruta	Lactococcus_lactis	Lactococcus_lactis
Coverage	Nor_vs_Ca	Boruta_RF	9	Ca-10	boruta	JACESI01_sp013911885	JACESI01_sp013911885
Coverage	Nor_vs_Ca	Boruta_RF	9	Ca-10	boruta	Frigidibacter_sp002423245	Frigidibacter_sp002423245
Coverage	Nor_vs_Ca	Boruta_RF	9	Ca-10	boruta	Blastomonas_ursincola	Blastomonas_ursincola
Coverage	Nor_vs_Ca	Boruta_RF	9	Ca-10	boruta	Erythrobacter_cryptus	Erythrobacter_cryptus
Coverage	Nor_vs_Ca	Boruta_RF	9	Ca-10	boruta	Sphingobium_fontiphilum	Sphingobium_fontiphilum
Coverage	Nor_vs_Ca	Boruta_RF	9	Ca-10	boruta	Sphingomonas_sp001557215	Sphingomonas_sp001557215
Coverage	Nor_vs_Ca	Boruta_RF	9	Ca-10	boruta	Caballeronia_sordidicola_A	Caballeronia_sordidicola_A
Coverage	Nor_vs_Ca	Boruta_RF	9	Ca-10	boruta	Comamonas_acidovorans	Comamonas_acidovorans
Coverage	Nor_vs_Ca	Boruta_RF	9	Ca-10	boruta	Zhizhongheella_caldifontis	Zhizhongheella_caldifontis
Coverage	Nor_vs_Ca	Boruta_RF	9	Ca-10	boruta	Methyloversatilis_discipulorum	Methyloversatilis_discipulorum
Coverage	Nor_vs_Ca	Boruta_RF	9	Ca-10	boruta	Methyloversatilis_discipulorum_A	Methyloversatilis_discipulorum_A
Coverage	Nor_vs_Ca	Boruta_RF	9	Ca-10	boruta	Methyloversatilis_thermotolerans	Methyloversatilis_thermotolerans
Coverage	Nor_vs_Ca	Boruta_RF	9	Ca-10	boruta	Methyloversatilis_universalis	Methyloversatilis_universalis
Coverage	Nor_vs_Ca	Boruta_RF	9	Ca-10	boruta	Methyloversatilis_universalis_A	Methyloversatilis_universalis_A
Coverage	Nor_vs_Ca	Boruta_RF	9	Ca-10	boruta	Arenimonas_sp003241895	Arenimonas_sp003241895
Coverage	Nor_vs_Ca	Boruta_RF	10	Nor-14	boruta	Nocardia_cyriacigeorgica_D	Nocardia_cyriacigeorgica_D
Coverage	Nor_vs_Ca	Boruta_RF	10	Nor-14	boruta	Obscuribacter_phosphatis	Obscuribacter_phosphatis
Coverage	Nor_vs_Ca	Boruta_RF	10	Nor-14	boruta	Lactococcus_lactis	Lactococcus_lactis
Coverage	Nor_vs_Ca	Boruta_RF	10	Nor-14	boruta	Ferrovibrio_terrae	Ferrovibrio_terrae
Coverage	Nor_vs_Ca	Boruta_RF	10	Nor-14	boruta	JACESI01_sp013911885	JACESI01_sp013911885
Coverage	Nor_vs_Ca	Boruta_RF	10	Nor-14	boruta	Frigidibacter_sp002423245	Frigidibacter_sp002423245
Coverage	Nor_vs_Ca	Boruta_RF	10	Nor-14	boruta	Erythrobacter_cryptus	Erythrobacter_cryptus
Coverage	Nor_vs_Ca	Boruta_RF	10	Nor-14	boruta	Sphingobium_fontiphilum	Sphingobium_fontiphilum
Coverage	Nor_vs_Ca	Boruta_RF	10	Nor-14	boruta	Sphingomonas_sp001557215	Sphingomonas_sp001557215
Coverage	Nor_vs_Ca	Boruta_RF	10	Nor-14	boruta	Caballeronia_sordidicola_A	Caballeronia_sordidicola_A
Coverage	Nor_vs_Ca	Boruta_RF	10	Nor-14	boruta	Zhizhongheella_caldifontis	Zhizhongheella_caldifontis
Coverage	Nor_vs_Ca	Boruta_RF	10	Nor-14	boruta	Methyloversatilis_discipulorum	Methyloversatilis_discipulorum
Coverage	Nor_vs_Ca	Boruta_RF	10	Nor-14	boruta	Methyloversatilis_discipulorum_A	Methyloversatilis_discipulorum_A
Coverage	Nor_vs_Ca	Boruta_RF	10	Nor-14	boruta	Methyloversatilis_thermotolerans	Methyloversatilis_thermotolerans
Coverage	Nor_vs_Ca	Boruta_RF	10	Nor-14	boruta	Methyloversatilis_universalis	Methyloversatilis_universalis
Coverage	Nor_vs_Ca	Boruta_RF	10	Nor-14	boruta	Methyloversatilis_universalis_A	Methyloversatilis_universalis_A
Coverage	Nor_vs_Ca	Boruta_RF	10	Nor-14	boruta	Pseudomonas_aeruginosa	Pseudomonas_aeruginosa
Coverage	Nor_vs_Ca	Boruta_RF	10	Nor-14	boruta	Arenimonas_sp003241895	Arenimonas_sp003241895
Coverage	Nor_vs_Ca	Boruta_RF	11	Ca-3	boruta	Obscuribacter_phosphatis	Obscuribacter_phosphatis
Coverage	Nor_vs_Ca	Boruta_RF	11	Ca-3	boruta	Brevibacillus_agri	Brevibacillus_agri
Coverage	Nor_vs_Ca	Boruta_RF	11	Ca-3	boruta	Lactococcus_lactis	Lactococcus_lactis
Coverage	Nor_vs_Ca	Boruta_RF	11	Ca-3	boruta	JACESI01_sp013911885	JACESI01_sp013911885
Coverage	Nor_vs_Ca	Boruta_RF	11	Ca-3	boruta	Frigidibacter_sp002423245	Frigidibacter_sp002423245
Coverage	Nor_vs_Ca	Boruta_RF	11	Ca-3	boruta	Erythrobacter_cryptus	Erythrobacter_cryptus
Coverage	Nor_vs_Ca	Boruta_RF	11	Ca-3	boruta	Sphingobium_fontiphilum	Sphingobium_fontiphilum
Coverage	Nor_vs_Ca	Boruta_RF	11	Ca-3	boruta	Sphingomonas_sp001557215	Sphingomonas_sp001557215
Coverage	Nor_vs_Ca	Boruta_RF	11	Ca-3	boruta	Zhizhongheella_caldifontis	Zhizhongheella_caldifontis
Coverage	Nor_vs_Ca	Boruta_RF	11	Ca-3	boruta	Methyloversatilis_discipulorum	Methyloversatilis_discipulorum
Coverage	Nor_vs_Ca	Boruta_RF	11	Ca-3	boruta	Methyloversatilis_discipulorum_A	Methyloversatilis_discipulorum_A
Coverage	Nor_vs_Ca	Boruta_RF	11	Ca-3	boruta	Methyloversatilis_thermotolerans	Methyloversatilis_thermotolerans
Coverage	Nor_vs_Ca	Boruta_RF	11	Ca-3	boruta	Methyloversatilis_universalis	Methyloversatilis_universalis
Coverage	Nor_vs_Ca	Boruta_RF	11	Ca-3	boruta	Methyloversatilis_universalis_A	Methyloversatilis_universalis_A
Coverage	Nor_vs_Ca	Boruta_RF	11	Ca-3	boruta	Sulfurivermis_fontis	Sulfurivermis_fontis
Coverage	Nor_vs_Ca	Boruta_RF	11	Ca-3	boruta	Arenimonas_sp003241895	Arenimonas_sp003241895
Coverage	Nor_vs_Ca	Boruta_RF	12	Ca-4	boruta	Nocardia_cyriacigeorgica_D	Nocardia_cyriacigeorgica_D
Coverage	Nor_vs_Ca	Boruta_RF	12	Ca-4	boruta	Obscuribacter_phosphatis	Obscuribacter_phosphatis
Coverage	Nor_vs_Ca	Boruta_RF	12	Ca-4	boruta	Brevibacillus_agri	Brevibacillus_agri
Coverage	Nor_vs_Ca	Boruta_RF	12	Ca-4	boruta	Lactococcus_lactis	Lactococcus_lactis
Coverage	Nor_vs_Ca	Boruta_RF	12	Ca-4	boruta	JACESI01_sp013911885	JACESI01_sp013911885
Coverage	Nor_vs_Ca	Boruta_RF	12	Ca-4	boruta	Frigidibacter_sp002423245	Frigidibacter_sp002423245
Coverage	Nor_vs_Ca	Boruta_RF	12	Ca-4	boruta	Erythrobacter_colymbi	Erythrobacter_colymbi
Coverage	Nor_vs_Ca	Boruta_RF	12	Ca-4	boruta	Erythrobacter_cryptus	Erythrobacter_cryptus
Coverage	Nor_vs_Ca	Boruta_RF	12	Ca-4	boruta	Sphingobium_fontiphilum	Sphingobium_fontiphilum
Coverage	Nor_vs_Ca	Boruta_RF	12	Ca-4	boruta	Sphingomonas_sp001557215	Sphingomonas_sp001557215
Coverage	Nor_vs_Ca	Boruta_RF	12	Ca-4	boruta	Caballeronia_sordidicola_A	Caballeronia_sordidicola_A
Coverage	Nor_vs_Ca	Boruta_RF	12	Ca-4	boruta	Zhizhongheella_caldifontis	Zhizhongheella_caldifontis
Coverage	Nor_vs_Ca	Boruta_RF	12	Ca-4	boruta	Methyloversatilis_discipulorum	Methyloversatilis_discipulorum
Coverage	Nor_vs_Ca	Boruta_RF	12	Ca-4	boruta	Methyloversatilis_discipulorum_A	Methyloversatilis_discipulorum_A
Coverage	Nor_vs_Ca	Boruta_RF	12	Ca-4	boruta	Methyloversatilis_thermotolerans	Methyloversatilis_thermotolerans
Coverage	Nor_vs_Ca	Boruta_RF	12	Ca-4	boruta	Methyloversatilis_universalis	Methyloversatilis_universalis
Coverage	Nor_vs_Ca	Boruta_RF	12	Ca-4	boruta	Methyloversatilis_universalis_A	Methyloversatilis_universalis_A
Coverage	Nor_vs_Ca	Boruta_RF	12	Ca-4	boruta	Sulfurivermis_fontis	Sulfurivermis_fontis
Coverage	Nor_vs_Ca	Boruta_RF	12	Ca-4	boruta	Arenimonas_sp003241895	Arenimonas_sp003241895
Coverage	Nor_vs_Ca	Boruta_RF	13	Ca-11	boruta	Obscuribacter_phosphatis	Obscuribacter_phosphatis
Coverage	Nor_vs_Ca	Boruta_RF	13	Ca-11	boruta	Brevibacillus_agri	Brevibacillus_agri
Coverage	Nor_vs_Ca	Boruta_RF	13	Ca-11	boruta	Lactococcus_lactis	Lactococcus_lactis
Coverage	Nor_vs_Ca	Boruta_RF	13	Ca-11	boruta	JACESI01_sp013911885	JACESI01_sp013911885
Coverage	Nor_vs_Ca	Boruta_RF	13	Ca-11	boruta	Frigidibacter_sp002423245	Frigidibacter_sp002423245
Coverage	Nor_vs_Ca	Boruta_RF	13	Ca-11	boruta	Erythrobacter_colymbi	Erythrobacter_colymbi
Coverage	Nor_vs_Ca	Boruta_RF	13	Ca-11	boruta	Erythrobacter_cryptus	Erythrobacter_cryptus
Coverage	Nor_vs_Ca	Boruta_RF	13	Ca-11	boruta	Sphingobium_fontiphilum	Sphingobium_fontiphilum
Coverage	Nor_vs_Ca	Boruta_RF	13	Ca-11	boruta	Sphingomonas_sp001557215	Sphingomonas_sp001557215
Coverage	Nor_vs_Ca	Boruta_RF	13	Ca-11	boruta	Caballeronia_sordidicola_A	Caballeronia_sordidicola_A
Coverage	Nor_vs_Ca	Boruta_RF	13	Ca-11	boruta	Comamonas_acidovorans	Comamonas_acidovorans
Coverage	Nor_vs_Ca	Boruta_RF	13	Ca-11	boruta	Zhizhongheella_caldifontis	Zhizhongheella_caldifontis
Coverage	Nor_vs_Ca	Boruta_RF	13	Ca-11	boruta	Methyloversatilis_discipulorum	Methyloversatilis_discipulorum
Coverage	Nor_vs_Ca	Boruta_RF	13	Ca-11	boruta	Methyloversatilis_discipulorum_A	Methyloversatilis_discipulorum_A
Coverage	Nor_vs_Ca	Boruta_RF	13	Ca-11	boruta	Methyloversatilis_thermotolerans	Methyloversatilis_thermotolerans
Coverage	Nor_vs_Ca	Boruta_RF	13	Ca-11	boruta	Methyloversatilis_universalis	Methyloversatilis_universalis
Coverage	Nor_vs_Ca	Boruta_RF	13	Ca-11	boruta	Methyloversatilis_universalis_A	Methyloversatilis_universalis_A
Coverage	Nor_vs_Ca	Boruta_RF	13	Ca-11	boruta	Arenimonas_sp003241895	Arenimonas_sp003241895
Coverage	Nor_vs_Ca	Boruta_RF	14	Nor-11	boruta	Obscuribacter_phosphatis	Obscuribacter_phosphatis
Coverage	Nor_vs_Ca	Boruta_RF	14	Nor-11	boruta	Brevibacillus_agri	Brevibacillus_agri
Coverage	Nor_vs_Ca	Boruta_RF	14	Nor-11	boruta	Lactococcus_lactis	Lactococcus_lactis
Coverage	Nor_vs_Ca	Boruta_RF	14	Nor-11	boruta	JACESI01_sp013911885	JACESI01_sp013911885
Coverage	Nor_vs_Ca	Boruta_RF	14	Nor-11	boruta	Frigidibacter_sp002423245	Frigidibacter_sp002423245
Coverage	Nor_vs_Ca	Boruta_RF	14	Nor-11	boruta	Erythrobacter_colymbi	Erythrobacter_colymbi
Coverage	Nor_vs_Ca	Boruta_RF	14	Nor-11	boruta	Erythrobacter_cryptus	Erythrobacter_cryptus
Coverage	Nor_vs_Ca	Boruta_RF	14	Nor-11	boruta	Sphingobium_fontiphilum	Sphingobium_fontiphilum
Coverage	Nor_vs_Ca	Boruta_RF	14	Nor-11	boruta	Sphingomonas_hankookensis	Sphingomonas_hankookensis
Coverage	Nor_vs_Ca	Boruta_RF	14	Nor-11	boruta	Sphingomonas_sp001557215	Sphingomonas_sp001557215
Coverage	Nor_vs_Ca	Boruta_RF	14	Nor-11	boruta	Caballeronia_sordidicola_A	Caballeronia_sordidicola_A
Coverage	Nor_vs_Ca	Boruta_RF	14	Nor-11	boruta	Zhizhongheella_caldifontis	Zhizhongheella_caldifontis
Coverage	Nor_vs_Ca	Boruta_RF	14	Nor-11	boruta	Methyloversatilis_discipulorum	Methyloversatilis_discipulorum
Coverage	Nor_vs_Ca	Boruta_RF	14	Nor-11	boruta	Methyloversatilis_discipulorum_A	Methyloversatilis_discipulorum_A
Coverage	Nor_vs_Ca	Boruta_RF	14	Nor-11	boruta	Methyloversatilis_thermotolerans	Methyloversatilis_thermotolerans
Coverage	Nor_vs_Ca	Boruta_RF	14	Nor-11	boruta	Methyloversatilis_universalis	Methyloversatilis_universalis
Coverage	Nor_vs_Ca	Boruta_RF	14	Nor-11	boruta	Methyloversatilis_universalis_A	Methyloversatilis_universalis_A
Coverage	Nor_vs_Ca	Boruta_RF	14	Nor-11	boruta	Arenimonas_sp003241895	Arenimonas_sp003241895
Coverage	Nor_vs_Ca	Boruta_RF	15	Ca-9	boruta	Obscuribacter_phosphatis	Obscuribacter_phosphatis
Coverage	Nor_vs_Ca	Boruta_RF	15	Ca-9	boruta	Brevibacillus_agri	Brevibacillus_agri
Coverage	Nor_vs_Ca	Boruta_RF	15	Ca-9	boruta	Lactococcus_lactis	Lactococcus_lactis
Coverage	Nor_vs_Ca	Boruta_RF	15	Ca-9	boruta	JACESI01_sp013911885	JACESI01_sp013911885
Coverage	Nor_vs_Ca	Boruta_RF	15	Ca-9	boruta	Frigidibacter_sp002423245	Frigidibacter_sp002423245
Coverage	Nor_vs_Ca	Boruta_RF	15	Ca-9	boruta	Erythrobacter_colymbi	Erythrobacter_colymbi
Coverage	Nor_vs_Ca	Boruta_RF	15	Ca-9	boruta	Erythrobacter_cryptus	Erythrobacter_cryptus
Coverage	Nor_vs_Ca	Boruta_RF	15	Ca-9	boruta	Sphingobium_fontiphilum	Sphingobium_fontiphilum
Coverage	Nor_vs_Ca	Boruta_RF	15	Ca-9	boruta	Sphingomonas_sp001557215	Sphingomonas_sp001557215
Coverage	Nor_vs_Ca	Boruta_RF	15	Ca-9	boruta	Caballeronia_sordidicola_A	Caballeronia_sordidicola_A
Coverage	Nor_vs_Ca	Boruta_RF	15	Ca-9	boruta	Comamonas_acidovorans	Comamonas_acidovorans
Coverage	Nor_vs_Ca	Boruta_RF	15	Ca-9	boruta	Zhizhongheella_caldifontis	Zhizhongheella_caldifontis
Coverage	Nor_vs_Ca	Boruta_RF	15	Ca-9	boruta	Methyloversatilis_discipulorum	Methyloversatilis_discipulorum
Coverage	Nor_vs_Ca	Boruta_RF	15	Ca-9	boruta	Methyloversatilis_discipulorum_A	Methyloversatilis_discipulorum_A
Coverage	Nor_vs_Ca	Boruta_RF	15	Ca-9	boruta	Methyloversatilis_thermotolerans	Methyloversatilis_thermotolerans
Coverage	Nor_vs_Ca	Boruta_RF	15	Ca-9	boruta	Methyloversatilis_universalis	Methyloversatilis_universalis
Coverage	Nor_vs_Ca	Boruta_RF	15	Ca-9	boruta	Methyloversatilis_universalis_A	Methyloversatilis_universalis_A
Coverage	Nor_vs_Ca	Boruta_RF	15	Ca-9	boruta	Arenimonas_sp003241895	Arenimonas_sp003241895
Coverage	Nor_vs_Ca	Boruta_RF	16	Nor-7	boruta	Nocardia_cyriacigeorgica_D	Nocardia_cyriacigeorgica_D
Coverage	Nor_vs_Ca	Boruta_RF	16	Nor-7	boruta	Obscuribacter_phosphatis	Obscuribacter_phosphatis
Coverage	Nor_vs_Ca	Boruta_RF	16	Nor-7	boruta	Brevibacillus_agri	Brevibacillus_agri
Coverage	Nor_vs_Ca	Boruta_RF	16	Nor-7	boruta	Lactococcus_lactis	Lactococcus_lactis
Coverage	Nor_vs_Ca	Boruta_RF	16	Nor-7	boruta	JACESI01_sp013911885	JACESI01_sp013911885
Coverage	Nor_vs_Ca	Boruta_RF	16	Nor-7	boruta	Erythrobacter_colymbi	Erythrobacter_colymbi
Coverage	Nor_vs_Ca	Boruta_RF	16	Nor-7	boruta	Erythrobacter_cryptus	Erythrobacter_cryptus
Coverage	Nor_vs_Ca	Boruta_RF	16	Nor-7	boruta	Sphingobium_fontiphilum	Sphingobium_fontiphilum
Coverage	Nor_vs_Ca	Boruta_RF	16	Nor-7	boruta	Sphingomonas_sp001557215	Sphingomonas_sp001557215
Coverage	Nor_vs_Ca	Boruta_RF	16	Nor-7	boruta	Caballeronia_sordidicola_A	Caballeronia_sordidicola_A
Coverage	Nor_vs_Ca	Boruta_RF	16	Nor-7	boruta	Zhizhongheella_caldifontis	Zhizhongheella_caldifontis
Coverage	Nor_vs_Ca	Boruta_RF	16	Nor-7	boruta	Methyloversatilis_discipulorum	Methyloversatilis_discipulorum
Coverage	Nor_vs_Ca	Boruta_RF	16	Nor-7	boruta	Methyloversatilis_discipulorum_A	Methyloversatilis_discipulorum_A
Coverage	Nor_vs_Ca	Boruta_RF	16	Nor-7	boruta	Methyloversatilis_thermotolerans	Methyloversatilis_thermotolerans
Coverage	Nor_vs_Ca	Boruta_RF	16	Nor-7	boruta	Methyloversatilis_universalis	Methyloversatilis_universalis
Coverage	Nor_vs_Ca	Boruta_RF	16	Nor-7	boruta	Methyloversatilis_universalis_A	Methyloversatilis_universalis_A
Coverage	Nor_vs_Ca	Boruta_RF	16	Nor-7	boruta	Arenimonas_sp003241895	Arenimonas_sp003241895
Coverage	Nor_vs_Ca	Boruta_RF	17	Ca-7	boruta	Obscuribacter_phosphatis	Obscuribacter_phosphatis
Coverage	Nor_vs_Ca	Boruta_RF	17	Ca-7	boruta	Brevibacillus_agri	Brevibacillus_agri
Coverage	Nor_vs_Ca	Boruta_RF	17	Ca-7	boruta	Lactococcus_lactis	Lactococcus_lactis
Coverage	Nor_vs_Ca	Boruta_RF	17	Ca-7	boruta	Ferrovibrio_terrae	Ferrovibrio_terrae
Coverage	Nor_vs_Ca	Boruta_RF	17	Ca-7	boruta	JACESI01_sp013911885	JACESI01_sp013911885
Coverage	Nor_vs_Ca	Boruta_RF	17	Ca-7	boruta	Frigidibacter_sp002423245	Frigidibacter_sp002423245
Coverage	Nor_vs_Ca	Boruta_RF	17	Ca-7	boruta	Erythrobacter_colymbi	Erythrobacter_colymbi
Coverage	Nor_vs_Ca	Boruta_RF	17	Ca-7	boruta	Erythrobacter_cryptus	Erythrobacter_cryptus
Coverage	Nor_vs_Ca	Boruta_RF	17	Ca-7	boruta	Sphingobium_fontiphilum	Sphingobium_fontiphilum
Coverage	Nor_vs_Ca	Boruta_RF	17	Ca-7	boruta	Sphingomonas_sp001557215	Sphingomonas_sp001557215
Coverage	Nor_vs_Ca	Boruta_RF	17	Ca-7	boruta	Caballeronia_sordidicola_A	Caballeronia_sordidicola_A
Coverage	Nor_vs_Ca	Boruta_RF	17	Ca-7	boruta	Comamonas_acidovorans	Comamonas_acidovorans
Coverage	Nor_vs_Ca	Boruta_RF	17	Ca-7	boruta	Zhizhongheella_caldifontis	Zhizhongheella_caldifontis
Coverage	Nor_vs_Ca	Boruta_RF	17	Ca-7	boruta	Methyloversatilis_discipulorum	Methyloversatilis_discipulorum
Coverage	Nor_vs_Ca	Boruta_RF	17	Ca-7	boruta	Methyloversatilis_discipulorum_A	Methyloversatilis_discipulorum_A
Coverage	Nor_vs_Ca	Boruta_RF	17	Ca-7	boruta	Methyloversatilis_thermotolerans	Methyloversatilis_thermotolerans
Coverage	Nor_vs_Ca	Boruta_RF	17	Ca-7	boruta	Methyloversatilis_universalis	Methyloversatilis_universalis
Coverage	Nor_vs_Ca	Boruta_RF	17	Ca-7	boruta	Methyloversatilis_universalis_A	Methyloversatilis_universalis_A
Coverage	Nor_vs_Ca	Boruta_RF	17	Ca-7	boruta	Sulfurivermis_fontis	Sulfurivermis_fontis
Coverage	Nor_vs_Ca	Boruta_RF	17	Ca-7	boruta	Arenimonas_sp003241895	Arenimonas_sp003241895
Coverage	Nor_vs_Ca	Boruta_RF	18	Nor-12	boruta	Obscuribacter_phosphatis	Obscuribacter_phosphatis
Coverage	Nor_vs_Ca	Boruta_RF	18	Nor-12	boruta	Brevibacillus_agri	Brevibacillus_agri
Coverage	Nor_vs_Ca	Boruta_RF	18	Nor-12	boruta	Lactococcus_lactis	Lactococcus_lactis
Coverage	Nor_vs_Ca	Boruta_RF	18	Nor-12	boruta	JACESI01_sp013911885	JACESI01_sp013911885
Coverage	Nor_vs_Ca	Boruta_RF	18	Nor-12	boruta	Blastomonas_ursincola	Blastomonas_ursincola
Coverage	Nor_vs_Ca	Boruta_RF	18	Nor-12	boruta	Erythrobacter_cryptus	Erythrobacter_cryptus
Coverage	Nor_vs_Ca	Boruta_RF	18	Nor-12	boruta	Sphingobium_fontiphilum	Sphingobium_fontiphilum
Coverage	Nor_vs_Ca	Boruta_RF	18	Nor-12	boruta	Sphingomonas_hankookensis	Sphingomonas_hankookensis
Coverage	Nor_vs_Ca	Boruta_RF	18	Nor-12	boruta	Sphingomonas_sp001557215	Sphingomonas_sp001557215
Coverage	Nor_vs_Ca	Boruta_RF	18	Nor-12	boruta	Caballeronia_sordidicola_A	Caballeronia_sordidicola_A
Coverage	Nor_vs_Ca	Boruta_RF	18	Nor-12	boruta	Comamonas_acidovorans	Comamonas_acidovorans
Coverage	Nor_vs_Ca	Boruta_RF	18	Nor-12	boruta	Zhizhongheella_caldifontis	Zhizhongheella_caldifontis
Coverage	Nor_vs_Ca	Boruta_RF	18	Nor-12	boruta	Methyloversatilis_discipulorum	Methyloversatilis_discipulorum
Coverage	Nor_vs_Ca	Boruta_RF	18	Nor-12	boruta	Methyloversatilis_discipulorum_A	Methyloversatilis_discipulorum_A
Coverage	Nor_vs_Ca	Boruta_RF	18	Nor-12	boruta	Methyloversatilis_thermotolerans	Methyloversatilis_thermotolerans
Coverage	Nor_vs_Ca	Boruta_RF	18	Nor-12	boruta	Methyloversatilis_universalis	Methyloversatilis_universalis
Coverage	Nor_vs_Ca	Boruta_RF	18	Nor-12	boruta	Methyloversatilis_universalis_A	Methyloversatilis_universalis_A
Coverage	Nor_vs_Ca	Boruta_RF	18	Nor-12	boruta	Pseudomonas_aeruginosa	Pseudomonas_aeruginosa
Coverage	Nor_vs_Ca	Boruta_RF	18	Nor-12	boruta	Arenimonas_sp003241895	Arenimonas_sp003241895
Coverage	Nor_vs_Ca	Boruta_RF	19	Nor-6	boruta	Obscuribacter_phosphatis	Obscuribacter_phosphatis
Coverage	Nor_vs_Ca	Boruta_RF	19	Nor-6	boruta	Brevibacillus_agri	Brevibacillus_agri
Coverage	Nor_vs_Ca	Boruta_RF	19	Nor-6	boruta	Lactococcus_lactis	Lactococcus_lactis
Coverage	Nor_vs_Ca	Boruta_RF	19	Nor-6	boruta	Lactococcus_petauri	Lactococcus_petauri
Coverage	Nor_vs_Ca	Boruta_RF	19	Nor-6	boruta	JACESI01_sp013911885	JACESI01_sp013911885
Coverage	Nor_vs_Ca	Boruta_RF	19	Nor-6	boruta	Frigidibacter_sp002423245	Frigidibacter_sp002423245
Coverage	Nor_vs_Ca	Boruta_RF	19	Nor-6	boruta	Blastomonas_ursincola	Blastomonas_ursincola
Coverage	Nor_vs_Ca	Boruta_RF	19	Nor-6	boruta	Erythrobacter_colymbi	Erythrobacter_colymbi
Coverage	Nor_vs_Ca	Boruta_RF	19	Nor-6	boruta	Erythrobacter_cryptus	Erythrobacter_cryptus
Coverage	Nor_vs_Ca	Boruta_RF	19	Nor-6	boruta	Sphingobium_fontiphilum	Sphingobium_fontiphilum
Coverage	Nor_vs_Ca	Boruta_RF	19	Nor-6	boruta	Sphingomonas_sp001557215	Sphingomonas_sp001557215
Coverage	Nor_vs_Ca	Boruta_RF	19	Nor-6	boruta	Caballeronia_sordidicola_A	Caballeronia_sordidicola_A
Coverage	Nor_vs_Ca	Boruta_RF	19	Nor-6	boruta	Comamonas_acidovorans	Comamonas_acidovorans
Coverage	Nor_vs_Ca	Boruta_RF	19	Nor-6	boruta	Zhizhongheella_caldifontis	Zhizhongheella_caldifontis
Coverage	Nor_vs_Ca	Boruta_RF	19	Nor-6	boruta	Methyloversatilis_discipulorum	Methyloversatilis_discipulorum
Coverage	Nor_vs_Ca	Boruta_RF	19	Nor-6	boruta	Methyloversatilis_discipulorum_A	Methyloversatilis_discipulorum_A
Coverage	Nor_vs_Ca	Boruta_RF	19	Nor-6	boruta	Methyloversatilis_thermotolerans	Methyloversatilis_thermotolerans
Coverage	Nor_vs_Ca	Boruta_RF	19	Nor-6	boruta	Methyloversatilis_universalis	Methyloversatilis_universalis
Coverage	Nor_vs_Ca	Boruta_RF	19	Nor-6	boruta	Methyloversatilis_universalis_A	Methyloversatilis_universalis_A
Coverage	Nor_vs_Ca	Boruta_RF	19	Nor-6	boruta	Pseudomonas_aeruginosa	Pseudomonas_aeruginosa
Coverage	Nor_vs_Ca	Boruta_RF	19	Nor-6	boruta	Arenimonas_sp003241895	Arenimonas_sp003241895
Coverage	Nor_vs_Ca	Boruta_RF	20	Ca-6	boruta	Obscuribacter_phosphatis	Obscuribacter_phosphatis
Coverage	Nor_vs_Ca	Boruta_RF	20	Ca-6	boruta	Brevibacillus_agri	Brevibacillus_agri
Coverage	Nor_vs_Ca	Boruta_RF	20	Ca-6	boruta	Lactococcus_lactis	Lactococcus_lactis
Coverage	Nor_vs_Ca	Boruta_RF	20	Ca-6	boruta	JACESI01_sp013911885	JACESI01_sp013911885
Coverage	Nor_vs_Ca	Boruta_RF	20	Ca-6	boruta	Frigidibacter_sp002423245	Frigidibacter_sp002423245
Coverage	Nor_vs_Ca	Boruta_RF	20	Ca-6	boruta	Blastomonas_ursincola	Blastomonas_ursincola
Coverage	Nor_vs_Ca	Boruta_RF	20	Ca-6	boruta	Erythrobacter_colymbi	Erythrobacter_colymbi
Coverage	Nor_vs_Ca	Boruta_RF	20	Ca-6	boruta	Erythrobacter_cryptus	Erythrobacter_cryptus
Coverage	Nor_vs_Ca	Boruta_RF	20	Ca-6	boruta	Sphingobium_fontiphilum	Sphingobium_fontiphilum
Coverage	Nor_vs_Ca	Boruta_RF	20	Ca-6	boruta	Sphingomonas_sp001557215	Sphingomonas_sp001557215
Coverage	Nor_vs_Ca	Boruta_RF	20	Ca-6	boruta	Caballeronia_sordidicola_A	Caballeronia_sordidicola_A
Coverage	Nor_vs_Ca	Boruta_RF	20	Ca-6	boruta	Zhizhongheella_caldifontis	Zhizhongheella_caldifontis
Coverage	Nor_vs_Ca	Boruta_RF	20	Ca-6	boruta	Methyloversatilis_discipulorum	Methyloversatilis_discipulorum
Coverage	Nor_vs_Ca	Boruta_RF	20	Ca-6	boruta	Methyloversatilis_discipulorum_A	Methyloversatilis_discipulorum_A
Coverage	Nor_vs_Ca	Boruta_RF	20	Ca-6	boruta	Methyloversatilis_thermotolerans	Methyloversatilis_thermotolerans
Coverage	Nor_vs_Ca	Boruta_RF	20	Ca-6	boruta	Methyloversatilis_universalis	Methyloversatilis_universalis
Coverage	Nor_vs_Ca	Boruta_RF	20	Ca-6	boruta	Methyloversatilis_universalis_A	Methyloversatilis_universalis_A
Coverage	Nor_vs_Ca	Boruta_RF	20	Ca-6	boruta	Arenimonas_sp003241895	Arenimonas_sp003241895
Coverage	Nor_vs_Ca	Boruta_RF	21	Ca-12	boruta	Obscuribacter_phosphatis	Obscuribacter_phosphatis
Coverage	Nor_vs_Ca	Boruta_RF	21	Ca-12	boruta	Brevibacillus_agri	Brevibacillus_agri
Coverage	Nor_vs_Ca	Boruta_RF	21	Ca-12	boruta	Lactococcus_lactis	Lactococcus_lactis
Coverage	Nor_vs_Ca	Boruta_RF	21	Ca-12	boruta	JACESI01_sp013911885	JACESI01_sp013911885
Coverage	Nor_vs_Ca	Boruta_RF	21	Ca-12	boruta	Frigidibacter_sp002423245	Frigidibacter_sp002423245
Coverage	Nor_vs_Ca	Boruta_RF	21	Ca-12	boruta	Erythrobacter_colymbi	Erythrobacter_colymbi
Coverage	Nor_vs_Ca	Boruta_RF	21	Ca-12	boruta	Erythrobacter_cryptus	Erythrobacter_cryptus
Coverage	Nor_vs_Ca	Boruta_RF	21	Ca-12	boruta	Sphingobium_fontiphilum	Sphingobium_fontiphilum
Coverage	Nor_vs_Ca	Boruta_RF	21	Ca-12	boruta	Sphingomonas_sp001557215	Sphingomonas_sp001557215
Coverage	Nor_vs_Ca	Boruta_RF	21	Ca-12	boruta	Caballeronia_sordidicola_A	Caballeronia_sordidicola_A
Coverage	Nor_vs_Ca	Boruta_RF	21	Ca-12	boruta	Zhizhongheella_caldifontis	Zhizhongheella_caldifontis
Coverage	Nor_vs_Ca	Boruta_RF	21	Ca-12	boruta	Methyloversatilis_discipulorum	Methyloversatilis_discipulorum
Coverage	Nor_vs_Ca	Boruta_RF	21	Ca-12	boruta	Methyloversatilis_discipulorum_A	Methyloversatilis_discipulorum_A
Coverage	Nor_vs_Ca	Boruta_RF	21	Ca-12	boruta	Methyloversatilis_thermotolerans	Methyloversatilis_thermotolerans
Coverage	Nor_vs_Ca	Boruta_RF	21	Ca-12	boruta	Methyloversatilis_universalis	Methyloversatilis_universalis
Coverage	Nor_vs_Ca	Boruta_RF	21	Ca-12	boruta	Methyloversatilis_universalis_A	Methyloversatilis_universalis_A
Coverage	Nor_vs_Ca	Boruta_RF	21	Ca-12	boruta	Arenimonas_sp003241895	Arenimonas_sp003241895
Coverage	Nor_vs_Ca	Boruta_RF	22	Nor-15	boruta	Obscuribacter_phosphatis	Obscuribacter_phosphatis
Coverage	Nor_vs_Ca	Boruta_RF	22	Nor-15	boruta	Brevibacillus_agri	Brevibacillus_agri
Coverage	Nor_vs_Ca	Boruta_RF	22	Nor-15	boruta	Lactococcus_lactis	Lactococcus_lactis
Coverage	Nor_vs_Ca	Boruta_RF	22	Nor-15	boruta	JACESI01_sp013911885	JACESI01_sp013911885
Coverage	Nor_vs_Ca	Boruta_RF	22	Nor-15	boruta	Frigidibacter_sp002423245	Frigidibacter_sp002423245
Coverage	Nor_vs_Ca	Boruta_RF	22	Nor-15	boruta	Erythrobacter_colymbi	Erythrobacter_colymbi
Coverage	Nor_vs_Ca	Boruta_RF	22	Nor-15	boruta	Erythrobacter_cryptus	Erythrobacter_cryptus
Coverage	Nor_vs_Ca	Boruta_RF	22	Nor-15	boruta	Sphingobium_fontiphilum	Sphingobium_fontiphilum
Coverage	Nor_vs_Ca	Boruta_RF	22	Nor-15	boruta	Sphingomonas_hankookensis	Sphingomonas_hankookensis
Coverage	Nor_vs_Ca	Boruta_RF	22	Nor-15	boruta	Sphingomonas_sp001557215	Sphingomonas_sp001557215
Coverage	Nor_vs_Ca	Boruta_RF	22	Nor-15	boruta	Caballeronia_sordidicola_A	Caballeronia_sordidicola_A
Coverage	Nor_vs_Ca	Boruta_RF	22	Nor-15	boruta	Zhizhongheella_caldifontis	Zhizhongheella_caldifontis
Coverage	Nor_vs_Ca	Boruta_RF	22	Nor-15	boruta	Methyloversatilis_discipulorum	Methyloversatilis_discipulorum
Coverage	Nor_vs_Ca	Boruta_RF	22	Nor-15	boruta	Methyloversatilis_discipulorum_A	Methyloversatilis_discipulorum_A
Coverage	Nor_vs_Ca	Boruta_RF	22	Nor-15	boruta	Methyloversatilis_thermotolerans	Methyloversatilis_thermotolerans
Coverage	Nor_vs_Ca	Boruta_RF	22	Nor-15	boruta	Methyloversatilis_universalis	Methyloversatilis_universalis
Coverage	Nor_vs_Ca	Boruta_RF	22	Nor-15	boruta	Methyloversatilis_universalis_A	Methyloversatilis_universalis_A
Coverage	Nor_vs_Ca	Boruta_RF	22	Nor-15	boruta	Arenimonas_sp003241895	Arenimonas_sp003241895
Coverage	Nor_vs_Ca	Boruta_RF	23	Nor-9	boruta	Obscuribacter_phosphatis	Obscuribacter_phosphatis
Coverage	Nor_vs_Ca	Boruta_RF	23	Nor-9	boruta	Brevibacillus_agri	Brevibacillus_agri
Coverage	Nor_vs_Ca	Boruta_RF	23	Nor-9	boruta	Lactococcus_lactis	Lactococcus_lactis
Coverage	Nor_vs_Ca	Boruta_RF	23	Nor-9	boruta	Ferrovibrio_terrae	Ferrovibrio_terrae
Coverage	Nor_vs_Ca	Boruta_RF	23	Nor-9	boruta	JACESI01_sp013911885	JACESI01_sp013911885
Coverage	Nor_vs_Ca	Boruta_RF	23	Nor-9	boruta	Erythrobacter_colymbi	Erythrobacter_colymbi
Coverage	Nor_vs_Ca	Boruta_RF	23	Nor-9	boruta	Erythrobacter_cryptus	Erythrobacter_cryptus
Coverage	Nor_vs_Ca	Boruta_RF	23	Nor-9	boruta	Sphingobium_fontiphilum	Sphingobium_fontiphilum
Coverage	Nor_vs_Ca	Boruta_RF	23	Nor-9	boruta	Sphingomonas_hankookensis	Sphingomonas_hankookensis
Coverage	Nor_vs_Ca	Boruta_RF	23	Nor-9	boruta	Sphingomonas_sp001557215	Sphingomonas_sp001557215
Coverage	Nor_vs_Ca	Boruta_RF	23	Nor-9	boruta	Caballeronia_sordidicola_A	Caballeronia_sordidicola_A
Coverage	Nor_vs_Ca	Boruta_RF	23	Nor-9	boruta	Zhizhongheella_caldifontis	Zhizhongheella_caldifontis
Coverage	Nor_vs_Ca	Boruta_RF	23	Nor-9	boruta	Methyloversatilis_discipulorum	Methyloversatilis_discipulorum
Coverage	Nor_vs_Ca	Boruta_RF	23	Nor-9	boruta	Methyloversatilis_discipulorum_A	Methyloversatilis_discipulorum_A
Coverage	Nor_vs_Ca	Boruta_RF	23	Nor-9	boruta	Methyloversatilis_thermotolerans	Methyloversatilis_thermotolerans
Coverage	Nor_vs_Ca	Boruta_RF	23	Nor-9	boruta	Methyloversatilis_universalis	Methyloversatilis_universalis
Coverage	Nor_vs_Ca	Boruta_RF	23	Nor-9	boruta	Methyloversatilis_universalis_A	Methyloversatilis_universalis_A
Coverage	Nor_vs_Ca	Boruta_RF	23	Nor-9	boruta	Pseudomonas_aeruginosa	Pseudomonas_aeruginosa
Coverage	Nor_vs_Ca	Boruta_RF	23	Nor-9	boruta	Arenimonas_sp003241895	Arenimonas_sp003241895
Coverage	Nor_vs_Ca	Boruta_RF	24	Ca-8	boruta	Nocardia_cyriacigeorgica_D	Nocardia_cyriacigeorgica_D
Coverage	Nor_vs_Ca	Boruta_RF	24	Ca-8	boruta	Obscuribacter_phosphatis	Obscuribacter_phosphatis
Coverage	Nor_vs_Ca	Boruta_RF	24	Ca-8	boruta	Brevibacillus_agri	Brevibacillus_agri
Coverage	Nor_vs_Ca	Boruta_RF	24	Ca-8	boruta	Lactococcus_lactis	Lactococcus_lactis
Coverage	Nor_vs_Ca	Boruta_RF	24	Ca-8	boruta	Ferrovibrio_sp002796975	Ferrovibrio_sp002796975
Coverage	Nor_vs_Ca	Boruta_RF	24	Ca-8	boruta	Ferrovibrio_terrae	Ferrovibrio_terrae
Coverage	Nor_vs_Ca	Boruta_RF	24	Ca-8	boruta	JACESI01_sp013911885	JACESI01_sp013911885
Coverage	Nor_vs_Ca	Boruta_RF	24	Ca-8	boruta	Frigidibacter_sp002423245	Frigidibacter_sp002423245
Coverage	Nor_vs_Ca	Boruta_RF	24	Ca-8	boruta	Erythrobacter_colymbi	Erythrobacter_colymbi
Coverage	Nor_vs_Ca	Boruta_RF	24	Ca-8	boruta	Erythrobacter_cryptus	Erythrobacter_cryptus
Coverage	Nor_vs_Ca	Boruta_RF	24	Ca-8	boruta	Sphingobium_fontiphilum	Sphingobium_fontiphilum
Coverage	Nor_vs_Ca	Boruta_RF	24	Ca-8	boruta	Sphingomonas_sp001557215	Sphingomonas_sp001557215
Coverage	Nor_vs_Ca	Boruta_RF	24	Ca-8	boruta	Comamonas_acidovorans	Comamonas_acidovorans
Coverage	Nor_vs_Ca	Boruta_RF	24	Ca-8	boruta	Methyloversatilis_discipulorum	Methyloversatilis_discipulorum
Coverage	Nor_vs_Ca	Boruta_RF	24	Ca-8	boruta	Methyloversatilis_discipulorum_A	Methyloversatilis_discipulorum_A
Coverage	Nor_vs_Ca	Boruta_RF	24	Ca-8	boruta	Methyloversatilis_thermotolerans	Methyloversatilis_thermotolerans
Coverage	Nor_vs_Ca	Boruta_RF	24	Ca-8	boruta	Methyloversatilis_universalis	Methyloversatilis_universalis
Coverage	Nor_vs_Ca	Boruta_RF	24	Ca-8	boruta	Methyloversatilis_universalis_A	Methyloversatilis_universalis_A
Coverage	Nor_vs_Ca	Boruta_RF	24	Ca-8	boruta	Arenimonas_sp003241895	Arenimonas_sp003241895
Coverage	Nor_vs_Ca	Boruta_RF	25	Ca-2	boruta	Obscuribacter_phosphatis	Obscuribacter_phosphatis
Coverage	Nor_vs_Ca	Boruta_RF	25	Ca-2	boruta	Brevibacillus_agri	Brevibacillus_agri
Coverage	Nor_vs_Ca	Boruta_RF	25	Ca-2	boruta	Lactococcus_lactis	Lactococcus_lactis
Coverage	Nor_vs_Ca	Boruta_RF	25	Ca-2	boruta	Lactococcus_petauri	Lactococcus_petauri
Coverage	Nor_vs_Ca	Boruta_RF	25	Ca-2	boruta	Ferrovibrio_sp002796975	Ferrovibrio_sp002796975
Coverage	Nor_vs_Ca	Boruta_RF	25	Ca-2	boruta	JACESI01_sp013911885	JACESI01_sp013911885
Coverage	Nor_vs_Ca	Boruta_RF	25	Ca-2	boruta	Frigidibacter_sp002423245	Frigidibacter_sp002423245
Coverage	Nor_vs_Ca	Boruta_RF	25	Ca-2	boruta	Erythrobacter_colymbi	Erythrobacter_colymbi
Coverage	Nor_vs_Ca	Boruta_RF	25	Ca-2	boruta	Erythrobacter_cryptus	Erythrobacter_cryptus
Coverage	Nor_vs_Ca	Boruta_RF	25	Ca-2	boruta	Sphingobium_fontiphilum	Sphingobium_fontiphilum
Coverage	Nor_vs_Ca	Boruta_RF	25	Ca-2	boruta	Sphingomonas_sp001557215	Sphingomonas_sp001557215
Coverage	Nor_vs_Ca	Boruta_RF	25	Ca-2	boruta	Caballeronia_sordidicola_A	Caballeronia_sordidicola_A
Coverage	Nor_vs_Ca	Boruta_RF	25	Ca-2	boruta	Zhizhongheella_caldifontis	Zhizhongheella_caldifontis
Coverage	Nor_vs_Ca	Boruta_RF	25	Ca-2	boruta	Methyloversatilis_discipulorum	Methyloversatilis_discipulorum
Coverage	Nor_vs_Ca	Boruta_RF	25	Ca-2	boruta	Methyloversatilis_discipulorum_A	Methyloversatilis_discipulorum_A
Coverage	Nor_vs_Ca	Boruta_RF	25	Ca-2	boruta	Methyloversatilis_thermotolerans	Methyloversatilis_thermotolerans
Coverage	Nor_vs_Ca	Boruta_RF	25	Ca-2	boruta	Methyloversatilis_universalis	Methyloversatilis_universalis
Coverage	Nor_vs_Ca	Boruta_RF	25	Ca-2	boruta	Methyloversatilis_universalis_A	Methyloversatilis_universalis_A
Coverage	Nor_vs_Ca	Boruta_RF	25	Ca-2	boruta	Sulfurivermis_fontis	Sulfurivermis_fontis
Coverage	Nor_vs_Ca	Boruta_RF	25	Ca-2	boruta	Arenimonas_sp003241895	Arenimonas_sp003241895
Coverage	Nor_vs_Ca	Boruta_RF	26	Nor-3	boruta	Obscuribacter_phosphatis	Obscuribacter_phosphatis
Coverage	Nor_vs_Ca	Boruta_RF	26	Nor-3	boruta	Brevibacillus_agri	Brevibacillus_agri
Coverage	Nor_vs_Ca	Boruta_RF	26	Nor-3	boruta	Lactococcus_lactis	Lactococcus_lactis
Coverage	Nor_vs_Ca	Boruta_RF	26	Nor-3	boruta	Ferrovibrio_terrae	Ferrovibrio_terrae
Coverage	Nor_vs_Ca	Boruta_RF	26	Nor-3	boruta	JACESI01_sp013911885	JACESI01_sp013911885
Coverage	Nor_vs_Ca	Boruta_RF	26	Nor-3	boruta	Erythrobacter_colymbi	Erythrobacter_colymbi
Coverage	Nor_vs_Ca	Boruta_RF	26	Nor-3	boruta	Erythrobacter_cryptus	Erythrobacter_cryptus
Coverage	Nor_vs_Ca	Boruta_RF	26	Nor-3	boruta	Sphingobium_fontiphilum	Sphingobium_fontiphilum
Coverage	Nor_vs_Ca	Boruta_RF	26	Nor-3	boruta	Sphingomonas_sp001557215	Sphingomonas_sp001557215
Coverage	Nor_vs_Ca	Boruta_RF	26	Nor-3	boruta	Caballeronia_sordidicola_A	Caballeronia_sordidicola_A
Coverage	Nor_vs_Ca	Boruta_RF	26	Nor-3	boruta	Zhizhongheella_caldifontis	Zhizhongheella_caldifontis
Coverage	Nor_vs_Ca	Boruta_RF	26	Nor-3	boruta	Methyloversatilis_discipulorum	Methyloversatilis_discipulorum
Coverage	Nor_vs_Ca	Boruta_RF	26	Nor-3	boruta	Methyloversatilis_discipulorum_A	Methyloversatilis_discipulorum_A
Coverage	Nor_vs_Ca	Boruta_RF	26	Nor-3	boruta	Methyloversatilis_thermotolerans	Methyloversatilis_thermotolerans
Coverage	Nor_vs_Ca	Boruta_RF	26	Nor-3	boruta	Methyloversatilis_universalis	Methyloversatilis_universalis
Coverage	Nor_vs_Ca	Boruta_RF	26	Nor-3	boruta	Methyloversatilis_universalis_A	Methyloversatilis_universalis_A
Coverage	Nor_vs_Ca	Boruta_RF	26	Nor-3	boruta	Arenimonas_sp003241895	Arenimonas_sp003241895
Coverage	Nor_vs_Ca	Boruta_RF	27	Nor-5	boruta	Obscuribacter_phosphatis	Obscuribacter_phosphatis
Coverage	Nor_vs_Ca	Boruta_RF	27	Nor-5	boruta	Brevibacillus_agri	Brevibacillus_agri
Coverage	Nor_vs_Ca	Boruta_RF	27	Nor-5	boruta	Lactococcus_lactis	Lactococcus_lactis
Coverage	Nor_vs_Ca	Boruta_RF	27	Nor-5	boruta	Lactococcus_petauri	Lactococcus_petauri
Coverage	Nor_vs_Ca	Boruta_RF	27	Nor-5	boruta	JACESI01_sp013911885	JACESI01_sp013911885
Coverage	Nor_vs_Ca	Boruta_RF	27	Nor-5	boruta	Erythrobacter_colymbi	Erythrobacter_colymbi
Coverage	Nor_vs_Ca	Boruta_RF	27	Nor-5	boruta	Erythrobacter_cryptus	Erythrobacter_cryptus
Coverage	Nor_vs_Ca	Boruta_RF	27	Nor-5	boruta	Sphingobium_fontiphilum	Sphingobium_fontiphilum
Coverage	Nor_vs_Ca	Boruta_RF	27	Nor-5	boruta	Sphingomonas_sp001557215	Sphingomonas_sp001557215
Coverage	Nor_vs_Ca	Boruta_RF	27	Nor-5	boruta	Caballeronia_sordidicola_A	Caballeronia_sordidicola_A
Coverage	Nor_vs_Ca	Boruta_RF	27	Nor-5	boruta	Comamonas_acidovorans	Comamonas_acidovorans
Coverage	Nor_vs_Ca	Boruta_RF	27	Nor-5	boruta	Zhizhongheella_caldifontis	Zhizhongheella_caldifontis
Coverage	Nor_vs_Ca	Boruta_RF	27	Nor-5	boruta	Methyloversatilis_discipulorum	Methyloversatilis_discipulorum
Coverage	Nor_vs_Ca	Boruta_RF	27	Nor-5	boruta	Methyloversatilis_discipulorum_A	Methyloversatilis_discipulorum_A
Coverage	Nor_vs_Ca	Boruta_RF	27	Nor-5	boruta	Methyloversatilis_thermotolerans	Methyloversatilis_thermotolerans
Coverage	Nor_vs_Ca	Boruta_RF	27	Nor-5	boruta	Methyloversatilis_universalis	Methyloversatilis_universalis
Coverage	Nor_vs_Ca	Boruta_RF	27	Nor-5	boruta	Methyloversatilis_universalis_A	Methyloversatilis_universalis_A
Coverage	Nor_vs_Ca	Boruta_RF	27	Nor-5	boruta	Arenimonas_sp003241895	Arenimonas_sp003241895
Coverage	Nor_vs_Ca	Boruta_RF	28	Nor-8	boruta	Obscuribacter_phosphatis	Obscuribacter_phosphatis
Coverage	Nor_vs_Ca	Boruta_RF	28	Nor-8	boruta	Brevibacillus_agri	Brevibacillus_agri
Coverage	Nor_vs_Ca	Boruta_RF	28	Nor-8	boruta	Lactococcus_lactis	Lactococcus_lactis
Coverage	Nor_vs_Ca	Boruta_RF	28	Nor-8	boruta	JACESI01_sp013911885	JACESI01_sp013911885
Coverage	Nor_vs_Ca	Boruta_RF	28	Nor-8	boruta	Frigidibacter_sp002423245	Frigidibacter_sp002423245
Coverage	Nor_vs_Ca	Boruta_RF	28	Nor-8	boruta	Blastomonas_ursincola	Blastomonas_ursincola
Coverage	Nor_vs_Ca	Boruta_RF	28	Nor-8	boruta	Erythrobacter_colymbi	Erythrobacter_colymbi
Coverage	Nor_vs_Ca	Boruta_RF	28	Nor-8	boruta	Erythrobacter_cryptus	Erythrobacter_cryptus
Coverage	Nor_vs_Ca	Boruta_RF	28	Nor-8	boruta	Sphingobium_fontiphilum	Sphingobium_fontiphilum
Coverage	Nor_vs_Ca	Boruta_RF	28	Nor-8	boruta	Sphingomonas_sp001557215	Sphingomonas_sp001557215
Coverage	Nor_vs_Ca	Boruta_RF	28	Nor-8	boruta	Caballeronia_sordidicola_A	Caballeronia_sordidicola_A
Coverage	Nor_vs_Ca	Boruta_RF	28	Nor-8	boruta	Zhizhongheella_caldifontis	Zhizhongheella_caldifontis
Coverage	Nor_vs_Ca	Boruta_RF	28	Nor-8	boruta	Methyloversatilis_discipulorum	Methyloversatilis_discipulorum
Coverage	Nor_vs_Ca	Boruta_RF	28	Nor-8	boruta	Methyloversatilis_discipulorum_A	Methyloversatilis_discipulorum_A
Coverage	Nor_vs_Ca	Boruta_RF	28	Nor-8	boruta	Methyloversatilis_thermotolerans	Methyloversatilis_thermotolerans
Coverage	Nor_vs_Ca	Boruta_RF	28	Nor-8	boruta	Methyloversatilis_universalis	Methyloversatilis_universalis
Coverage	Nor_vs_Ca	Boruta_RF	28	Nor-8	boruta	Methyloversatilis_universalis_A	Methyloversatilis_universalis_A
Coverage	Nor_vs_Ca	Boruta_RF	28	Nor-8	boruta	Arenimonas_sp003241895	Arenimonas_sp003241895
Coverage	Nor_vs_Ca	Boruta_RF	29	Ca-15	boruta	Obscuribacter_phosphatis	Obscuribacter_phosphatis
Coverage	Nor_vs_Ca	Boruta_RF	29	Ca-15	boruta	Brevibacillus_agri	Brevibacillus_agri
Coverage	Nor_vs_Ca	Boruta_RF	29	Ca-15	boruta	Lactococcus_lactis	Lactococcus_lactis
Coverage	Nor_vs_Ca	Boruta_RF	29	Ca-15	boruta	JACESI01_sp013911885	JACESI01_sp013911885
Coverage	Nor_vs_Ca	Boruta_RF	29	Ca-15	boruta	Frigidibacter_sp002423245	Frigidibacter_sp002423245
Coverage	Nor_vs_Ca	Boruta_RF	29	Ca-15	boruta	Erythrobacter_colymbi	Erythrobacter_colymbi
Coverage	Nor_vs_Ca	Boruta_RF	29	Ca-15	boruta	Erythrobacter_cryptus	Erythrobacter_cryptus
Coverage	Nor_vs_Ca	Boruta_RF	29	Ca-15	boruta	Sphingobium_fontiphilum	Sphingobium_fontiphilum
Coverage	Nor_vs_Ca	Boruta_RF	29	Ca-15	boruta	Sphingomonas_sp001557215	Sphingomonas_sp001557215
Coverage	Nor_vs_Ca	Boruta_RF	29	Ca-15	boruta	Caballeronia_sordidicola_A	Caballeronia_sordidicola_A
Coverage	Nor_vs_Ca	Boruta_RF	29	Ca-15	boruta	Zhizhongheella_caldifontis	Zhizhongheella_caldifontis
Coverage	Nor_vs_Ca	Boruta_RF	29	Ca-15	boruta	Methyloversatilis_discipulorum	Methyloversatilis_discipulorum
Coverage	Nor_vs_Ca	Boruta_RF	29	Ca-15	boruta	Methyloversatilis_discipulorum_A	Methyloversatilis_discipulorum_A
Coverage	Nor_vs_Ca	Boruta_RF	29	Ca-15	boruta	Methyloversatilis_thermotolerans	Methyloversatilis_thermotolerans
Coverage	Nor_vs_Ca	Boruta_RF	29	Ca-15	boruta	Methyloversatilis_universalis	Methyloversatilis_universalis
Coverage	Nor_vs_Ca	Boruta_RF	29	Ca-15	boruta	Methyloversatilis_universalis_A	Methyloversatilis_universalis_A
Coverage	Nor_vs_Ca	Boruta_RF	29	Ca-15	boruta	Arenimonas_sp003241895	Arenimonas_sp003241895
Coverage	Nor_vs_Ca	Boruta_RF	30	Nor-2	boruta	Obscuribacter_phosphatis	Obscuribacter_phosphatis
Coverage	Nor_vs_Ca	Boruta_RF	30	Nor-2	boruta	Brevibacillus_agri	Brevibacillus_agri
Coverage	Nor_vs_Ca	Boruta_RF	30	Nor-2	boruta	Ferrovibrio_sp002796975	Ferrovibrio_sp002796975
Coverage	Nor_vs_Ca	Boruta_RF	30	Nor-2	boruta	Ferrovibrio_terrae	Ferrovibrio_terrae
Coverage	Nor_vs_Ca	Boruta_RF	30	Nor-2	boruta	JACESI01_sp013911885	JACESI01_sp013911885
Coverage	Nor_vs_Ca	Boruta_RF	30	Nor-2	boruta	Erythrobacter_colymbi	Erythrobacter_colymbi
Coverage	Nor_vs_Ca	Boruta_RF	30	Nor-2	boruta	Erythrobacter_cryptus	Erythrobacter_cryptus
Coverage	Nor_vs_Ca	Boruta_RF	30	Nor-2	boruta	Sphingobium_fontiphilum	Sphingobium_fontiphilum
Coverage	Nor_vs_Ca	Boruta_RF	30	Nor-2	boruta	Sphingomonas_hankookensis	Sphingomonas_hankookensis
Coverage	Nor_vs_Ca	Boruta_RF	30	Nor-2	boruta	Sphingomonas_sp001557215	Sphingomonas_sp001557215
Coverage	Nor_vs_Ca	Boruta_RF	30	Nor-2	boruta	Caballeronia_sordidicola_A	Caballeronia_sordidicola_A
Coverage	Nor_vs_Ca	Boruta_RF	30	Nor-2	boruta	Zhizhongheella_caldifontis	Zhizhongheella_caldifontis
Coverage	Nor_vs_Ca	Boruta_RF	30	Nor-2	boruta	Methyloversatilis_discipulorum	Methyloversatilis_discipulorum
Coverage	Nor_vs_Ca	Boruta_RF	30	Nor-2	boruta	Methyloversatilis_discipulorum_A	Methyloversatilis_discipulorum_A
Coverage	Nor_vs_Ca	Boruta_RF	30	Nor-2	boruta	Methyloversatilis_thermotolerans	Methyloversatilis_thermotolerans
Coverage	Nor_vs_Ca	Boruta_RF	30	Nor-2	boruta	Methyloversatilis_universalis	Methyloversatilis_universalis
Coverage	Nor_vs_Ca	Boruta_RF	30	Nor-2	boruta	Methyloversatilis_universalis_A	Methyloversatilis_universalis_A
Coverage	Nor_vs_Ca	Boruta_RF	30	Nor-2	boruta	Pseudomonas_aeruginosa	Pseudomonas_aeruginosa
Coverage	Nor_vs_Ca	Boruta_RF	30	Nor-2	boruta	Arenimonas_sp003241895	Arenimonas_sp003241895
Coverage	CIN_vs_Ca	Boruta_RF	1	Ca-5	boruta	Obscuribacter_phosphatis	Obscuribacter_phosphatis
Coverage	CIN_vs_Ca	Boruta_RF	1	Ca-5	boruta	Lacticaseibacillus_paracasei	Lacticaseibacillus_paracasei
Coverage	CIN_vs_Ca	Boruta_RF	1	Ca-5	boruta	Ferrovibrio_sp002796975	Ferrovibrio_sp002796975
Coverage	CIN_vs_Ca	Boruta_RF	1	Ca-5	boruta	Ferrovibrio_terrae	Ferrovibrio_terrae
Coverage	CIN_vs_Ca	Boruta_RF	1	Ca-5	boruta	JACESI01_sp013911885	JACESI01_sp013911885
Coverage	CIN_vs_Ca	Boruta_RF	1	Ca-5	boruta	Frigidibacter_sp002423245	Frigidibacter_sp002423245
Coverage	CIN_vs_Ca	Boruta_RF	1	Ca-5	boruta	Erythrobacter_cryptus	Erythrobacter_cryptus
Coverage	CIN_vs_Ca	Boruta_RF	1	Ca-5	boruta	Sphingobium_fontiphilum	Sphingobium_fontiphilum
Coverage	CIN_vs_Ca	Boruta_RF	1	Ca-5	boruta	Zhizhongheella_caldifontis	Zhizhongheella_caldifontis
Coverage	CIN_vs_Ca	Boruta_RF	1	Ca-5	boruta	Azoarcus_C_communis	Azoarcus_C_communis
Coverage	CIN_vs_Ca	Boruta_RF	1	Ca-5	boruta	Methyloversatilis_discipulorum	Methyloversatilis_discipulorum
Coverage	CIN_vs_Ca	Boruta_RF	1	Ca-5	boruta	Methyloversatilis_discipulorum_A	Methyloversatilis_discipulorum_A
Coverage	CIN_vs_Ca	Boruta_RF	1	Ca-5	boruta	Methyloversatilis_thermotolerans	Methyloversatilis_thermotolerans
Coverage	CIN_vs_Ca	Boruta_RF	1	Ca-5	boruta	Methyloversatilis_universalis	Methyloversatilis_universalis
Coverage	CIN_vs_Ca	Boruta_RF	1	Ca-5	boruta	Methyloversatilis_universalis_A	Methyloversatilis_universalis_A
Coverage	CIN_vs_Ca	Boruta_RF	1	Ca-5	boruta	Pseudomonas_aeruginosa	Pseudomonas_aeruginosa
Coverage	CIN_vs_Ca	Boruta_RF	1	Ca-5	boruta	Pseudomonas_A_stutzeri	Pseudomonas_A_stutzeri
Coverage	CIN_vs_Ca	Boruta_RF	1	Ca-5	boruta	Stenotrophomonas_maltophilia_Q	Stenotrophomonas_maltophilia_Q
Coverage	CIN_vs_Ca	Boruta_RF	2	CIN-1	boruta	Obscuribacter_phosphatis	Obscuribacter_phosphatis
Coverage	CIN_vs_Ca	Boruta_RF	2	CIN-1	boruta	Bacillus_A_bombysepticus	Bacillus_A_bombysepticus
Coverage	CIN_vs_Ca	Boruta_RF	2	CIN-1	boruta	Bacillus_A_cereus	Bacillus_A_cereus
Coverage	CIN_vs_Ca	Boruta_RF	2	CIN-1	boruta	Lacticaseibacillus_paracasei	Lacticaseibacillus_paracasei
Coverage	CIN_vs_Ca	Boruta_RF	2	CIN-1	boruta	Ferrovibrio_sp002796975	Ferrovibrio_sp002796975
Coverage	CIN_vs_Ca	Boruta_RF	2	CIN-1	boruta	Ferrovibrio_terrae	Ferrovibrio_terrae
Coverage	CIN_vs_Ca	Boruta_RF	2	CIN-1	boruta	JACESI01_sp013911885	JACESI01_sp013911885
Coverage	CIN_vs_Ca	Boruta_RF	2	CIN-1	boruta	Frigidibacter_sp002423245	Frigidibacter_sp002423245
Coverage	CIN_vs_Ca	Boruta_RF	2	CIN-1	boruta	Erythrobacter_cryptus	Erythrobacter_cryptus
Coverage	CIN_vs_Ca	Boruta_RF	2	CIN-1	boruta	Sphingobium_fontiphilum	Sphingobium_fontiphilum
Coverage	CIN_vs_Ca	Boruta_RF	2	CIN-1	boruta	Zhizhongheella_caldifontis	Zhizhongheella_caldifontis
Coverage	CIN_vs_Ca	Boruta_RF	2	CIN-1	boruta	Methyloversatilis_discipulorum	Methyloversatilis_discipulorum
Coverage	CIN_vs_Ca	Boruta_RF	2	CIN-1	boruta	Methyloversatilis_discipulorum_A	Methyloversatilis_discipulorum_A
Coverage	CIN_vs_Ca	Boruta_RF	2	CIN-1	boruta	Methyloversatilis_thermotolerans	Methyloversatilis_thermotolerans
Coverage	CIN_vs_Ca	Boruta_RF	2	CIN-1	boruta	Methyloversatilis_universalis	Methyloversatilis_universalis
Coverage	CIN_vs_Ca	Boruta_RF	2	CIN-1	boruta	Methyloversatilis_universalis_A	Methyloversatilis_universalis_A
Coverage	CIN_vs_Ca	Boruta_RF	2	CIN-1	boruta	Klebsiella_pneumoniae	Klebsiella_pneumoniae
Coverage	CIN_vs_Ca	Boruta_RF	2	CIN-1	boruta	Pseudomonas_aeruginosa	Pseudomonas_aeruginosa
Coverage	CIN_vs_Ca	Boruta_RF	2	CIN-1	boruta	Pseudomonas_A_stutzeri	Pseudomonas_A_stutzeri
Coverage	CIN_vs_Ca	Boruta_RF	2	CIN-1	boruta	Stenotrophomonas_maltophilia_Q	Stenotrophomonas_maltophilia_Q
Coverage	CIN_vs_Ca	Boruta_RF	3	Ca-1	boruta	Obscuribacter_phosphatis	Obscuribacter_phosphatis
Coverage	CIN_vs_Ca	Boruta_RF	3	Ca-1	boruta	Bacillus_A_bombysepticus	Bacillus_A_bombysepticus
Coverage	CIN_vs_Ca	Boruta_RF	3	Ca-1	boruta	Bacillus_A_cereus	Bacillus_A_cereus
Coverage	CIN_vs_Ca	Boruta_RF	3	Ca-1	boruta	Lacticaseibacillus_paracasei	Lacticaseibacillus_paracasei
Coverage	CIN_vs_Ca	Boruta_RF	3	Ca-1	boruta	Ferrovibrio_sp002796975	Ferrovibrio_sp002796975
Coverage	CIN_vs_Ca	Boruta_RF	3	Ca-1	boruta	Ferrovibrio_terrae	Ferrovibrio_terrae
Coverage	CIN_vs_Ca	Boruta_RF	3	Ca-1	boruta	JACESI01_sp013911885	JACESI01_sp013911885
Coverage	CIN_vs_Ca	Boruta_RF	3	Ca-1	boruta	Frigidibacter_sp002423245	Frigidibacter_sp002423245
Coverage	CIN_vs_Ca	Boruta_RF	3	Ca-1	boruta	Erythrobacter_cryptus	Erythrobacter_cryptus
Coverage	CIN_vs_Ca	Boruta_RF	3	Ca-1	boruta	Sphingobium_fontiphilum	Sphingobium_fontiphilum
Coverage	CIN_vs_Ca	Boruta_RF	3	Ca-1	boruta	Zhizhongheella_caldifontis	Zhizhongheella_caldifontis
Coverage	CIN_vs_Ca	Boruta_RF	3	Ca-1	boruta	Methyloversatilis_discipulorum	Methyloversatilis_discipulorum
Coverage	CIN_vs_Ca	Boruta_RF	3	Ca-1	boruta	Methyloversatilis_discipulorum_A	Methyloversatilis_discipulorum_A
Coverage	CIN_vs_Ca	Boruta_RF	3	Ca-1	boruta	Methyloversatilis_thermotolerans	Methyloversatilis_thermotolerans
Coverage	CIN_vs_Ca	Boruta_RF	3	Ca-1	boruta	Methyloversatilis_universalis	Methyloversatilis_universalis
Coverage	CIN_vs_Ca	Boruta_RF	3	Ca-1	boruta	Methyloversatilis_universalis_A	Methyloversatilis_universalis_A
Coverage	CIN_vs_Ca	Boruta_RF	3	Ca-1	boruta	Pseudomonas_aeruginosa	Pseudomonas_aeruginosa
Coverage	CIN_vs_Ca	Boruta_RF	3	Ca-1	boruta	Pseudomonas_A_stutzeri	Pseudomonas_A_stutzeri
Coverage	CIN_vs_Ca	Boruta_RF	3	Ca-1	boruta	Stenotrophomonas_maltophilia_Q	Stenotrophomonas_maltophilia_Q
Coverage	CIN_vs_Ca	Boruta_RF	4	CIN-7	boruta	Obscuribacter_phosphatis	Obscuribacter_phosphatis
Coverage	CIN_vs_Ca	Boruta_RF	4	CIN-7	boruta	Lacticaseibacillus_paracasei	Lacticaseibacillus_paracasei
Coverage	CIN_vs_Ca	Boruta_RF	4	CIN-7	boruta	Ferrovibrio_sp002796975	Ferrovibrio_sp002796975
Coverage	CIN_vs_Ca	Boruta_RF	4	CIN-7	boruta	Ferrovibrio_terrae	Ferrovibrio_terrae
Coverage	CIN_vs_Ca	Boruta_RF	4	CIN-7	boruta	JACESI01_sp013911885	JACESI01_sp013911885
Coverage	CIN_vs_Ca	Boruta_RF	4	CIN-7	boruta	Frigidibacter_sp002423245	Frigidibacter_sp002423245
Coverage	CIN_vs_Ca	Boruta_RF	4	CIN-7	boruta	Erythrobacter_cryptus	Erythrobacter_cryptus
Coverage	CIN_vs_Ca	Boruta_RF	4	CIN-7	boruta	Sphingobium_fontiphilum	Sphingobium_fontiphilum
Coverage	CIN_vs_Ca	Boruta_RF	4	CIN-7	boruta	Zhizhongheella_caldifontis	Zhizhongheella_caldifontis
Coverage	CIN_vs_Ca	Boruta_RF	4	CIN-7	boruta	Methyloversatilis_discipulorum	Methyloversatilis_discipulorum
Coverage	CIN_vs_Ca	Boruta_RF	4	CIN-7	boruta	Methyloversatilis_discipulorum_A	Methyloversatilis_discipulorum_A
Coverage	CIN_vs_Ca	Boruta_RF	4	CIN-7	boruta	Methyloversatilis_thermotolerans	Methyloversatilis_thermotolerans
Coverage	CIN_vs_Ca	Boruta_RF	4	CIN-7	boruta	Methyloversatilis_universalis	Methyloversatilis_universalis
Coverage	CIN_vs_Ca	Boruta_RF	4	CIN-7	boruta	Methyloversatilis_universalis_A	Methyloversatilis_universalis_A
Coverage	CIN_vs_Ca	Boruta_RF	4	CIN-7	boruta	Pseudomonas_aeruginosa	Pseudomonas_aeruginosa
Coverage	CIN_vs_Ca	Boruta_RF	4	CIN-7	boruta	Pseudomonas_A_stutzeri	Pseudomonas_A_stutzeri
Coverage	CIN_vs_Ca	Boruta_RF	4	CIN-7	boruta	Stenotrophomonas_maltophilia_Q	Stenotrophomonas_maltophilia_Q
Coverage	CIN_vs_Ca	Boruta_RF	5	CIN-13	boruta	Obscuribacter_phosphatis	Obscuribacter_phosphatis
Coverage	CIN_vs_Ca	Boruta_RF	5	CIN-13	boruta	Lacticaseibacillus_paracasei	Lacticaseibacillus_paracasei
Coverage	CIN_vs_Ca	Boruta_RF	5	CIN-13	boruta	Ferrovibrio_sp002796975	Ferrovibrio_sp002796975
Coverage	CIN_vs_Ca	Boruta_RF	5	CIN-13	boruta	Ferrovibrio_terrae	Ferrovibrio_terrae
Coverage	CIN_vs_Ca	Boruta_RF	5	CIN-13	boruta	JACESI01_sp013911885	JACESI01_sp013911885
Coverage	CIN_vs_Ca	Boruta_RF	5	CIN-13	boruta	Frigidibacter_sp002423245	Frigidibacter_sp002423245
Coverage	CIN_vs_Ca	Boruta_RF	5	CIN-13	boruta	Erythrobacter_cryptus	Erythrobacter_cryptus
Coverage	CIN_vs_Ca	Boruta_RF	5	CIN-13	boruta	Sphingobium_fontiphilum	Sphingobium_fontiphilum
Coverage	CIN_vs_Ca	Boruta_RF	5	CIN-13	boruta	Zhizhongheella_caldifontis	Zhizhongheella_caldifontis
Coverage	CIN_vs_Ca	Boruta_RF	5	CIN-13	boruta	Methyloversatilis_discipulorum	Methyloversatilis_discipulorum
Coverage	CIN_vs_Ca	Boruta_RF	5	CIN-13	boruta	Methyloversatilis_discipulorum_A	Methyloversatilis_discipulorum_A
Coverage	CIN_vs_Ca	Boruta_RF	5	CIN-13	boruta	Methyloversatilis_thermotolerans	Methyloversatilis_thermotolerans
Coverage	CIN_vs_Ca	Boruta_RF	5	CIN-13	boruta	Methyloversatilis_universalis	Methyloversatilis_universalis
Coverage	CIN_vs_Ca	Boruta_RF	5	CIN-13	boruta	Methyloversatilis_universalis_A	Methyloversatilis_universalis_A
Coverage	CIN_vs_Ca	Boruta_RF	5	CIN-13	boruta	Pseudomonas_aeruginosa	Pseudomonas_aeruginosa
Coverage	CIN_vs_Ca	Boruta_RF	5	CIN-13	boruta	Pseudomonas_A_stutzeri	Pseudomonas_A_stutzeri
Coverage	CIN_vs_Ca	Boruta_RF	5	CIN-13	boruta	Stenotrophomonas_maltophilia_Q	Stenotrophomonas_maltophilia_Q
Coverage	CIN_vs_Ca	Boruta_RF	6	CIN-8	boruta	Obscuribacter_phosphatis	Obscuribacter_phosphatis
Coverage	CIN_vs_Ca	Boruta_RF	6	CIN-8	boruta	Lacticaseibacillus_paracasei	Lacticaseibacillus_paracasei
Coverage	CIN_vs_Ca	Boruta_RF	6	CIN-8	boruta	Ferrovibrio_sp002796975	Ferrovibrio_sp002796975
Coverage	CIN_vs_Ca	Boruta_RF	6	CIN-8	boruta	Ferrovibrio_terrae	Ferrovibrio_terrae
Coverage	CIN_vs_Ca	Boruta_RF	6	CIN-8	boruta	JACESI01_sp013911885	JACESI01_sp013911885
Coverage	CIN_vs_Ca	Boruta_RF	6	CIN-8	boruta	Frigidibacter_sp002423245	Frigidibacter_sp002423245
Coverage	CIN_vs_Ca	Boruta_RF	6	CIN-8	boruta	Erythrobacter_cryptus	Erythrobacter_cryptus
Coverage	CIN_vs_Ca	Boruta_RF	6	CIN-8	boruta	Sphingobium_fontiphilum	Sphingobium_fontiphilum
Coverage	CIN_vs_Ca	Boruta_RF	6	CIN-8	boruta	Zhizhongheella_caldifontis	Zhizhongheella_caldifontis
Coverage	CIN_vs_Ca	Boruta_RF	6	CIN-8	boruta	Azoarcus_C_communis	Azoarcus_C_communis
Coverage	CIN_vs_Ca	Boruta_RF	6	CIN-8	boruta	Methyloversatilis_discipulorum	Methyloversatilis_discipulorum
Coverage	CIN_vs_Ca	Boruta_RF	6	CIN-8	boruta	Methyloversatilis_discipulorum_A	Methyloversatilis_discipulorum_A
Coverage	CIN_vs_Ca	Boruta_RF	6	CIN-8	boruta	Methyloversatilis_thermotolerans	Methyloversatilis_thermotolerans
Coverage	CIN_vs_Ca	Boruta_RF	6	CIN-8	boruta	Methyloversatilis_universalis	Methyloversatilis_universalis
Coverage	CIN_vs_Ca	Boruta_RF	6	CIN-8	boruta	Methyloversatilis_universalis_A	Methyloversatilis_universalis_A
Coverage	CIN_vs_Ca	Boruta_RF	6	CIN-8	boruta	Pseudomonas_aeruginosa	Pseudomonas_aeruginosa
Coverage	CIN_vs_Ca	Boruta_RF	6	CIN-8	boruta	Pseudomonas_A_stutzeri	Pseudomonas_A_stutzeri
Coverage	CIN_vs_Ca	Boruta_RF	6	CIN-8	boruta	Stenotrophomonas_maltophilia_Q	Stenotrophomonas_maltophilia_Q
Coverage	CIN_vs_Ca	Boruta_RF	7	Ca-13	boruta	Obscuribacter_phosphatis	Obscuribacter_phosphatis
Coverage	CIN_vs_Ca	Boruta_RF	7	Ca-13	boruta	Lacticaseibacillus_paracasei	Lacticaseibacillus_paracasei
Coverage	CIN_vs_Ca	Boruta_RF	7	Ca-13	boruta	Ferrovibrio_sp002796975	Ferrovibrio_sp002796975
Coverage	CIN_vs_Ca	Boruta_RF	7	Ca-13	boruta	Ferrovibrio_terrae	Ferrovibrio_terrae
Coverage	CIN_vs_Ca	Boruta_RF	7	Ca-13	boruta	JACESI01_sp013911885	JACESI01_sp013911885
Coverage	CIN_vs_Ca	Boruta_RF	7	Ca-13	boruta	Frigidibacter_sp002423245	Frigidibacter_sp002423245
Coverage	CIN_vs_Ca	Boruta_RF	7	Ca-13	boruta	Erythrobacter_cryptus	Erythrobacter_cryptus
Coverage	CIN_vs_Ca	Boruta_RF	7	Ca-13	boruta	Sphingobium_fontiphilum	Sphingobium_fontiphilum
Coverage	CIN_vs_Ca	Boruta_RF	7	Ca-13	boruta	Zhizhongheella_caldifontis	Zhizhongheella_caldifontis
Coverage	CIN_vs_Ca	Boruta_RF	7	Ca-13	boruta	Methyloversatilis_discipulorum	Methyloversatilis_discipulorum
Coverage	CIN_vs_Ca	Boruta_RF	7	Ca-13	boruta	Methyloversatilis_discipulorum_A	Methyloversatilis_discipulorum_A
Coverage	CIN_vs_Ca	Boruta_RF	7	Ca-13	boruta	Methyloversatilis_thermotolerans	Methyloversatilis_thermotolerans
Coverage	CIN_vs_Ca	Boruta_RF	7	Ca-13	boruta	Methyloversatilis_universalis	Methyloversatilis_universalis
Coverage	CIN_vs_Ca	Boruta_RF	7	Ca-13	boruta	Methyloversatilis_universalis_A	Methyloversatilis_universalis_A
Coverage	CIN_vs_Ca	Boruta_RF	7	Ca-13	boruta	Pseudomonas_aeruginosa	Pseudomonas_aeruginosa
Coverage	CIN_vs_Ca	Boruta_RF	7	Ca-13	boruta	Pseudomonas_A_stutzeri	Pseudomonas_A_stutzeri
Coverage	CIN_vs_Ca	Boruta_RF	7	Ca-13	boruta	Stenotrophomonas_maltophilia_Q	Stenotrophomonas_maltophilia_Q
Coverage	CIN_vs_Ca	Boruta_RF	8	CIN-2	boruta	Obscuribacter_phosphatis	Obscuribacter_phosphatis
Coverage	CIN_vs_Ca	Boruta_RF	8	CIN-2	boruta	Lacticaseibacillus_paracasei	Lacticaseibacillus_paracasei
Coverage	CIN_vs_Ca	Boruta_RF	8	CIN-2	boruta	Ferrovibrio_sp002796975	Ferrovibrio_sp002796975
Coverage	CIN_vs_Ca	Boruta_RF	8	CIN-2	boruta	Ferrovibrio_terrae	Ferrovibrio_terrae
Coverage	CIN_vs_Ca	Boruta_RF	8	CIN-2	boruta	JACESI01_sp013911885	JACESI01_sp013911885
Coverage	CIN_vs_Ca	Boruta_RF	8	CIN-2	boruta	Frigidibacter_sp002423245	Frigidibacter_sp002423245
Coverage	CIN_vs_Ca	Boruta_RF	8	CIN-2	boruta	Erythrobacter_cryptus	Erythrobacter_cryptus
Coverage	CIN_vs_Ca	Boruta_RF	8	CIN-2	boruta	Sphingobium_fontiphilum	Sphingobium_fontiphilum
Coverage	CIN_vs_Ca	Boruta_RF	8	CIN-2	boruta	Zhizhongheella_caldifontis	Zhizhongheella_caldifontis
Coverage	CIN_vs_Ca	Boruta_RF	8	CIN-2	boruta	Methyloversatilis_discipulorum	Methyloversatilis_discipulorum
Coverage	CIN_vs_Ca	Boruta_RF	8	CIN-2	boruta	Methyloversatilis_discipulorum_A	Methyloversatilis_discipulorum_A
Coverage	CIN_vs_Ca	Boruta_RF	8	CIN-2	boruta	Methyloversatilis_thermotolerans	Methyloversatilis_thermotolerans
Coverage	CIN_vs_Ca	Boruta_RF	8	CIN-2	boruta	Methyloversatilis_universalis	Methyloversatilis_universalis
Coverage	CIN_vs_Ca	Boruta_RF	8	CIN-2	boruta	Methyloversatilis_universalis_A	Methyloversatilis_universalis_A
Coverage	CIN_vs_Ca	Boruta_RF	8	CIN-2	boruta	Pseudomonas_aeruginosa	Pseudomonas_aeruginosa
Coverage	CIN_vs_Ca	Boruta_RF	8	CIN-2	boruta	Pseudomonas_A_stutzeri	Pseudomonas_A_stutzeri
Coverage	CIN_vs_Ca	Boruta_RF	8	CIN-2	boruta	Stenotrophomonas_maltophilia_Q	Stenotrophomonas_maltophilia_Q
Coverage	CIN_vs_Ca	Boruta_RF	9	Ca-14	boruta	Obscuribacter_phosphatis	Obscuribacter_phosphatis
Coverage	CIN_vs_Ca	Boruta_RF	9	Ca-14	boruta	Lacticaseibacillus_paracasei	Lacticaseibacillus_paracasei
Coverage	CIN_vs_Ca	Boruta_RF	9	Ca-14	boruta	Ferrovibrio_sp002796975	Ferrovibrio_sp002796975
Coverage	CIN_vs_Ca	Boruta_RF	9	Ca-14	boruta	Ferrovibrio_terrae	Ferrovibrio_terrae
Coverage	CIN_vs_Ca	Boruta_RF	9	Ca-14	boruta	JACESI01_sp013911885	JACESI01_sp013911885
Coverage	CIN_vs_Ca	Boruta_RF	9	Ca-14	boruta	Frigidibacter_sp002423245	Frigidibacter_sp002423245
Coverage	CIN_vs_Ca	Boruta_RF	9	Ca-14	boruta	Erythrobacter_cryptus	Erythrobacter_cryptus
Coverage	CIN_vs_Ca	Boruta_RF	9	Ca-14	boruta	Sphingobium_fontiphilum	Sphingobium_fontiphilum
Coverage	CIN_vs_Ca	Boruta_RF	9	Ca-14	boruta	Zhizhongheella_caldifontis	Zhizhongheella_caldifontis
Coverage	CIN_vs_Ca	Boruta_RF	9	Ca-14	boruta	Azoarcus_C_communis	Azoarcus_C_communis
Coverage	CIN_vs_Ca	Boruta_RF	9	Ca-14	boruta	Methyloversatilis_discipulorum	Methyloversatilis_discipulorum
Coverage	CIN_vs_Ca	Boruta_RF	9	Ca-14	boruta	Methyloversatilis_discipulorum_A	Methyloversatilis_discipulorum_A
Coverage	CIN_vs_Ca	Boruta_RF	9	Ca-14	boruta	Methyloversatilis_thermotolerans	Methyloversatilis_thermotolerans
Coverage	CIN_vs_Ca	Boruta_RF	9	Ca-14	boruta	Methyloversatilis_universalis	Methyloversatilis_universalis
Coverage	CIN_vs_Ca	Boruta_RF	9	Ca-14	boruta	Methyloversatilis_universalis_A	Methyloversatilis_universalis_A
Coverage	CIN_vs_Ca	Boruta_RF	9	Ca-14	boruta	Pseudomonas_aeruginosa	Pseudomonas_aeruginosa
Coverage	CIN_vs_Ca	Boruta_RF	9	Ca-14	boruta	Pseudomonas_A_stutzeri	Pseudomonas_A_stutzeri
Coverage	CIN_vs_Ca	Boruta_RF	9	Ca-14	boruta	Stenotrophomonas_maltophilia_Q	Stenotrophomonas_maltophilia_Q
Coverage	CIN_vs_Ca	Boruta_RF	10	Ca-10	boruta	Obscuribacter_phosphatis	Obscuribacter_phosphatis
Coverage	CIN_vs_Ca	Boruta_RF	10	Ca-10	boruta	Lacticaseibacillus_paracasei	Lacticaseibacillus_paracasei
Coverage	CIN_vs_Ca	Boruta_RF	10	Ca-10	boruta	Ferrovibrio_sp002796975	Ferrovibrio_sp002796975
Coverage	CIN_vs_Ca	Boruta_RF	10	Ca-10	boruta	Ferrovibrio_terrae	Ferrovibrio_terrae
Coverage	CIN_vs_Ca	Boruta_RF	10	Ca-10	boruta	JACESI01_sp013911885	JACESI01_sp013911885
Coverage	CIN_vs_Ca	Boruta_RF	10	Ca-10	boruta	Frigidibacter_sp002423245	Frigidibacter_sp002423245
Coverage	CIN_vs_Ca	Boruta_RF	10	Ca-10	boruta	Erythrobacter_cryptus	Erythrobacter_cryptus
Coverage	CIN_vs_Ca	Boruta_RF	10	Ca-10	boruta	Sphingobium_fontiphilum	Sphingobium_fontiphilum
Coverage	CIN_vs_Ca	Boruta_RF	10	Ca-10	boruta	Zhizhongheella_caldifontis	Zhizhongheella_caldifontis
Coverage	CIN_vs_Ca	Boruta_RF	10	Ca-10	boruta	Methyloversatilis_discipulorum	Methyloversatilis_discipulorum
Coverage	CIN_vs_Ca	Boruta_RF	10	Ca-10	boruta	Methyloversatilis_discipulorum_A	Methyloversatilis_discipulorum_A
Coverage	CIN_vs_Ca	Boruta_RF	10	Ca-10	boruta	Methyloversatilis_thermotolerans	Methyloversatilis_thermotolerans
Coverage	CIN_vs_Ca	Boruta_RF	10	Ca-10	boruta	Methyloversatilis_universalis	Methyloversatilis_universalis
Coverage	CIN_vs_Ca	Boruta_RF	10	Ca-10	boruta	Methyloversatilis_universalis_A	Methyloversatilis_universalis_A
Coverage	CIN_vs_Ca	Boruta_RF	10	Ca-10	boruta	Pseudomonas_aeruginosa	Pseudomonas_aeruginosa
Coverage	CIN_vs_Ca	Boruta_RF	10	Ca-10	boruta	Pseudomonas_A_stutzeri	Pseudomonas_A_stutzeri
Coverage	CIN_vs_Ca	Boruta_RF	10	Ca-10	boruta	Stenotrophomonas_maltophilia_Q	Stenotrophomonas_maltophilia_Q
Coverage	CIN_vs_Ca	Boruta_RF	11	Ca-3	boruta	Obscuribacter_phosphatis	Obscuribacter_phosphatis
Coverage	CIN_vs_Ca	Boruta_RF	11	Ca-3	boruta	Bacillus_A_bombysepticus	Bacillus_A_bombysepticus
Coverage	CIN_vs_Ca	Boruta_RF	11	Ca-3	boruta	Bacillus_A_cereus	Bacillus_A_cereus
Coverage	CIN_vs_Ca	Boruta_RF	11	Ca-3	boruta	Lacticaseibacillus_paracasei	Lacticaseibacillus_paracasei
Coverage	CIN_vs_Ca	Boruta_RF	11	Ca-3	boruta	Ferrovibrio_sp002796975	Ferrovibrio_sp002796975
Coverage	CIN_vs_Ca	Boruta_RF	11	Ca-3	boruta	Ferrovibrio_terrae	Ferrovibrio_terrae
Coverage	CIN_vs_Ca	Boruta_RF	11	Ca-3	boruta	JACESI01_sp013911885	JACESI01_sp013911885
Coverage	CIN_vs_Ca	Boruta_RF	11	Ca-3	boruta	Frigidibacter_sp002423245	Frigidibacter_sp002423245
Coverage	CIN_vs_Ca	Boruta_RF	11	Ca-3	boruta	Erythrobacter_cryptus	Erythrobacter_cryptus
Coverage	CIN_vs_Ca	Boruta_RF	11	Ca-3	boruta	Sphingobium_fontiphilum	Sphingobium_fontiphilum
Coverage	CIN_vs_Ca	Boruta_RF	11	Ca-3	boruta	Zhizhongheella_caldifontis	Zhizhongheella_caldifontis
Coverage	CIN_vs_Ca	Boruta_RF	11	Ca-3	boruta	Azoarcus_C_communis	Azoarcus_C_communis
Coverage	CIN_vs_Ca	Boruta_RF	11	Ca-3	boruta	Methyloversatilis_discipulorum	Methyloversatilis_discipulorum
Coverage	CIN_vs_Ca	Boruta_RF	11	Ca-3	boruta	Methyloversatilis_discipulorum_A	Methyloversatilis_discipulorum_A
Coverage	CIN_vs_Ca	Boruta_RF	11	Ca-3	boruta	Methyloversatilis_thermotolerans	Methyloversatilis_thermotolerans
Coverage	CIN_vs_Ca	Boruta_RF	11	Ca-3	boruta	Methyloversatilis_universalis	Methyloversatilis_universalis
Coverage	CIN_vs_Ca	Boruta_RF	11	Ca-3	boruta	Methyloversatilis_universalis_A	Methyloversatilis_universalis_A
Coverage	CIN_vs_Ca	Boruta_RF	11	Ca-3	boruta	Pseudomonas_aeruginosa	Pseudomonas_aeruginosa
Coverage	CIN_vs_Ca	Boruta_RF	11	Ca-3	boruta	Pseudomonas_A_stutzeri	Pseudomonas_A_stutzeri
Coverage	CIN_vs_Ca	Boruta_RF	12	CIN-15	boruta	Obscuribacter_phosphatis	Obscuribacter_phosphatis
Coverage	CIN_vs_Ca	Boruta_RF	12	CIN-15	boruta	Lacticaseibacillus_paracasei	Lacticaseibacillus_paracasei
Coverage	CIN_vs_Ca	Boruta_RF	12	CIN-15	boruta	Ferrovibrio_sp002796975	Ferrovibrio_sp002796975
Coverage	CIN_vs_Ca	Boruta_RF	12	CIN-15	boruta	Ferrovibrio_terrae	Ferrovibrio_terrae
Coverage	CIN_vs_Ca	Boruta_RF	12	CIN-15	boruta	JACESI01_sp013911885	JACESI01_sp013911885
Coverage	CIN_vs_Ca	Boruta_RF	12	CIN-15	boruta	Frigidibacter_sp002423245	Frigidibacter_sp002423245
Coverage	CIN_vs_Ca	Boruta_RF	12	CIN-15	boruta	Erythrobacter_cryptus	Erythrobacter_cryptus
Coverage	CIN_vs_Ca	Boruta_RF	12	CIN-15	boruta	Sphingobium_fontiphilum	Sphingobium_fontiphilum
Coverage	CIN_vs_Ca	Boruta_RF	12	CIN-15	boruta	Zhizhongheella_caldifontis	Zhizhongheella_caldifontis
Coverage	CIN_vs_Ca	Boruta_RF	12	CIN-15	boruta	Methyloversatilis_discipulorum	Methyloversatilis_discipulorum
Coverage	CIN_vs_Ca	Boruta_RF	12	CIN-15	boruta	Methyloversatilis_discipulorum_A	Methyloversatilis_discipulorum_A
Coverage	CIN_vs_Ca	Boruta_RF	12	CIN-15	boruta	Methyloversatilis_thermotolerans	Methyloversatilis_thermotolerans
Coverage	CIN_vs_Ca	Boruta_RF	12	CIN-15	boruta	Methyloversatilis_universalis	Methyloversatilis_universalis
Coverage	CIN_vs_Ca	Boruta_RF	12	CIN-15	boruta	Methyloversatilis_universalis_A	Methyloversatilis_universalis_A
Coverage	CIN_vs_Ca	Boruta_RF	12	CIN-15	boruta	Pseudomonas_aeruginosa	Pseudomonas_aeruginosa
Coverage	CIN_vs_Ca	Boruta_RF	12	CIN-15	boruta	Pseudomonas_A_stutzeri	Pseudomonas_A_stutzeri
Coverage	CIN_vs_Ca	Boruta_RF	12	CIN-15	boruta	Stenotrophomonas_maltophilia_Q	Stenotrophomonas_maltophilia_Q
Coverage	CIN_vs_Ca	Boruta_RF	13	CIN-6	boruta	Obscuribacter_phosphatis	Obscuribacter_phosphatis
Coverage	CIN_vs_Ca	Boruta_RF	13	CIN-6	boruta	Lacticaseibacillus_paracasei	Lacticaseibacillus_paracasei
Coverage	CIN_vs_Ca	Boruta_RF	13	CIN-6	boruta	Ferrovibrio_sp002796975	Ferrovibrio_sp002796975
Coverage	CIN_vs_Ca	Boruta_RF	13	CIN-6	boruta	Ferrovibrio_terrae	Ferrovibrio_terrae
Coverage	CIN_vs_Ca	Boruta_RF	13	CIN-6	boruta	JACESI01_sp013911885	JACESI01_sp013911885
Coverage	CIN_vs_Ca	Boruta_RF	13	CIN-6	boruta	Frigidibacter_sp002423245	Frigidibacter_sp002423245
Coverage	CIN_vs_Ca	Boruta_RF	13	CIN-6	boruta	Erythrobacter_cryptus	Erythrobacter_cryptus
Coverage	CIN_vs_Ca	Boruta_RF	13	CIN-6	boruta	Sphingobium_fontiphilum	Sphingobium_fontiphilum
Coverage	CIN_vs_Ca	Boruta_RF	13	CIN-6	boruta	Zhizhongheella_caldifontis	Zhizhongheella_caldifontis
Coverage	CIN_vs_Ca	Boruta_RF	13	CIN-6	boruta	Methyloversatilis_discipulorum	Methyloversatilis_discipulorum
Coverage	CIN_vs_Ca	Boruta_RF	13	CIN-6	boruta	Methyloversatilis_discipulorum_A	Methyloversatilis_discipulorum_A
Coverage	CIN_vs_Ca	Boruta_RF	13	CIN-6	boruta	Methyloversatilis_thermotolerans	Methyloversatilis_thermotolerans
Coverage	CIN_vs_Ca	Boruta_RF	13	CIN-6	boruta	Methyloversatilis_universalis	Methyloversatilis_universalis
Coverage	CIN_vs_Ca	Boruta_RF	13	CIN-6	boruta	Methyloversatilis_universalis_A	Methyloversatilis_universalis_A
Coverage	CIN_vs_Ca	Boruta_RF	13	CIN-6	boruta	Pseudomonas_aeruginosa	Pseudomonas_aeruginosa
Coverage	CIN_vs_Ca	Boruta_RF	13	CIN-6	boruta	Pseudomonas_A_stutzeri	Pseudomonas_A_stutzeri
Coverage	CIN_vs_Ca	Boruta_RF	13	CIN-6	boruta	Stenotrophomonas_maltophilia_Q	Stenotrophomonas_maltophilia_Q
Coverage	CIN_vs_Ca	Boruta_RF	14	Ca-4	boruta	Obscuribacter_phosphatis	Obscuribacter_phosphatis
Coverage	CIN_vs_Ca	Boruta_RF	14	Ca-4	boruta	Bacillus_A_bombysepticus	Bacillus_A_bombysepticus
Coverage	CIN_vs_Ca	Boruta_RF	14	Ca-4	boruta	Bacillus_A_cereus	Bacillus_A_cereus
Coverage	CIN_vs_Ca	Boruta_RF	14	Ca-4	boruta	Lacticaseibacillus_paracasei	Lacticaseibacillus_paracasei
Coverage	CIN_vs_Ca	Boruta_RF	14	Ca-4	boruta	Ferrovibrio_sp002796975	Ferrovibrio_sp002796975
Coverage	CIN_vs_Ca	Boruta_RF	14	Ca-4	boruta	Ferrovibrio_terrae	Ferrovibrio_terrae
Coverage	CIN_vs_Ca	Boruta_RF	14	Ca-4	boruta	JACESI01_sp013911885	JACESI01_sp013911885
Coverage	CIN_vs_Ca	Boruta_RF	14	Ca-4	boruta	Frigidibacter_sp002423245	Frigidibacter_sp002423245
Coverage	CIN_vs_Ca	Boruta_RF	14	Ca-4	boruta	Erythrobacter_cryptus	Erythrobacter_cryptus
Coverage	CIN_vs_Ca	Boruta_RF	14	Ca-4	boruta	Sphingobium_fontiphilum	Sphingobium_fontiphilum
Coverage	CIN_vs_Ca	Boruta_RF	14	Ca-4	boruta	Zhizhongheella_caldifontis	Zhizhongheella_caldifontis
Coverage	CIN_vs_Ca	Boruta_RF	14	Ca-4	boruta	Azoarcus_C_communis	Azoarcus_C_communis
Coverage	CIN_vs_Ca	Boruta_RF	14	Ca-4	boruta	Methyloversatilis_discipulorum	Methyloversatilis_discipulorum
Coverage	CIN_vs_Ca	Boruta_RF	14	Ca-4	boruta	Methyloversatilis_discipulorum_A	Methyloversatilis_discipulorum_A
Coverage	CIN_vs_Ca	Boruta_RF	14	Ca-4	boruta	Methyloversatilis_thermotolerans	Methyloversatilis_thermotolerans
Coverage	CIN_vs_Ca	Boruta_RF	14	Ca-4	boruta	Methyloversatilis_universalis	Methyloversatilis_universalis
Coverage	CIN_vs_Ca	Boruta_RF	14	Ca-4	boruta	Methyloversatilis_universalis_A	Methyloversatilis_universalis_A
Coverage	CIN_vs_Ca	Boruta_RF	14	Ca-4	boruta	Pseudomonas_aeruginosa	Pseudomonas_aeruginosa
Coverage	CIN_vs_Ca	Boruta_RF	14	Ca-4	boruta	Pseudomonas_A_stutzeri	Pseudomonas_A_stutzeri
Coverage	CIN_vs_Ca	Boruta_RF	15	Ca-11	boruta	Obscuribacter_phosphatis	Obscuribacter_phosphatis
Coverage	CIN_vs_Ca	Boruta_RF	15	Ca-11	boruta	Lacticaseibacillus_paracasei	Lacticaseibacillus_paracasei
Coverage	CIN_vs_Ca	Boruta_RF	15	Ca-11	boruta	Ferrovibrio_sp002796975	Ferrovibrio_sp002796975
Coverage	CIN_vs_Ca	Boruta_RF	15	Ca-11	boruta	Ferrovibrio_terrae	Ferrovibrio_terrae
Coverage	CIN_vs_Ca	Boruta_RF	15	Ca-11	boruta	JACESI01_sp013911885	JACESI01_sp013911885
Coverage	CIN_vs_Ca	Boruta_RF	15	Ca-11	boruta	Frigidibacter_sp002423245	Frigidibacter_sp002423245
Coverage	CIN_vs_Ca	Boruta_RF	15	Ca-11	boruta	Erythrobacter_cryptus	Erythrobacter_cryptus
Coverage	CIN_vs_Ca	Boruta_RF	15	Ca-11	boruta	Sphingobium_fontiphilum	Sphingobium_fontiphilum
Coverage	CIN_vs_Ca	Boruta_RF	15	Ca-11	boruta	Zhizhongheella_caldifontis	Zhizhongheella_caldifontis
Coverage	CIN_vs_Ca	Boruta_RF	15	Ca-11	boruta	Methyloversatilis_discipulorum	Methyloversatilis_discipulorum
Coverage	CIN_vs_Ca	Boruta_RF	15	Ca-11	boruta	Methyloversatilis_discipulorum_A	Methyloversatilis_discipulorum_A
Coverage	CIN_vs_Ca	Boruta_RF	15	Ca-11	boruta	Methyloversatilis_thermotolerans	Methyloversatilis_thermotolerans
Coverage	CIN_vs_Ca	Boruta_RF	15	Ca-11	boruta	Methyloversatilis_universalis	Methyloversatilis_universalis
Coverage	CIN_vs_Ca	Boruta_RF	15	Ca-11	boruta	Methyloversatilis_universalis_A	Methyloversatilis_universalis_A
Coverage	CIN_vs_Ca	Boruta_RF	15	Ca-11	boruta	Pseudomonas_aeruginosa	Pseudomonas_aeruginosa
Coverage	CIN_vs_Ca	Boruta_RF	15	Ca-11	boruta	Pseudomonas_A_stutzeri	Pseudomonas_A_stutzeri
Coverage	CIN_vs_Ca	Boruta_RF	15	Ca-11	boruta	Stenotrophomonas_maltophilia_Q	Stenotrophomonas_maltophilia_Q
Coverage	CIN_vs_Ca	Boruta_RF	16	Ca-9	boruta	Obscuribacter_phosphatis	Obscuribacter_phosphatis
Coverage	CIN_vs_Ca	Boruta_RF	16	Ca-9	boruta	Lacticaseibacillus_paracasei	Lacticaseibacillus_paracasei
Coverage	CIN_vs_Ca	Boruta_RF	16	Ca-9	boruta	Ferrovibrio_sp002796975	Ferrovibrio_sp002796975
Coverage	CIN_vs_Ca	Boruta_RF	16	Ca-9	boruta	Ferrovibrio_terrae	Ferrovibrio_terrae
Coverage	CIN_vs_Ca	Boruta_RF	16	Ca-9	boruta	JACESI01_sp013911885	JACESI01_sp013911885
Coverage	CIN_vs_Ca	Boruta_RF	16	Ca-9	boruta	Frigidibacter_sp002423245	Frigidibacter_sp002423245
Coverage	CIN_vs_Ca	Boruta_RF	16	Ca-9	boruta	Erythrobacter_cryptus	Erythrobacter_cryptus
Coverage	CIN_vs_Ca	Boruta_RF	16	Ca-9	boruta	Sphingobium_fontiphilum	Sphingobium_fontiphilum
Coverage	CIN_vs_Ca	Boruta_RF	16	Ca-9	boruta	Zhizhongheella_caldifontis	Zhizhongheella_caldifontis
Coverage	CIN_vs_Ca	Boruta_RF	16	Ca-9	boruta	Methyloversatilis_discipulorum	Methyloversatilis_discipulorum
Coverage	CIN_vs_Ca	Boruta_RF	16	Ca-9	boruta	Methyloversatilis_discipulorum_A	Methyloversatilis_discipulorum_A
Coverage	CIN_vs_Ca	Boruta_RF	16	Ca-9	boruta	Methyloversatilis_thermotolerans	Methyloversatilis_thermotolerans
Coverage	CIN_vs_Ca	Boruta_RF	16	Ca-9	boruta	Methyloversatilis_universalis	Methyloversatilis_universalis
Coverage	CIN_vs_Ca	Boruta_RF	16	Ca-9	boruta	Methyloversatilis_universalis_A	Methyloversatilis_universalis_A
Coverage	CIN_vs_Ca	Boruta_RF	16	Ca-9	boruta	Pseudomonas_aeruginosa	Pseudomonas_aeruginosa
Coverage	CIN_vs_Ca	Boruta_RF	16	Ca-9	boruta	Pseudomonas_A_stutzeri	Pseudomonas_A_stutzeri
Coverage	CIN_vs_Ca	Boruta_RF	16	Ca-9	boruta	Stenotrophomonas_maltophilia_Q	Stenotrophomonas_maltophilia_Q
Coverage	CIN_vs_Ca	Boruta_RF	17	CIN-3	boruta	Obscuribacter_phosphatis	Obscuribacter_phosphatis
Coverage	CIN_vs_Ca	Boruta_RF	17	CIN-3	boruta	Lacticaseibacillus_paracasei	Lacticaseibacillus_paracasei
Coverage	CIN_vs_Ca	Boruta_RF	17	CIN-3	boruta	Ferrovibrio_sp002796975	Ferrovibrio_sp002796975
Coverage	CIN_vs_Ca	Boruta_RF	17	CIN-3	boruta	Ferrovibrio_terrae	Ferrovibrio_terrae
Coverage	CIN_vs_Ca	Boruta_RF	17	CIN-3	boruta	JACESI01_sp013911885	JACESI01_sp013911885
Coverage	CIN_vs_Ca	Boruta_RF	17	CIN-3	boruta	Frigidibacter_sp002423245	Frigidibacter_sp002423245
Coverage	CIN_vs_Ca	Boruta_RF	17	CIN-3	boruta	Erythrobacter_cryptus	Erythrobacter_cryptus
Coverage	CIN_vs_Ca	Boruta_RF	17	CIN-3	boruta	Sphingobium_fontiphilum	Sphingobium_fontiphilum
Coverage	CIN_vs_Ca	Boruta_RF	17	CIN-3	boruta	Zhizhongheella_caldifontis	Zhizhongheella_caldifontis
Coverage	CIN_vs_Ca	Boruta_RF	17	CIN-3	boruta	Methyloversatilis_discipulorum	Methyloversatilis_discipulorum
Coverage	CIN_vs_Ca	Boruta_RF	17	CIN-3	boruta	Methyloversatilis_discipulorum_A	Methyloversatilis_discipulorum_A
Coverage	CIN_vs_Ca	Boruta_RF	17	CIN-3	boruta	Methyloversatilis_thermotolerans	Methyloversatilis_thermotolerans
Coverage	CIN_vs_Ca	Boruta_RF	17	CIN-3	boruta	Methyloversatilis_universalis	Methyloversatilis_universalis
Coverage	CIN_vs_Ca	Boruta_RF	17	CIN-3	boruta	Methyloversatilis_universalis_A	Methyloversatilis_universalis_A
Coverage	CIN_vs_Ca	Boruta_RF	17	CIN-3	boruta	Pseudomonas_aeruginosa	Pseudomonas_aeruginosa
Coverage	CIN_vs_Ca	Boruta_RF	17	CIN-3	boruta	Pseudomonas_A_stutzeri	Pseudomonas_A_stutzeri
Coverage	CIN_vs_Ca	Boruta_RF	17	CIN-3	boruta	Stenotrophomonas_maltophilia_Q	Stenotrophomonas_maltophilia_Q
Coverage	CIN_vs_Ca	Boruta_RF	18	CIN-10	boruta	Obscuribacter_phosphatis	Obscuribacter_phosphatis
Coverage	CIN_vs_Ca	Boruta_RF	18	CIN-10	boruta	Lacticaseibacillus_paracasei	Lacticaseibacillus_paracasei
Coverage	CIN_vs_Ca	Boruta_RF	18	CIN-10	boruta	Brevundimonas_aurantiaca	Brevundimonas_aurantiaca
Coverage	CIN_vs_Ca	Boruta_RF	18	CIN-10	boruta	Ferrovibrio_sp002796975	Ferrovibrio_sp002796975
Coverage	CIN_vs_Ca	Boruta_RF	18	CIN-10	boruta	Ferrovibrio_terrae	Ferrovibrio_terrae
Coverage	CIN_vs_Ca	Boruta_RF	18	CIN-10	boruta	JACESI01_sp013911885	JACESI01_sp013911885
Coverage	CIN_vs_Ca	Boruta_RF	18	CIN-10	boruta	Frigidibacter_sp002423245	Frigidibacter_sp002423245
Coverage	CIN_vs_Ca	Boruta_RF	18	CIN-10	boruta	Erythrobacter_cryptus	Erythrobacter_cryptus
Coverage	CIN_vs_Ca	Boruta_RF	18	CIN-10	boruta	Sphingobium_fontiphilum	Sphingobium_fontiphilum
Coverage	CIN_vs_Ca	Boruta_RF	18	CIN-10	boruta	Bordetella_hinzii	Bordetella_hinzii
Coverage	CIN_vs_Ca	Boruta_RF	18	CIN-10	boruta	Zhizhongheella_caldifontis	Zhizhongheella_caldifontis
Coverage	CIN_vs_Ca	Boruta_RF	18	CIN-10	boruta	Azoarcus_C_communis	Azoarcus_C_communis
Coverage	CIN_vs_Ca	Boruta_RF	18	CIN-10	boruta	Methyloversatilis_discipulorum	Methyloversatilis_discipulorum
Coverage	CIN_vs_Ca	Boruta_RF	18	CIN-10	boruta	Methyloversatilis_discipulorum_A	Methyloversatilis_discipulorum_A
Coverage	CIN_vs_Ca	Boruta_RF	18	CIN-10	boruta	Methyloversatilis_thermotolerans	Methyloversatilis_thermotolerans
Coverage	CIN_vs_Ca	Boruta_RF	18	CIN-10	boruta	Methyloversatilis_universalis	Methyloversatilis_universalis
Coverage	CIN_vs_Ca	Boruta_RF	18	CIN-10	boruta	Methyloversatilis_universalis_A	Methyloversatilis_universalis_A
Coverage	CIN_vs_Ca	Boruta_RF	18	CIN-10	boruta	Acinetobacter_baumannii	Acinetobacter_baumannii
Coverage	CIN_vs_Ca	Boruta_RF	18	CIN-10	boruta	Pseudomonas_aeruginosa	Pseudomonas_aeruginosa
Coverage	CIN_vs_Ca	Boruta_RF	18	CIN-10	boruta	Pseudomonas_A_stutzeri	Pseudomonas_A_stutzeri
Coverage	CIN_vs_Ca	Boruta_RF	19	Ca-7	boruta	Obscuribacter_phosphatis	Obscuribacter_phosphatis
Coverage	CIN_vs_Ca	Boruta_RF	19	Ca-7	boruta	Lacticaseibacillus_paracasei	Lacticaseibacillus_paracasei
Coverage	CIN_vs_Ca	Boruta_RF	19	Ca-7	boruta	Ferrovibrio_sp002796975	Ferrovibrio_sp002796975
Coverage	CIN_vs_Ca	Boruta_RF	19	Ca-7	boruta	Ferrovibrio_terrae	Ferrovibrio_terrae
Coverage	CIN_vs_Ca	Boruta_RF	19	Ca-7	boruta	JACESI01_sp013911885	JACESI01_sp013911885
Coverage	CIN_vs_Ca	Boruta_RF	19	Ca-7	boruta	Frigidibacter_sp002423245	Frigidibacter_sp002423245
Coverage	CIN_vs_Ca	Boruta_RF	19	Ca-7	boruta	Erythrobacter_cryptus	Erythrobacter_cryptus
Coverage	CIN_vs_Ca	Boruta_RF	19	Ca-7	boruta	Sphingobium_fontiphilum	Sphingobium_fontiphilum
Coverage	CIN_vs_Ca	Boruta_RF	19	Ca-7	boruta	Comamonas_acidovorans	Comamonas_acidovorans
Coverage	CIN_vs_Ca	Boruta_RF	19	Ca-7	boruta	Zhizhongheella_caldifontis	Zhizhongheella_caldifontis
Coverage	CIN_vs_Ca	Boruta_RF	19	Ca-7	boruta	Azoarcus_C_communis	Azoarcus_C_communis
Coverage	CIN_vs_Ca	Boruta_RF	19	Ca-7	boruta	Methyloversatilis_discipulorum	Methyloversatilis_discipulorum
Coverage	CIN_vs_Ca	Boruta_RF	19	Ca-7	boruta	Methyloversatilis_discipulorum_A	Methyloversatilis_discipulorum_A
Coverage	CIN_vs_Ca	Boruta_RF	19	Ca-7	boruta	Methyloversatilis_thermotolerans	Methyloversatilis_thermotolerans
Coverage	CIN_vs_Ca	Boruta_RF	19	Ca-7	boruta	Methyloversatilis_universalis	Methyloversatilis_universalis
Coverage	CIN_vs_Ca	Boruta_RF	19	Ca-7	boruta	Methyloversatilis_universalis_A	Methyloversatilis_universalis_A
Coverage	CIN_vs_Ca	Boruta_RF	19	Ca-7	boruta	Pseudomonas_aeruginosa	Pseudomonas_aeruginosa
Coverage	CIN_vs_Ca	Boruta_RF	19	Ca-7	boruta	Pseudomonas_A_stutzeri	Pseudomonas_A_stutzeri
Coverage	CIN_vs_Ca	Boruta_RF	19	Ca-7	boruta	Stenotrophomonas_maltophilia_Q	Stenotrophomonas_maltophilia_Q
Coverage	CIN_vs_Ca	Boruta_RF	20	CIN-9	boruta	Obscuribacter_phosphatis	Obscuribacter_phosphatis
Coverage	CIN_vs_Ca	Boruta_RF	20	CIN-9	boruta	Lacticaseibacillus_paracasei	Lacticaseibacillus_paracasei
Coverage	CIN_vs_Ca	Boruta_RF	20	CIN-9	boruta	Ferrovibrio_sp002796975	Ferrovibrio_sp002796975
Coverage	CIN_vs_Ca	Boruta_RF	20	CIN-9	boruta	Ferrovibrio_terrae	Ferrovibrio_terrae
Coverage	CIN_vs_Ca	Boruta_RF	20	CIN-9	boruta	JACESI01_sp013911885	JACESI01_sp013911885
Coverage	CIN_vs_Ca	Boruta_RF	20	CIN-9	boruta	Frigidibacter_sp002423245	Frigidibacter_sp002423245
Coverage	CIN_vs_Ca	Boruta_RF	20	CIN-9	boruta	Erythrobacter_cryptus	Erythrobacter_cryptus
Coverage	CIN_vs_Ca	Boruta_RF	20	CIN-9	boruta	Sphingobium_fontiphilum	Sphingobium_fontiphilum
Coverage	CIN_vs_Ca	Boruta_RF	20	CIN-9	boruta	Zhizhongheella_caldifontis	Zhizhongheella_caldifontis
Coverage	CIN_vs_Ca	Boruta_RF	20	CIN-9	boruta	Methyloversatilis_discipulorum	Methyloversatilis_discipulorum
Coverage	CIN_vs_Ca	Boruta_RF	20	CIN-9	boruta	Methyloversatilis_discipulorum_A	Methyloversatilis_discipulorum_A
Coverage	CIN_vs_Ca	Boruta_RF	20	CIN-9	boruta	Methyloversatilis_thermotolerans	Methyloversatilis_thermotolerans
Coverage	CIN_vs_Ca	Boruta_RF	20	CIN-9	boruta	Methyloversatilis_universalis	Methyloversatilis_universalis
Coverage	CIN_vs_Ca	Boruta_RF	20	CIN-9	boruta	Methyloversatilis_universalis_A	Methyloversatilis_universalis_A
Coverage	CIN_vs_Ca	Boruta_RF	20	CIN-9	boruta	Pseudomonas_aeruginosa	Pseudomonas_aeruginosa
Coverage	CIN_vs_Ca	Boruta_RF	20	CIN-9	boruta	Pseudomonas_A_stutzeri	Pseudomonas_A_stutzeri
Coverage	CIN_vs_Ca	Boruta_RF	20	CIN-9	boruta	Stenotrophomonas_maltophilia_Q	Stenotrophomonas_maltophilia_Q
Coverage	CIN_vs_Ca	Boruta_RF	21	CIN-14	boruta	Obscuribacter_phosphatis	Obscuribacter_phosphatis
Coverage	CIN_vs_Ca	Boruta_RF	21	CIN-14	boruta	Bacillus_A_bombysepticus	Bacillus_A_bombysepticus
Coverage	CIN_vs_Ca	Boruta_RF	21	CIN-14	boruta	Lacticaseibacillus_paracasei	Lacticaseibacillus_paracasei
Coverage	CIN_vs_Ca	Boruta_RF	21	CIN-14	boruta	Ferrovibrio_sp002796975	Ferrovibrio_sp002796975
Coverage	CIN_vs_Ca	Boruta_RF	21	CIN-14	boruta	Ferrovibrio_terrae	Ferrovibrio_terrae
Coverage	CIN_vs_Ca	Boruta_RF	21	CIN-14	boruta	JACESI01_sp013911885	JACESI01_sp013911885
Coverage	CIN_vs_Ca	Boruta_RF	21	CIN-14	boruta	Frigidibacter_sp002423245	Frigidibacter_sp002423245
Coverage	CIN_vs_Ca	Boruta_RF	21	CIN-14	boruta	Erythrobacter_cryptus	Erythrobacter_cryptus
Coverage	CIN_vs_Ca	Boruta_RF	21	CIN-14	boruta	Sphingobium_fontiphilum	Sphingobium_fontiphilum
Coverage	CIN_vs_Ca	Boruta_RF	21	CIN-14	boruta	Zhizhongheella_caldifontis	Zhizhongheella_caldifontis
Coverage	CIN_vs_Ca	Boruta_RF	21	CIN-14	boruta	Methyloversatilis_discipulorum	Methyloversatilis_discipulorum
Coverage	CIN_vs_Ca	Boruta_RF	21	CIN-14	boruta	Methyloversatilis_discipulorum_A	Methyloversatilis_discipulorum_A
Coverage	CIN_vs_Ca	Boruta_RF	21	CIN-14	boruta	Methyloversatilis_thermotolerans	Methyloversatilis_thermotolerans
Coverage	CIN_vs_Ca	Boruta_RF	21	CIN-14	boruta	Methyloversatilis_universalis	Methyloversatilis_universalis
Coverage	CIN_vs_Ca	Boruta_RF	21	CIN-14	boruta	Methyloversatilis_universalis_A	Methyloversatilis_universalis_A
Coverage	CIN_vs_Ca	Boruta_RF	21	CIN-14	boruta	Pseudomonas_aeruginosa	Pseudomonas_aeruginosa
Coverage	CIN_vs_Ca	Boruta_RF	21	CIN-14	boruta	Pseudomonas_A_stutzeri	Pseudomonas_A_stutzeri
Coverage	CIN_vs_Ca	Boruta_RF	21	CIN-14	boruta	Pseudomonas_E_viridiflava	Pseudomonas_E_viridiflava
Coverage	CIN_vs_Ca	Boruta_RF	21	CIN-14	boruta	Stenotrophomonas_maltophilia_Q	Stenotrophomonas_maltophilia_Q
Coverage	CIN_vs_Ca	Boruta_RF	22	Ca-6	boruta	Obscuribacter_phosphatis	Obscuribacter_phosphatis
Coverage	CIN_vs_Ca	Boruta_RF	22	Ca-6	boruta	Lacticaseibacillus_paracasei	Lacticaseibacillus_paracasei
Coverage	CIN_vs_Ca	Boruta_RF	22	Ca-6	boruta	Ferrovibrio_sp002796975	Ferrovibrio_sp002796975
Coverage	CIN_vs_Ca	Boruta_RF	22	Ca-6	boruta	Ferrovibrio_terrae	Ferrovibrio_terrae
Coverage	CIN_vs_Ca	Boruta_RF	22	Ca-6	boruta	JACESI01_sp013911885	JACESI01_sp013911885
Coverage	CIN_vs_Ca	Boruta_RF	22	Ca-6	boruta	Frigidibacter_sp002423245	Frigidibacter_sp002423245
Coverage	CIN_vs_Ca	Boruta_RF	22	Ca-6	boruta	Erythrobacter_cryptus	Erythrobacter_cryptus
Coverage	CIN_vs_Ca	Boruta_RF	22	Ca-6	boruta	Sphingobium_fontiphilum	Sphingobium_fontiphilum
Coverage	CIN_vs_Ca	Boruta_RF	22	Ca-6	boruta	Zhizhongheella_caldifontis	Zhizhongheella_caldifontis
Coverage	CIN_vs_Ca	Boruta_RF	22	Ca-6	boruta	Methyloversatilis_discipulorum	Methyloversatilis_discipulorum
Coverage	CIN_vs_Ca	Boruta_RF	22	Ca-6	boruta	Methyloversatilis_discipulorum_A	Methyloversatilis_discipulorum_A
Coverage	CIN_vs_Ca	Boruta_RF	22	Ca-6	boruta	Methyloversatilis_thermotolerans	Methyloversatilis_thermotolerans
Coverage	CIN_vs_Ca	Boruta_RF	22	Ca-6	boruta	Methyloversatilis_universalis	Methyloversatilis_universalis
Coverage	CIN_vs_Ca	Boruta_RF	22	Ca-6	boruta	Methyloversatilis_universalis_A	Methyloversatilis_universalis_A
Coverage	CIN_vs_Ca	Boruta_RF	22	Ca-6	boruta	Pseudomonas_aeruginosa	Pseudomonas_aeruginosa
Coverage	CIN_vs_Ca	Boruta_RF	22	Ca-6	boruta	Pseudomonas_A_stutzeri	Pseudomonas_A_stutzeri
Coverage	CIN_vs_Ca	Boruta_RF	22	Ca-6	boruta	Stenotrophomonas_maltophilia_Q	Stenotrophomonas_maltophilia_Q
Coverage	CIN_vs_Ca	Boruta_RF	23	Ca-12	boruta	Obscuribacter_phosphatis	Obscuribacter_phosphatis
Coverage	CIN_vs_Ca	Boruta_RF	23	Ca-12	boruta	Lacticaseibacillus_paracasei	Lacticaseibacillus_paracasei
Coverage	CIN_vs_Ca	Boruta_RF	23	Ca-12	boruta	Ferrovibrio_sp002796975	Ferrovibrio_sp002796975
Coverage	CIN_vs_Ca	Boruta_RF	23	Ca-12	boruta	Ferrovibrio_terrae	Ferrovibrio_terrae
Coverage	CIN_vs_Ca	Boruta_RF	23	Ca-12	boruta	JACESI01_sp013911885	JACESI01_sp013911885
Coverage	CIN_vs_Ca	Boruta_RF	23	Ca-12	boruta	Frigidibacter_sp002423245	Frigidibacter_sp002423245
Coverage	CIN_vs_Ca	Boruta_RF	23	Ca-12	boruta	Erythrobacter_cryptus	Erythrobacter_cryptus
Coverage	CIN_vs_Ca	Boruta_RF	23	Ca-12	boruta	Sphingobium_fontiphilum	Sphingobium_fontiphilum
Coverage	CIN_vs_Ca	Boruta_RF	23	Ca-12	boruta	Zhizhongheella_caldifontis	Zhizhongheella_caldifontis
Coverage	CIN_vs_Ca	Boruta_RF	23	Ca-12	boruta	Methyloversatilis_discipulorum	Methyloversatilis_discipulorum
Coverage	CIN_vs_Ca	Boruta_RF	23	Ca-12	boruta	Methyloversatilis_discipulorum_A	Methyloversatilis_discipulorum_A
Coverage	CIN_vs_Ca	Boruta_RF	23	Ca-12	boruta	Methyloversatilis_thermotolerans	Methyloversatilis_thermotolerans
Coverage	CIN_vs_Ca	Boruta_RF	23	Ca-12	boruta	Methyloversatilis_universalis	Methyloversatilis_universalis
Coverage	CIN_vs_Ca	Boruta_RF	23	Ca-12	boruta	Methyloversatilis_universalis_A	Methyloversatilis_universalis_A
Coverage	CIN_vs_Ca	Boruta_RF	23	Ca-12	boruta	Pseudomonas_aeruginosa	Pseudomonas_aeruginosa
Coverage	CIN_vs_Ca	Boruta_RF	23	Ca-12	boruta	Pseudomonas_A_stutzeri	Pseudomonas_A_stutzeri
Coverage	CIN_vs_Ca	Boruta_RF	24	Ca-8	boruta	Obscuribacter_phosphatis	Obscuribacter_phosphatis
Coverage	CIN_vs_Ca	Boruta_RF	24	Ca-8	boruta	Bacillus_A_cereus	Bacillus_A_cereus
Coverage	CIN_vs_Ca	Boruta_RF	24	Ca-8	boruta	Lacticaseibacillus_paracasei	Lacticaseibacillus_paracasei
Coverage	CIN_vs_Ca	Boruta_RF	24	Ca-8	boruta	Ferrovibrio_sp002796975	Ferrovibrio_sp002796975
Coverage	CIN_vs_Ca	Boruta_RF	24	Ca-8	boruta	Ferrovibrio_terrae	Ferrovibrio_terrae
Coverage	CIN_vs_Ca	Boruta_RF	24	Ca-8	boruta	JACESI01_sp013911885	JACESI01_sp013911885
Coverage	CIN_vs_Ca	Boruta_RF	24	Ca-8	boruta	Frigidibacter_sp002423245	Frigidibacter_sp002423245
Coverage	CIN_vs_Ca	Boruta_RF	24	Ca-8	boruta	Erythrobacter_cryptus	Erythrobacter_cryptus
Coverage	CIN_vs_Ca	Boruta_RF	24	Ca-8	boruta	Sphingobium_fontiphilum	Sphingobium_fontiphilum
Coverage	CIN_vs_Ca	Boruta_RF	24	Ca-8	boruta	Comamonas_acidovorans	Comamonas_acidovorans
Coverage	CIN_vs_Ca	Boruta_RF	24	Ca-8	boruta	Zhizhongheella_caldifontis	Zhizhongheella_caldifontis
Coverage	CIN_vs_Ca	Boruta_RF	24	Ca-8	boruta	Methyloversatilis_discipulorum	Methyloversatilis_discipulorum
Coverage	CIN_vs_Ca	Boruta_RF	24	Ca-8	boruta	Methyloversatilis_discipulorum_A	Methyloversatilis_discipulorum_A
Coverage	CIN_vs_Ca	Boruta_RF	24	Ca-8	boruta	Methyloversatilis_thermotolerans	Methyloversatilis_thermotolerans
Coverage	CIN_vs_Ca	Boruta_RF	24	Ca-8	boruta	Methyloversatilis_universalis	Methyloversatilis_universalis
Coverage	CIN_vs_Ca	Boruta_RF	24	Ca-8	boruta	Methyloversatilis_universalis_A	Methyloversatilis_universalis_A
Coverage	CIN_vs_Ca	Boruta_RF	24	Ca-8	boruta	Pseudomonas_aeruginosa	Pseudomonas_aeruginosa
Coverage	CIN_vs_Ca	Boruta_RF	24	Ca-8	boruta	Pseudomonas_A_stutzeri	Pseudomonas_A_stutzeri
Coverage	CIN_vs_Ca	Boruta_RF	24	Ca-8	boruta	Stenotrophomonas_maltophilia_Q	Stenotrophomonas_maltophilia_Q
Coverage	CIN_vs_Ca	Boruta_RF	25	CIN-12	boruta	Obscuribacter_phosphatis	Obscuribacter_phosphatis
Coverage	CIN_vs_Ca	Boruta_RF	25	CIN-12	boruta	Lacticaseibacillus_paracasei	Lacticaseibacillus_paracasei
Coverage	CIN_vs_Ca	Boruta_RF	25	CIN-12	boruta	Ferrovibrio_sp002796975	Ferrovibrio_sp002796975
Coverage	CIN_vs_Ca	Boruta_RF	25	CIN-12	boruta	Ferrovibrio_terrae	Ferrovibrio_terrae
Coverage	CIN_vs_Ca	Boruta_RF	25	CIN-12	boruta	JACESI01_sp013911885	JACESI01_sp013911885
Coverage	CIN_vs_Ca	Boruta_RF	25	CIN-12	boruta	Frigidibacter_sp002423245	Frigidibacter_sp002423245
Coverage	CIN_vs_Ca	Boruta_RF	25	CIN-12	boruta	Erythrobacter_cryptus	Erythrobacter_cryptus
Coverage	CIN_vs_Ca	Boruta_RF	25	CIN-12	boruta	Sphingobium_fontiphilum	Sphingobium_fontiphilum
Coverage	CIN_vs_Ca	Boruta_RF	25	CIN-12	boruta	Zhizhongheella_caldifontis	Zhizhongheella_caldifontis
Coverage	CIN_vs_Ca	Boruta_RF	25	CIN-12	boruta	Methyloversatilis_discipulorum	Methyloversatilis_discipulorum
Coverage	CIN_vs_Ca	Boruta_RF	25	CIN-12	boruta	Methyloversatilis_discipulorum_A	Methyloversatilis_discipulorum_A
Coverage	CIN_vs_Ca	Boruta_RF	25	CIN-12	boruta	Methyloversatilis_thermotolerans	Methyloversatilis_thermotolerans
Coverage	CIN_vs_Ca	Boruta_RF	25	CIN-12	boruta	Methyloversatilis_universalis	Methyloversatilis_universalis
Coverage	CIN_vs_Ca	Boruta_RF	25	CIN-12	boruta	Methyloversatilis_universalis_A	Methyloversatilis_universalis_A
Coverage	CIN_vs_Ca	Boruta_RF	25	CIN-12	boruta	Pseudomonas_aeruginosa	Pseudomonas_aeruginosa
Coverage	CIN_vs_Ca	Boruta_RF	25	CIN-12	boruta	Pseudomonas_A_stutzeri	Pseudomonas_A_stutzeri
Coverage	CIN_vs_Ca	Boruta_RF	25	CIN-12	boruta	Stenotrophomonas_maltophilia_Q	Stenotrophomonas_maltophilia_Q
Coverage	CIN_vs_Ca	Boruta_RF	26	Ca-2	boruta	Obscuribacter_phosphatis	Obscuribacter_phosphatis
Coverage	CIN_vs_Ca	Boruta_RF	26	Ca-2	boruta	Lacticaseibacillus_paracasei	Lacticaseibacillus_paracasei
Coverage	CIN_vs_Ca	Boruta_RF	26	Ca-2	boruta	Ferrovibrio_sp002796975	Ferrovibrio_sp002796975
Coverage	CIN_vs_Ca	Boruta_RF	26	Ca-2	boruta	Ferrovibrio_terrae	Ferrovibrio_terrae
Coverage	CIN_vs_Ca	Boruta_RF	26	Ca-2	boruta	JACESI01_sp013911885	JACESI01_sp013911885
Coverage	CIN_vs_Ca	Boruta_RF	26	Ca-2	boruta	Frigidibacter_sp002423245	Frigidibacter_sp002423245
Coverage	CIN_vs_Ca	Boruta_RF	26	Ca-2	boruta	Erythrobacter_cryptus	Erythrobacter_cryptus
Coverage	CIN_vs_Ca	Boruta_RF	26	Ca-2	boruta	Sphingobium_fontiphilum	Sphingobium_fontiphilum
Coverage	CIN_vs_Ca	Boruta_RF	26	Ca-2	boruta	Zhizhongheella_caldifontis	Zhizhongheella_caldifontis
Coverage	CIN_vs_Ca	Boruta_RF	26	Ca-2	boruta	Methyloversatilis_discipulorum	Methyloversatilis_discipulorum
Coverage	CIN_vs_Ca	Boruta_RF	26	Ca-2	boruta	Methyloversatilis_discipulorum_A	Methyloversatilis_discipulorum_A
Coverage	CIN_vs_Ca	Boruta_RF	26	Ca-2	boruta	Methyloversatilis_thermotolerans	Methyloversatilis_thermotolerans
Coverage	CIN_vs_Ca	Boruta_RF	26	Ca-2	boruta	Methyloversatilis_universalis	Methyloversatilis_universalis
Coverage	CIN_vs_Ca	Boruta_RF	26	Ca-2	boruta	Methyloversatilis_universalis_A	Methyloversatilis_universalis_A
Coverage	CIN_vs_Ca	Boruta_RF	26	Ca-2	boruta	Pseudomonas_aeruginosa	Pseudomonas_aeruginosa
Coverage	CIN_vs_Ca	Boruta_RF	26	Ca-2	boruta	Pseudomonas_A_stutzeri	Pseudomonas_A_stutzeri
Coverage	CIN_vs_Ca	Boruta_RF	27	CIN-11	boruta	Obscuribacter_phosphatis	Obscuribacter_phosphatis
Coverage	CIN_vs_Ca	Boruta_RF	27	CIN-11	boruta	Lacticaseibacillus_paracasei	Lacticaseibacillus_paracasei
Coverage	CIN_vs_Ca	Boruta_RF	27	CIN-11	boruta	Ferrovibrio_sp002796975	Ferrovibrio_sp002796975
Coverage	CIN_vs_Ca	Boruta_RF	27	CIN-11	boruta	Ferrovibrio_terrae	Ferrovibrio_terrae
Coverage	CIN_vs_Ca	Boruta_RF	27	CIN-11	boruta	JACESI01_sp013911885	JACESI01_sp013911885
Coverage	CIN_vs_Ca	Boruta_RF	27	CIN-11	boruta	Frigidibacter_sp002423245	Frigidibacter_sp002423245
Coverage	CIN_vs_Ca	Boruta_RF	27	CIN-11	boruta	Erythrobacter_cryptus	Erythrobacter_cryptus
Coverage	CIN_vs_Ca	Boruta_RF	27	CIN-11	boruta	Sphingobium_fontiphilum	Sphingobium_fontiphilum
Coverage	CIN_vs_Ca	Boruta_RF	27	CIN-11	boruta	Zhizhongheella_caldifontis	Zhizhongheella_caldifontis
Coverage	CIN_vs_Ca	Boruta_RF	27	CIN-11	boruta	Methyloversatilis_discipulorum	Methyloversatilis_discipulorum
Coverage	CIN_vs_Ca	Boruta_RF	27	CIN-11	boruta	Methyloversatilis_discipulorum_A	Methyloversatilis_discipulorum_A
Coverage	CIN_vs_Ca	Boruta_RF	27	CIN-11	boruta	Methyloversatilis_thermotolerans	Methyloversatilis_thermotolerans
Coverage	CIN_vs_Ca	Boruta_RF	27	CIN-11	boruta	Methyloversatilis_universalis	Methyloversatilis_universalis
Coverage	CIN_vs_Ca	Boruta_RF	27	CIN-11	boruta	Methyloversatilis_universalis_A	Methyloversatilis_universalis_A
Coverage	CIN_vs_Ca	Boruta_RF	27	CIN-11	boruta	Pseudomonas_aeruginosa	Pseudomonas_aeruginosa
Coverage	CIN_vs_Ca	Boruta_RF	27	CIN-11	boruta	Pseudomonas_A_stutzeri	Pseudomonas_A_stutzeri
Coverage	CIN_vs_Ca	Boruta_RF	27	CIN-11	boruta	Stenotrophomonas_maltophilia_Q	Stenotrophomonas_maltophilia_Q
Coverage	CIN_vs_Ca	Boruta_RF	28	CIN-5	boruta	Obscuribacter_phosphatis	Obscuribacter_phosphatis
Coverage	CIN_vs_Ca	Boruta_RF	28	CIN-5	boruta	Lacticaseibacillus_paracasei	Lacticaseibacillus_paracasei
Coverage	CIN_vs_Ca	Boruta_RF	28	CIN-5	boruta	Ferrovibrio_sp002796975	Ferrovibrio_sp002796975
Coverage	CIN_vs_Ca	Boruta_RF	28	CIN-5	boruta	Ferrovibrio_terrae	Ferrovibrio_terrae
Coverage	CIN_vs_Ca	Boruta_RF	28	CIN-5	boruta	JACESI01_sp013911885	JACESI01_sp013911885
Coverage	CIN_vs_Ca	Boruta_RF	28	CIN-5	boruta	Frigidibacter_sp002423245	Frigidibacter_sp002423245
Coverage	CIN_vs_Ca	Boruta_RF	28	CIN-5	boruta	Erythrobacter_cryptus	Erythrobacter_cryptus
Coverage	CIN_vs_Ca	Boruta_RF	28	CIN-5	boruta	Sphingobium_fontiphilum	Sphingobium_fontiphilum
Coverage	CIN_vs_Ca	Boruta_RF	28	CIN-5	boruta	Zhizhongheella_caldifontis	Zhizhongheella_caldifontis
Coverage	CIN_vs_Ca	Boruta_RF	28	CIN-5	boruta	Azoarcus_C_communis	Azoarcus_C_communis
Coverage	CIN_vs_Ca	Boruta_RF	28	CIN-5	boruta	Methyloversatilis_discipulorum	Methyloversatilis_discipulorum
Coverage	CIN_vs_Ca	Boruta_RF	28	CIN-5	boruta	Methyloversatilis_discipulorum_A	Methyloversatilis_discipulorum_A
Coverage	CIN_vs_Ca	Boruta_RF	28	CIN-5	boruta	Methyloversatilis_thermotolerans	Methyloversatilis_thermotolerans
Coverage	CIN_vs_Ca	Boruta_RF	28	CIN-5	boruta	Methyloversatilis_universalis	Methyloversatilis_universalis
Coverage	CIN_vs_Ca	Boruta_RF	28	CIN-5	boruta	Methyloversatilis_universalis_A	Methyloversatilis_universalis_A
Coverage	CIN_vs_Ca	Boruta_RF	28	CIN-5	boruta	Pseudomonas_aeruginosa	Pseudomonas_aeruginosa
Coverage	CIN_vs_Ca	Boruta_RF	28	CIN-5	boruta	Pseudomonas_A_stutzeri	Pseudomonas_A_stutzeri
Coverage	CIN_vs_Ca	Boruta_RF	28	CIN-5	boruta	Stenotrophomonas_maltophilia_Q	Stenotrophomonas_maltophilia_Q
Coverage	CIN_vs_Ca	Boruta_RF	29	CIN-4	boruta	Obscuribacter_phosphatis	Obscuribacter_phosphatis
Coverage	CIN_vs_Ca	Boruta_RF	29	CIN-4	boruta	Lacticaseibacillus_paracasei	Lacticaseibacillus_paracasei
Coverage	CIN_vs_Ca	Boruta_RF	29	CIN-4	boruta	Ferrovibrio_sp002796975	Ferrovibrio_sp002796975
Coverage	CIN_vs_Ca	Boruta_RF	29	CIN-4	boruta	Ferrovibrio_terrae	Ferrovibrio_terrae
Coverage	CIN_vs_Ca	Boruta_RF	29	CIN-4	boruta	JACESI01_sp013911885	JACESI01_sp013911885
Coverage	CIN_vs_Ca	Boruta_RF	29	CIN-4	boruta	Frigidibacter_sp002423245	Frigidibacter_sp002423245
Coverage	CIN_vs_Ca	Boruta_RF	29	CIN-4	boruta	Erythrobacter_cryptus	Erythrobacter_cryptus
Coverage	CIN_vs_Ca	Boruta_RF	29	CIN-4	boruta	Sphingobium_fontiphilum	Sphingobium_fontiphilum
Coverage	CIN_vs_Ca	Boruta_RF	29	CIN-4	boruta	Zhizhongheella_caldifontis	Zhizhongheella_caldifontis
Coverage	CIN_vs_Ca	Boruta_RF	29	CIN-4	boruta	Methyloversatilis_discipulorum	Methyloversatilis_discipulorum
Coverage	CIN_vs_Ca	Boruta_RF	29	CIN-4	boruta	Methyloversatilis_discipulorum_A	Methyloversatilis_discipulorum_A
Coverage	CIN_vs_Ca	Boruta_RF	29	CIN-4	boruta	Methyloversatilis_thermotolerans	Methyloversatilis_thermotolerans
Coverage	CIN_vs_Ca	Boruta_RF	29	CIN-4	boruta	Methyloversatilis_universalis	Methyloversatilis_universalis
Coverage	CIN_vs_Ca	Boruta_RF	29	CIN-4	boruta	Methyloversatilis_universalis_A	Methyloversatilis_universalis_A
Coverage	CIN_vs_Ca	Boruta_RF	29	CIN-4	boruta	Pseudomonas_aeruginosa	Pseudomonas_aeruginosa
Coverage	CIN_vs_Ca	Boruta_RF	29	CIN-4	boruta	Pseudomonas_A_stutzeri	Pseudomonas_A_stutzeri
Coverage	CIN_vs_Ca	Boruta_RF	29	CIN-4	boruta	Stenotrophomonas_maltophilia_Q	Stenotrophomonas_maltophilia_Q
Coverage	CIN_vs_Ca	Boruta_RF	30	Ca-15	boruta	Obscuribacter_phosphatis	Obscuribacter_phosphatis
Coverage	CIN_vs_Ca	Boruta_RF	30	Ca-15	boruta	Lacticaseibacillus_paracasei	Lacticaseibacillus_paracasei
Coverage	CIN_vs_Ca	Boruta_RF	30	Ca-15	boruta	Ferrovibrio_sp002796975	Ferrovibrio_sp002796975
Coverage	CIN_vs_Ca	Boruta_RF	30	Ca-15	boruta	Ferrovibrio_terrae	Ferrovibrio_terrae
Coverage	CIN_vs_Ca	Boruta_RF	30	Ca-15	boruta	JACESI01_sp013911885	JACESI01_sp013911885
Coverage	CIN_vs_Ca	Boruta_RF	30	Ca-15	boruta	Frigidibacter_sp002423245	Frigidibacter_sp002423245
Coverage	CIN_vs_Ca	Boruta_RF	30	Ca-15	boruta	Erythrobacter_cryptus	Erythrobacter_cryptus
Coverage	CIN_vs_Ca	Boruta_RF	30	Ca-15	boruta	Sphingobium_fontiphilum	Sphingobium_fontiphilum
Coverage	CIN_vs_Ca	Boruta_RF	30	Ca-15	boruta	Zhizhongheella_caldifontis	Zhizhongheella_caldifontis
Coverage	CIN_vs_Ca	Boruta_RF	30	Ca-15	boruta	Azoarcus_C_communis	Azoarcus_C_communis
Coverage	CIN_vs_Ca	Boruta_RF	30	Ca-15	boruta	Methyloversatilis_discipulorum	Methyloversatilis_discipulorum
Coverage	CIN_vs_Ca	Boruta_RF	30	Ca-15	boruta	Methyloversatilis_discipulorum_A	Methyloversatilis_discipulorum_A
Coverage	CIN_vs_Ca	Boruta_RF	30	Ca-15	boruta	Methyloversatilis_thermotolerans	Methyloversatilis_thermotolerans
Coverage	CIN_vs_Ca	Boruta_RF	30	Ca-15	boruta	Methyloversatilis_universalis	Methyloversatilis_universalis
Coverage	CIN_vs_Ca	Boruta_RF	30	Ca-15	boruta	Methyloversatilis_universalis_A	Methyloversatilis_universalis_A
Coverage	CIN_vs_Ca	Boruta_RF	30	Ca-15	boruta	Pseudomonas_aeruginosa	Pseudomonas_aeruginosa
Coverage	CIN_vs_Ca	Boruta_RF	30	Ca-15	boruta	Pseudomonas_A_stutzeri	Pseudomonas_A_stutzeri
