#Kingdom	Phylum	Class	Order	Family	Genus	Species	Ca-5	CIN-1	Ca-1	CIN-7	Nor-1	CIN-13	CIN-8	Ca-13	CIN-2	Nor-4	Nor-10	Ca-14	Nor-13	Ca-10	Nor-14	Ca-3	CIN-15	CIN-6	Ca-4	Ca-11	Nor-11	Ca-9	CIN-3	CIN-10	Nor-7	Ca-7	CIN-9	Nor-12	CIN-14	Nor-6	Ca-6	Ca-12	Nor-15	Nor-9	Ca-8	CIN-12	Ca-2	CIN-11	Nor-3	CIN-5	Nor-5	CIN-4	Nor-8	Ca-15	Nor-2
Archaea	Thermoproteota	Nitrososphaeria	Nitrososphaerales	Nitrososphaeraceae	Nitrosocosmicus	Nitrosocosmicus_exaquare	0.0	0.0	0.0	0.0	0.0	0.0	0.0	0.0	0.0	0.018957345971563982	0.0	0.0	0.0	0.0	0.0	0.0	0.0	0.0	0.0	0.0	0.033943187289359654	0.0	0.0	0.0	0.0	0.0	0.0	0.0	0.054369804538306	0.0	0.0	0.0	0.02109440267335004	0.0	0.0	0.0	0.0	0.0	0.0	0.0	0.1953592814371257	0.19500645716745585	0.0	0.0	0.0
Bacteria	Acidobacteriota	Blastocatellia	Pyrinomonadales	Pyrinomonadaceae	OLB17	OLB17_sp011388875	0.0	0.0	0.0	0.0	0.0	0.0	0.0	0.0	0.0	0.0	0.0	0.0	0.0	0.0	0.0	0.0	0.0	0.0	0.0	0.0	0.0	0.0	0.0	0.0	0.0	0.0	0.0	0.0	0.0	0.0	0.0	0.0	0.0	0.0	0.0	0.0	0.0	0.0	0.0	0.0	0.0	0.0	0.0	0.006289308176100628	0.0
Bacteria	Acidobacteriota	Blastocatellia	RBC074	RBC074	RBC074	RBC074_sp902825875	0.0	0.0	0.0	0.0	0.001147885976659652	0.0	0.0	0.0	0.0	0.0	0.0	0.0	0.0	0.0	0.0	0.0	0.0	0.0	0.0	0.0	0.0	0.0	0.0	0.0	0.0	0.0	0.0	0.0	0.0	0.0	0.0	0.0	0.0	0.0	0.0	0.0	0.0	0.0	0.0	0.0	0.0	0.0	0.0	0.0	0.0
Bacteria	Acidobacteriota	Thermoanaerobaculia	UBA5704	UBA5704	UBA5704	UBA5704_sp002420005	0.0	0.0	0.0	0.0	0.0	0.0	0.0	0.0	0.0	0.0	0.0	0.0	0.0	0.0	0.0	0.0	0.0	0.0	0.0	0.0	0.0	0.0	0.0	0.0	0.0	0.0	0.0	0.0	0.0	0.0	0.0	0.0	0.0	0.0	0.0	0.0	0.0	0.0	0.0	0.0	0.0	0.00021523891519586742	0.0	0.0	0.0
Bacteria	Acidobacteriota	Vicinamibacteria	Vicinamibacterales	SCN-69-37	SCN-69-37	SCN-69-37_sp001724025	0.0	0.0	0.0	0.0	0.0	0.0	0.0	0.0	0.0	0.0	0.0	0.0	0.0	0.0	0.0	0.0	0.0	0.0	0.0	0.0	0.0	0.0	0.0	0.0	0.0	0.0	0.0	0.0	0.0011233430689732643	0.0	0.0	0.0	0.0	0.0	0.0	0.0	0.0	0.0	0.0	0.0	0.0	0.0	0.0	0.0	0.0
Bacteria	Acidobacteriota	Vicinamibacteria	Vicinamibacterales	UBA2999	CADEFD01	CADEFD01_sp902826065	0.0	0.0	0.0	0.0	0.0	0.0	0.0	0.0	0.0	0.0	0.0	0.0	0.0	0.0	0.0	0.0	0.0	0.0	0.0	0.0	0.0	0.0	0.0	0.0	0.0	0.0	0.0	0.0	0.0006740058413839586	0.0	0.0	0.0	0.0	0.0	0.0	0.0	0.0	0.0	0.0	0.0	0.0	0.0	0.0	0.0	0.0
Bacteria	Acidobacteriota	Vicinamibacteria	Vicinamibacterales	UBA2999	CADEFD01	CADEFD01_sp902826515	0.0	0.0	0.0	0.0	0.0	0.0	0.0	0.0	0.0	0.0	0.0	0.0	0.0	0.0	0.0	0.0	0.0	0.0	0.0	0.0	0.0	0.0	0.0	0.0	0.0	0.0	0.0	0.0	0.0024713547517411817	0.0	0.0	0.0	0.0008354218880534671	0.0	0.0	0.0	0.0	0.0	0.0	0.0	0.0	0.0	0.0	0.0	0.0
Bacteria	Actinobacteriota	Actinomycetia	Actinomycetales	Actinomycetaceae	Actinomyces	Actinomyces_dentalis	0.0	0.0	0.0	0.0	0.0	0.0	0.0	0.0	0.0	0.030963665086887835	0.0	0.0	0.0	0.0	0.0	0.0	0.0024641577060931902	0.0	0.0	0.0	0.0	0.003548616039744499	0.0	0.0	0.0	0.0	0.0029112081513828236	0.0	0.0	0.0	0.0	0.0	0.0	0.0	0.0	0.0	0.0	0.0	0.0	0.0	0.0	0.0	0.0	0.0	0.0
Bacteria	Actinobacteriota	Actinomycetia	Actinomycetales	Actinomycetaceae	Actinomyces	Actinomyces_johnsonii	0.0	0.0	0.0	0.002745664739884393	0.0	0.0	0.0	0.0	0.0	0.0	0.0	0.0	0.0	0.0	0.0	0.0	0.0	0.0	0.0	0.0	0.0	0.0	0.0	0.0	0.0	0.0	0.0	0.0	0.0	0.0	0.0	0.0	0.0	0.0	0.0	0.0	0.0	0.0	0.0	0.0	0.0	0.0	0.0	0.0	0.0
Bacteria	Actinobacteriota	Actinomycetia	Actinomycetales	Actinomycetaceae	Actinomyces	Actinomyces_massiliensis	0.0	0.0	0.0	0.0	0.0019131432944327533	0.0	0.0	0.0	0.0	0.0	0.0009574875526618154	0.007273986837547628	0.0	0.0	0.0	0.0048052604957005566	0.0	0.0	0.0	0.0	0.0	0.0	0.0	0.0	0.0	0.0	0.0	0.0	0.0	0.0	0.0	0.0	0.0	0.0	0.0	0.0	0.0	0.0	0.0	0.0	0.05014970059880238	0.0	0.0008006405124099279	0.0	0.0
Bacteria	Actinobacteriota	Actinomycetia	Actinomycetales	Actinomycetaceae	Actinomyces	Actinomyces_naeslundii	0.0	0.0	0.0	0.0	0.0	0.0	0.0018001800180018	0.0	0.0	0.00631911532385466	0.0038299502106472617	0.02667128507100797	0.0	0.0	0.0	0.006828528072837634	0.003808243727598566	0.0	0.0	0.0	0.0	0.0	0.0	0.0	0.0	0.0	0.0	0.0	0.0	0.0	0.0	0.0	0.006892230576441103	0.0016887816646562125	0.0	0.0	0.0	0.0	0.0	0.0	0.27395209580838314	0.0	0.0	0.0	0.0
Bacteria	Actinobacteriota	Actinomycetia	Actinomycetales	Actinomycetaceae	Actinomyces	Actinomyces_oris	0.0	0.0	0.0	0.0	0.0	0.0	0.0	0.0	0.0	0.0	0.0	0.007620367163145135	0.0	0.0	0.0	0.0	0.0	0.0	0.0	0.0	0.0	0.0	0.0	0.0	0.0	0.0	0.0	0.0	0.0	0.0	0.0	0.0	0.0	0.0	0.0	0.0	0.0	0.0	0.0	0.0	0.5052395209580837	0.0	0.0	0.0	0.0
Bacteria	Actinobacteriota	Actinomycetia	Actinomycetales	Actinomycetaceae	Actinomyces	Actinomyces_oris_D	0.0	0.0	0.0	0.0	0.0	0.0	0.0	0.0	0.0	0.0	0.0	0.0	0.0	0.0	0.0	0.0	0.0	0.0	0.0	0.0	0.0	0.0	0.0	0.0	0.0	0.0	0.0	0.0	0.0	0.0	0.0	0.0	0.0	0.0	0.0	0.0	0.0	0.0	0.0	0.0	0.0247005988023952	0.0	0.0	0.0	0.0
Bacteria	Actinobacteriota	Actinomycetia	Actinomycetales	Actinomycetaceae	Actinomyces	Actinomyces_sp000195595	0.0	0.0	0.0	0.0	0.0	0.0	0.0	0.0	0.0	0.0	0.0	0.0	0.0	0.0	0.0	0.0	0.0	0.0	0.0	0.0	0.0	0.0	0.0	0.0	0.0	0.0	0.0	0.0	0.0	0.0	0.0	0.0	0.0	0.0	0.0	0.0	0.0	0.0	0.0	0.0	0.15868263473053887	0.0	0.0	0.0	0.0
Bacteria	Actinobacteriota	Actinomycetia	Actinomycetales	Actinomycetaceae	Actinomyces	Actinomyces_sp000220835	0.0	0.0	0.0	0.0	0.0	0.0	0.0	0.0	0.0	0.0	0.0	0.0	0.0	0.0	0.0	0.0	0.001568100358422939	0.0	0.0	0.0	0.0	0.0	0.0	0.006022368798394035	0.0	0.0	0.0022873778332293615	0.0	0.0	0.0	0.0	0.0	0.0	0.0	0.0	0.0	0.0	0.0	0.0	0.0	0.01571856287425149	0.0	0.0	0.0	0.0
Bacteria	Actinobacteriota	Actinomycetia	Actinomycetales	Actinomycetaceae	Actinomyces	Actinomyces_sp001278845	0.0	0.0	0.0	0.0	0.0	0.0	0.0	0.0	0.0	0.013902053712480255	0.0	0.0	0.0	0.0	0.0	0.0	0.0	0.0	0.0	0.0	0.0	0.0	0.0	0.0	0.0	0.0	0.0	0.0	0.0	0.0	0.0	0.0	0.0	0.0	0.0	0.0	0.0	0.0	0.0	0.0	0.0	0.0	0.0	0.0	0.0
Bacteria	Actinobacteriota	Actinomycetia	Actinomycetales	Actinomycetaceae	Actinomyces	Actinomyces_timonensis	0.0	0.0	0.0	0.0	0.0	0.0	0.0	0.0	0.0	0.0	0.0	0.0	0.0	0.0	0.0	0.0	0.0	0.0	0.0	0.0	0.0	0.0	0.0	0.0	0.0	0.0	0.0	0.0	0.0	0.0	0.0	0.0	0.0	0.0	0.0	0.014976958525345625	0.0	0.0	0.0	0.0	0.0	0.0	0.0	0.0	0.0
Bacteria	Actinobacteriota	Actinomycetia	Actinomycetales	Actinomycetaceae	Pauljensenia	Pauljensenia_odontolytica_A	0.0	0.0	0.0	0.0	0.0	0.0	0.0	0.0	0.0	0.0	0.0	0.0	0.0	0.0	0.0	0.0	0.0	0.0	0.026220250100847112	0.0	0.0	0.0	0.0	0.0	0.0	0.0	0.0	0.0	0.0	0.0	0.0	0.0	0.0	0.0	0.0	0.0	0.0061988594098685845	0.0	0.0	0.0	0.06661676646706585	0.0	0.0	0.0	0.0
Bacteria	Actinobacteriota	Actinomycetia	Actinomycetales	Actinomycetaceae	Pauljensenia	Pauljensenia_provencensis	0.0	0.0	0.0	0.0	0.0	0.0	0.0	0.0	0.0	0.0	0.0	0.0	0.0	0.0	0.0	0.0	0.0	0.0	0.0	0.0	0.0	0.0	0.0	0.0	0.0	0.0	0.0	0.0	0.0	0.0	0.0	0.0	0.0	0.0	0.0	0.0	0.0	0.0	0.0	0.0	0.0	0.0	0.0	0.0	0.011131059245960504
Bacteria	Actinobacteriota	Actinomycetia	Actinomycetales	Actinomycetaceae	Pauljensenia	Pauljensenia_sp000185285	0.0	0.0	0.0	0.0	0.0	0.0	0.0	0.0	0.0	0.0	0.0	0.0	0.0	0.0	0.0	0.0	0.0	0.0	0.0	0.0	0.0	0.0	0.0	0.0	0.0	0.0	0.0	0.0	0.0	0.0	0.0	0.0	0.0	0.0	0.0	0.0	0.0	0.0	0.0	0.0	0.008982035928143709	0.0	0.0	0.0	0.0
Bacteria	Actinobacteriota	Actinomycetia	Actinomycetales	Actinomycetaceae	Pauljensenia	Pauljensenia_sp000278725	0.0	0.0	0.0	0.0	0.0	0.0	0.0	0.0	0.0	0.0	0.0	0.0	0.0	0.0	0.0	0.013404147698533132	0.0	0.0	0.011698265429608713	0.0	0.0	0.0	0.0	0.0	0.0	0.0	0.0	0.0	0.0	0.0	0.0	0.0	0.0	0.0	0.0	0.0	0.0	0.0	0.0	0.0	0.0	0.0	0.0	0.0	0.0
Bacteria	Actinobacteriota	Actinomycetia	Actinomycetales	Actinomycetaceae	Pauljensenia	Pauljensenia_sp000758755	0.0	0.0	0.0	0.0	0.0	0.0	0.0	0.0	0.0	0.0	0.0	0.0	0.0	0.0	0.0	0.0	0.0	0.0	0.0	0.0	0.0	0.0	0.0	0.0	0.0	0.0	0.0	0.0	0.0	0.0	0.0	0.0	0.0	0.0	0.005135579293344289	0.0	0.0	0.0	0.0	0.0	0.0	0.0	0.0	0.0	0.0
Bacteria	Actinobacteriota	Actinomycetia	Actinomycetales	Actinomycetaceae	Peptidiphaga	Peptidiphaga_gingivicola	0.0	0.0	0.0	0.0	0.0	0.0	0.0	0.0	0.0	0.0	0.0	0.0	0.0	0.0	0.0	0.0	0.0	0.0	0.0	0.0	0.0	0.0	0.0	0.0	0.0	0.0	0.0	0.0	0.0	0.0	0.0	0.0	0.0	0.0	0.0	0.0	0.0	0.0	0.0	0.0	0.09356287425149698	0.0	0.0	0.0	0.0
Bacteria	Actinobacteriota	Actinomycetia	Actinomycetales	Actinomycetaceae	Peptidiphaga	Peptidiphaga_sp000466165	0.0	0.0	0.0	0.0	0.0	0.0	0.0	0.0	0.0	0.0	0.0	0.0	0.0	0.0	0.0	0.0	0.0	0.0	0.0	0.0	0.0	0.0	0.0	0.0	0.0	0.0	0.0	0.0	0.0	0.0	0.0	0.0	0.0	0.0024125452352231607	0.0	0.0	0.0	0.0	0.0	0.0	0.05464071856287423	0.0	0.0	0.0	0.0
Bacteria	Actinobacteriota	Actinomycetia	Actinomycetales	Actinomycetaceae	Trueperella	Trueperella_sp012727825	0.0	0.0	0.0	0.0	0.0	0.0	0.0	0.0	0.0	0.0	0.0	0.0	0.0	0.0	0.0	0.0	0.0	0.0	0.0	0.0	0.0	0.0	0.0	0.0	0.0	0.0	0.0	0.0	0.0	0.0	0.0	0.0	0.0029239766081871348	0.0	0.0	0.0	0.0	0.0	0.0	0.0	0.0	0.0	0.0	0.0	0.0
Bacteria	Actinobacteriota	Actinomycetia	Actinomycetales	Actinomycetaceae	Varibaculum	Varibaculum_cambriense_A	0.0	0.0	0.0	0.018352601156069365	0.0	0.0	0.0	0.0	0.007354293068578782	0.0	0.0	0.0	0.0	0.0	0.0	0.0	0.0035842293906810036	0.0	0.0	0.0	0.0	0.0	0.0	0.0	0.0	0.0	0.0	0.0	0.0	0.0	0.0	0.0	0.0	0.0	0.0	0.0	0.0	0.0	0.0	0.0	0.0	0.0	0.0	0.0	0.0
Bacteria	Actinobacteriota	Actinomycetia	Actinomycetales	Actinomycetaceae	Varibaculum	Varibaculum_massiliense	0.0	0.0	0.0	0.0	0.0	0.0	0.0	0.0	0.0	0.021169036334913113	0.0	0.0	0.0	0.0	0.0	0.0	0.0	0.0	0.0	0.0	0.0	0.0	0.0	0.0	0.0	0.0	0.0	0.0	0.0	0.0	0.0	0.0	0.0	0.0	0.0	0.0	0.0	0.0	0.0	0.0	0.0	0.0	0.0	0.0	0.0
Bacteria	Actinobacteriota	Actinomycetia	Actinomycetales	Actinomycetaceae	Varibaculum	Varibaculum_timonense	0.0	0.0	0.0	0.0014450867052023123	0.0	0.0	0.0	0.0	0.0	0.0	0.0	0.0	0.0	0.0	0.0	0.0	0.0	0.0	0.0	0.0	0.0	0.0	0.0	0.0	0.0	0.0	0.0	0.0	0.0	0.0	0.0	0.0	0.0	0.0	0.0	0.0	0.0	0.0	0.0	0.0	0.0	0.0	0.0	0.0	0.0
Bacteria	Actinobacteriota	Actinomycetia	Actinomycetales	Beutenbergiaceae	Miniimonas	Miniimonas_arenae	0.0	0.0	0.0	0.0	0.0	0.0	0.0	0.0	0.0	0.0	0.0	0.0	0.0	0.0	0.0	0.0	0.0	0.0	0.0	0.0	0.0	0.0	0.0	0.0	0.0	0.0	0.0	0.0	0.0	0.0	0.0	0.0	0.0014619883040935674	0.0	0.0	0.0	0.0	0.0	0.0	0.0	0.0	0.0	0.0	0.0	0.0
Bacteria	Actinobacteriota	Actinomycetia	Actinomycetales	Beutenbergiaceae	T3246-1	T3246-1_sp004353825	0.0	0.0	0.0	0.00043352601156069364	0.0	0.0	0.0	0.0	0.0	0.0	0.0	0.0	0.0	0.0	0.0	0.0	0.0	0.0	0.0	0.0	0.0	0.0	0.0	0.0	0.0	0.0	0.0	0.0	0.0	0.0	0.0	0.0	0.0	0.0	0.0	0.0	0.0	0.0	0.0	0.0	0.0	0.0	0.0	0.0	0.0
Bacteria	Actinobacteriota	Actinomycetia	Actinomycetales	Bifidobacteriaceae	Alloscardovia	Alloscardovia_omnicolens	0.0	0.0	0.0	0.0	0.0	0.0	0.0	0.0	0.0	0.0	0.0	0.0	0.0	0.0	0.0	0.0	0.0	0.0	0.0	0.0	0.0	0.0	0.0	0.0	0.0	0.0	0.0	0.0	0.0	0.0	0.0	0.0	0.0	0.0	0.0	0.0	0.0	0.0	0.0	0.0	0.0	0.0	0.002241793434747798	0.0	0.0
Bacteria	Actinobacteriota	Actinomycetia	Actinomycetales	Bifidobacteriaceae	Bifidobacterium	Bifidobacterium_adolescentis	0.0	0.0	0.0	0.0	0.0	0.0	0.0	0.0	0.0	0.0	0.0	0.0	0.0	0.0	0.0	0.0	0.0	0.0	0.04437273093989511	0.0	0.0	0.0	0.0	0.0	0.0	0.0	0.0	0.0	0.0	0.0	0.0	0.0	0.0	0.0028950542822677927	0.0	0.0	0.0	0.0	0.0	0.0	0.0	0.0	0.0	0.0	0.0
Bacteria	Actinobacteriota	Actinomycetia	Actinomycetales	Bifidobacteriaceae	Bifidobacterium	Bifidobacterium_animalis	0.0	0.0	0.012117132278694041	0.0	0.0	0.0	0.0	0.0	0.0	0.0	0.0	0.0	0.0	0.0	0.0	0.0	0.0	0.0	0.0	0.0	0.0	0.0	0.0	0.0	0.0	0.0	0.0	0.0	0.0	0.0	0.0	0.0	0.0	0.0	0.0	0.0	0.0	0.0	0.0	0.0	0.0	0.0	0.0	0.0	0.0
Bacteria	Actinobacteriota	Actinomycetia	Actinomycetales	Bifidobacteriaceae	Bifidobacterium	Bifidobacterium_bifidum	0.0	0.0	0.0	0.0	0.0	0.0	0.0	0.0	0.0	0.0	0.0	0.0	0.0	0.0	0.0	0.0	0.0	0.0	0.0	0.0	0.0	0.0	0.0	0.0	0.0	0.0	0.0	0.0	0.0015726802965625702	0.0	0.0	0.0	0.0	0.0	0.0	0.0	0.0	0.0	0.0	0.0	0.0	0.0	0.0	0.0	0.0
Bacteria	Actinobacteriota	Actinomycetia	Actinomycetales	Bifidobacteriaceae	Bifidobacterium	Bifidobacterium_breve	0.0	0.0	0.0	0.0	0.0	0.0	0.0	0.0	0.0	0.0	0.0	0.0	0.0	0.0	0.0	0.0	0.0	0.0	0.01290843081887858	0.0	0.0	0.0	0.0	0.0	0.0	0.0	0.0	0.0	0.0	0.0	0.0	0.0	0.0	0.0	0.0	0.0	0.0	0.0	0.0	0.0	0.0	0.0	0.0	0.0	0.0
Bacteria	Actinobacteriota	Actinomycetia	Actinomycetales	Bifidobacteriaceae	Bifidobacterium	Bifidobacterium_longum	0.0	0.0	0.0	0.0	0.0	0.0	0.0032403240324032404	0.0	0.0	0.020537124802527645	0.0	0.0	0.0	0.0	0.02344632768361582	0.0	0.0	0.0018949648077964266	0.0	0.0	0.0	0.008871540099361247	0.0	0.0	0.0	0.0	0.018091079226450403	0.0	0.012132105144911256	0.0	0.0	0.0	0.0	0.02509047044632087	0.0	0.0	0.0	0.0027819929185634805	0.0	0.0	0.0	0.017864829961256993	0.0	0.0	0.0
Bacteria	Actinobacteriota	Actinomycetia	Actinomycetales	Bifidobacteriaceae	Bifidobacterium	Bifidobacterium_vaginale	0.0	0.0	0.0	0.0	0.0	0.0	0.0	0.0	0.0	0.0	0.0	0.0	0.0	0.0	0.0	0.0	0.0	0.0	0.0	0.0	0.0	0.0	0.0	0.0	0.0	0.0	0.0	0.0	0.0	0.19666845781837716	0.0	0.0	0.0	0.0	0.0	0.0	0.0	0.0	0.0	0.08190008190008191	0.0681137724550898	0.0	0.0	0.0	0.0
Bacteria	Actinobacteriota	Actinomycetia	Actinomycetales	Brevibacteriaceae	Brevibacterium	Brevibacterium_aurantiacum	0.0	0.0	0.0	0.0	0.0	0.0	0.0	0.0	0.0	0.0	0.0	0.0	0.0	0.0	0.0	0.0	0.002912186379928315	0.0	0.0	0.0	0.0	0.0	0.0	0.0	0.0	0.0	0.0	0.0	0.0	0.00429876410531972	0.0	0.0	0.0	0.0	0.0	0.0	0.0	0.0	0.0	0.0	0.0	0.0	0.0	0.0	0.0
Bacteria	Actinobacteriota	Actinomycetia	Actinomycetales	Brevibacteriaceae	Brevibacterium	Brevibacterium_aurantiacum_A	0.0	0.0	0.0	0.0	0.0	0.0	0.0	0.0	0.0	0.0	0.0	0.0	0.0	0.0	0.0	0.0	0.003136200716845878	0.0	0.0	0.0	0.0	0.0	0.0	0.0	0.0	0.0	0.0	0.0	0.0	0.0	0.0	0.0	0.0	0.0	0.0	0.0	0.0	0.0	0.0	0.0	0.0	0.0	0.0	0.0	0.0
Bacteria	Actinobacteriota	Actinomycetia	Actinomycetales	Brevibacteriaceae	Brevibacterium	Brevibacterium_casei	0.0	0.0	0.004375631100639515	0.0	0.0	0.0	0.0	0.0	0.0	0.0	0.0	0.0	0.0	0.0	0.0	0.0017703591299949419	0.0	0.0	0.0	0.0	0.003610977371208474	0.0	0.0	0.0	0.0	0.0	0.0	0.0041087231352718075	0.0	0.019344438473938737	0.0	0.0	0.0014619883040935674	0.0	0.0	0.0	0.0	0.0	0.0012010569300984866	0.0	0.0	0.0	0.0	0.0	0.0
Bacteria	Actinobacteriota	Actinomycetia	Actinomycetales	Brevibacteriaceae	Brevibacterium	Brevibacterium_ihuae	0.0	0.0	0.0	0.0	0.0	0.0	0.0	0.0	0.0	0.0	0.0	0.0	0.0	0.0	0.0	0.0	0.0035842293906810036	0.0	0.0	0.0	0.0	0.0	0.0	0.0	0.0	0.0	0.0	0.0	0.0	0.0	0.0	0.0	0.0	0.0	0.0	0.0	0.0	0.0	0.0	0.0	0.0	0.0	0.0	0.0	0.0
Bacteria	Actinobacteriota	Actinomycetia	Actinomycetales	Brevibacteriaceae	Brevibacterium	Brevibacterium_luteolum	0.0	0.0	0.0	0.0	0.0	0.0	0.0	0.0	0.0	0.0	0.0	0.0	0.0	0.0	0.0	0.0	0.0	0.0	0.0	0.0	0.0	0.0	0.0	0.0	0.006331222925691436	0.0	0.0	0.0	0.0	0.0	0.0	0.0	0.0	0.0	0.0	0.0	0.0	0.0	0.0	0.0	0.0	0.0	0.0	0.0	0.0
Bacteria	Actinobacteriota	Actinomycetia	Actinomycetales	Brevibacteriaceae	Brevibacterium	Brevibacterium_mcbrellneri	0.0	0.0	0.0	0.0	0.0	0.0	0.0	0.0	0.0	0.0	0.0	0.01524073432629027	0.0	0.0	0.0	0.0	0.0	0.0	0.0	0.0	0.0	0.0	0.0	0.0	0.0	0.0	0.0	0.0	0.0	0.0	0.0	0.0	0.0	0.0	0.0	0.0	0.0	0.0	0.0	0.0	0.0	0.0	0.0	0.0	0.0
Bacteria	Actinobacteriota	Actinomycetia	Actinomycetales	Brevibacteriaceae	Brevibacterium	Brevibacterium_ravenspurgense	0.0	0.0	0.0	0.0	0.0	0.0	0.0	0.0	0.0	0.0	0.0	0.0	0.0	0.0	0.0	0.0	0.0	0.0	0.0	0.0	0.0	0.0	0.0	0.0	0.0	0.0	0.0	0.0	0.0	0.0	0.0	0.0	0.0	0.016887816646562127	0.0	0.0	0.0	0.0	0.0	0.0	0.0	0.0	0.0	0.0	0.0
Bacteria	Actinobacteriota	Actinomycetia	Actinomycetales	Brevibacteriaceae	Brevibacterium	Brevibacterium_sediminis	0.0	0.0	0.0	0.0	0.0	0.0	0.0	0.0	0.0	0.0	0.0	0.0	0.0	0.0	0.0	0.0	0.0	0.015430427720628047	0.0	0.0	0.0	0.0	0.0	0.0	0.0	0.0	0.0	0.0	0.0	0.0	0.0	0.0	0.0	0.0	0.0	0.0	0.0	0.0	0.0	0.0	0.0	0.0	0.0	0.0	0.0
Bacteria	Actinobacteriota	Actinomycetia	Actinomycetales	Brevibacteriaceae	Brevibacterium	Brevibacterium_sp005280295	0.005350194552529183	0.0	0.0	0.0007225433526011561	0.004400229577195333	0.0	0.0	0.002157238734419942	0.0	0.0	0.0	0.0	0.0015442690459849006	0.0	0.0	0.005816894284269095	0.02867383512544803	0.0	0.008471157724889067	0.0	0.0	0.0	0.0	0.00659592773157442	0.0	0.0	0.0	0.0	0.0	0.0	0.0	0.0	0.001044277360066834	0.003860072376357057	0.0014379622021364008	0.0	0.0	0.0	0.0	0.0	0.01422155688622754	0.0	0.0008006405124099279	0.0	0.0
Bacteria	Actinobacteriota	Actinomycetia	Actinomycetales	Brevibacteriaceae	Brevibacterium	Brevibacterium_sp006489205	0.0	0.0	0.0	0.00043352601156069364	0.0	0.0	0.0	0.0	0.0	0.0	0.0	0.0	0.0	0.0	0.0	0.0	0.0	0.0	0.0	0.0	0.0	0.0	0.0	0.0	0.0	0.0	0.0	0.0	0.0	0.0	0.0	0.0	0.0	0.0	0.0	0.0	0.0	0.0	0.0	0.0	0.0	0.0	0.0	0.0	0.0
Bacteria	Actinobacteriota	Actinomycetia	Actinomycetales	Cellulomonadaceae	Sanguibacter	Sanguibacter_inulinus	0.0	0.0	0.0	0.0	0.0	0.0	0.0	0.0019175455417066154	0.0	0.0	0.0	0.0	0.0	0.0	0.0	0.0	0.0	0.0	0.0	0.0	0.0	0.0	0.0	0.0	0.0	0.0	0.0	0.0	0.0	0.0	0.0	0.0	0.0	0.0	0.0	0.0	0.0	0.0	0.0	0.0	0.0	0.0	0.0	0.0	0.0
Bacteria	Actinobacteriota	Actinomycetia	Actinomycetales	Dermabacteraceae	Brachybacterium	Brachybacterium_aquaticum	0.0	0.0	0.005048805116122517	0.0	0.0	0.0	0.0	0.0	0.0	0.0	0.0	0.005195704883962592	0.0	0.0	0.0	0.0	0.0	0.0	0.0	0.0	0.0	0.0	0.0	0.0	0.0	0.0	0.0	0.0	0.0	0.0	0.0	0.0	0.0	0.0	0.0	0.0	0.0	0.0	0.0	0.0	0.0	0.0	0.0	0.0	0.0
Bacteria	Actinobacteriota	Actinomycetia	Actinomycetales	Dermabacteraceae	Brachybacterium	Brachybacterium_massiliense	0.0	0.0	0.0	0.0	0.0	0.0	0.0	0.0	0.0	0.0	0.0	0.0	0.0	0.0	0.0	0.0	0.0	0.0	0.0	0.0	0.0	0.0	0.0	0.0	0.0	0.0	0.0	0.0	0.0	0.0	0.0	0.0	0.0	0.0	0.0	0.0	0.0	0.0	0.0	0.0	0.011227544910179637	0.0	0.0	0.0	0.0
Bacteria	Actinobacteriota	Actinomycetia	Actinomycetales	Dermabacteraceae	Brachybacterium	Brachybacterium_muris	0.0	0.0	0.0	0.0008670520231213873	0.0	0.0	0.0	0.0	0.0	0.0	0.0	0.0	0.0	0.0	0.0	0.0	0.0	0.0	0.0	0.0	0.0	0.0	0.0	0.0	0.0	0.0	0.0012476606363069243	0.0	0.0	0.0	0.0031446540880503146	0.0	0.0016708437761069341	0.0	0.0	0.0	0.0	0.0	0.0	0.0	0.025449101796407175	0.0	0.0	0.006638714185883997	0.0
Bacteria	Actinobacteriota	Actinomycetia	Actinomycetales	Dermabacteraceae	Brachybacterium	Brachybacterium_nesterenkovii	0.0	0.0	0.006731740154830023	0.0	0.0	0.0	0.0	0.0	0.0	0.0	0.0	0.0	0.0	0.0	0.0	0.0	0.0	0.0	0.0	0.0	0.0	0.0	0.0	0.002007456266131345	0.0	0.0	0.0	0.0	0.0	0.0	0.0	0.0	0.0	0.0	0.0	0.0	0.0	0.0	0.0	0.0	0.0	0.0	0.0	0.0	0.0
Bacteria	Actinobacteriota	Actinomycetia	Actinomycetales	Dermabacteraceae	Brachybacterium	Brachybacterium_paraconglomeratum	0.0	0.0	0.004375631100639515	0.03352601156069364	0.0	0.0	0.00108010801080108	0.004554170661553211	0.008825151682294538	0.06255924170616114	0.0	0.003117422930377555	0.0	0.0	0.0	0.024279210925644917	0.06093189964157705	0.0	0.008471157724889067	0.004302708175145532	0.0	0.010290986515259046	0.0	0.00802982506452538	0.0	0.0049019607843137246	0.003119151590767311	0.0	0.00943608177937542	0.0	0.0022870211549456836	0.1751592356687898	0.007101086048454469	0.0	0.009449465899753491	0.001316655694535879	0.0	0.0	0.0	0.002661752661752662	0.03143712574850298	0.0	0.0	0.003144654088050314	0.0
Bacteria	Actinobacteriota	Actinomycetia	Actinomycetales	Dermabacteraceae	Brachybacterium	Brachybacterium_sp003711805	0.0	0.0	0.0	0.0005780346820809249	0.0	0.0	0.0	0.0	0.0	0.0	0.0	0.0	0.0	0.0	0.0	0.0	0.0	0.0	0.0	0.0	0.0	0.0	0.0	0.0	0.0	0.0	0.0	0.0	0.0	0.0	0.0	0.0	0.0	0.0	0.0	0.0	0.0	0.0	0.0	0.0	0.0	0.0	0.0	0.0	0.0
Bacteria	Actinobacteriota	Actinomycetia	Actinomycetales	Dermabacteraceae	Brachybacterium	Brachybacterium_squillarum	0.0	0.0	0.0	0.0	0.0	0.0	0.0	0.0	0.0	0.0	0.0	0.0	0.015957446808510637	0.0	0.0	0.0	0.0013440860215053762	0.0	0.0	0.0	0.0	0.0	0.0	0.0	0.0	0.0	0.0	0.0	0.0	0.0	0.0	0.0	0.0	0.0	0.0	0.0	0.0	0.0	0.0	0.0	0.0	0.0	0.0	0.0	0.0
Bacteria	Actinobacteriota	Actinomycetia	Actinomycetales	Dermabacteraceae	Dermabacter	Dermabacter_hominis	0.0	0.0	0.0	0.0	0.0	0.0	0.0	0.0	0.0	0.0	0.0	0.005195704883962592	0.0	0.0	0.0	0.0	0.0	0.0	0.0	0.0	0.0	0.0	0.0	0.0	0.0	0.0	0.0012476606363069243	0.0	0.0	0.0	0.0	0.0	0.0	0.0	0.0	0.0	0.0	0.0	0.0	0.0	0.0	0.0	0.0	0.0	0.0
Bacteria	Actinobacteriota	Actinomycetia	Actinomycetales	Dermabacteraceae	Dermabacter	Dermabacter_vaginalis	0.0	0.0	0.0	0.0	0.0	0.0	0.0	0.0	0.0	0.0	0.0	0.0	0.0	0.0	0.0	0.0	0.0	0.0	0.0	0.0	0.0	0.0	0.0	0.0	0.0	0.0	0.0	0.0	0.0	0.0	0.0	0.0	0.0018796992481203009	0.0	0.0	0.0	0.0	0.0	0.0	0.0	0.0	0.0	0.0	0.0	0.0
Bacteria	Actinobacteriota	Actinomycetia	Actinomycetales	Dermatophilaceae	Arsenicicoccus	Arsenicicoccus_bolidensis	0.0	0.0	0.0	0.0	0.0	0.0	0.0	0.0	0.0	0.0	0.0	0.0	0.0	0.0	0.0	0.0	0.0	0.0	0.0	0.0	0.0	0.0	0.0	0.0	0.0	0.0	0.0	0.0	0.0	0.0	0.0	0.0	0.002088554720133668	0.0	0.0	0.0	0.0	0.0	0.0	0.0	0.0	0.0	0.0	0.0	0.0
Bacteria	Actinobacteriota	Actinomycetia	Actinomycetales	Dermatophilaceae	F2B08	F2B08_sp009184895	0.0	0.0	0.0	0.0	0.0	0.0	0.0009000900090009	0.0	0.0	0.0	0.0	0.0	0.0	0.0	0.0	0.0	0.0	0.0	0.0	0.0	0.0	0.0	0.0	0.0	0.0	0.0	0.0	0.0	0.005392046731071669	0.0	0.0	0.0	0.0014619883040935674	0.0	0.0	0.0	0.0	0.0	0.0	0.0	0.0	0.001076194575979337	0.0	0.0	0.0
Bacteria	Actinobacteriota	Actinomycetia	Actinomycetales	Dermatophilaceae	Janibacter	Janibacter_anophelis	0.0	0.0	0.0	0.0	0.0	0.0	0.0	0.0	0.0	0.0	0.0	0.005195704883962592	0.0	0.01397590361445783	0.0	0.0	0.0	0.0	0.0	0.0	0.0	0.0	0.0	0.0	0.0	0.0	0.0	0.0	0.0	0.0	0.0	0.004777070063694267	0.0	0.0	0.0	0.0	0.0	0.0	0.0	0.0	0.0	0.0	0.0	0.0	0.0
Bacteria	Actinobacteriota	Actinomycetia	Actinomycetales	Dermatophilaceae	Janibacter	Janibacter_hoylei	0.0	0.0	0.016492763379333555	0.00838150289017341	0.01874880428544098	0.0	0.0	0.0	0.0	0.0	0.0	0.00623484586075511	0.0	0.0	0.00536723163841808	0.007587253414264037	0.0	0.0	0.0	0.0	0.0	0.0	0.0	0.0	0.0	0.0	0.0	0.0	0.0	0.0	0.0017152658662092624	0.0	0.006056808688387635	0.005307599517490953	0.0	0.0	0.00148772625836846	0.0	0.0	0.0	0.023952095808383228	0.0012914334911752043	0.005124099279423538	0.0	0.0039497307001795335
Bacteria	Actinobacteriota	Actinomycetia	Actinomycetales	Dermatophilaceae	Janibacter	Janibacter_indicus	0.0	0.0	0.005048805116122517	0.0	0.0	0.0	0.0	0.0	0.0	0.0	0.0	0.0	0.0	0.0	0.0	0.0	0.0008960573476702509	0.0	0.0	0.0	0.0	0.0	0.0	0.0	0.0	0.0	0.0	0.0	0.0	0.0	0.0	0.0	0.0	0.01158021712907117	0.0	0.0	0.0	0.0	0.0	0.0	0.014970059880239516	0.0	0.0	0.0	0.0
Bacteria	Actinobacteriota	Actinomycetia	Actinomycetales	Dermatophilaceae	Janibacter	Janibacter_melonis	0.0	0.0	0.0	0.0	0.0	0.0	0.0	0.00311601150527325	0.0	0.0	0.0	0.0	0.0013726835964310228	0.0	0.0	0.0	0.3293010752688172	0.0	0.0	0.0	0.0	0.0	0.0	0.03412675652423287	0.0	0.0	0.0	0.0	0.0	0.0	0.0	0.007563694267515924	0.0029239766081871348	0.0	0.0	0.0	0.0	0.0	0.0	0.0	0.0	0.0	0.0	0.0	0.0
Bacteria	Actinobacteriota	Actinomycetia	Actinomycetales	Dermatophilaceae	Janibacter_A	Janibacter_A_massiliensis	0.0	0.0	0.0	0.0	0.0	0.0	0.0	0.0	0.0	0.0	0.0	0.0	0.0	0.0	0.0	0.0	0.0	0.0	0.0	0.0	0.0	0.0	0.0	0.0	0.0	0.0	0.0	0.0	0.0	0.0	0.0	0.0	0.0	0.0	0.0	0.0009874917709019092	0.0	0.0	0.0	0.0	0.0	0.0	0.0	0.0	0.0
Bacteria	Actinobacteriota	Actinomycetia	Actinomycetales	Dermatophilaceae	Knoellia	Knoellia_subterranea	0.0	0.0	0.0	0.0	0.0	0.0	0.0	0.0	0.0	0.0	0.0	0.0	0.0	0.0	0.0	0.0	0.0	0.0	0.0	0.0	0.0	0.0	0.0	0.0	0.0	0.0	0.0	0.0	0.0	0.0	0.0	0.0	0.017543859649122806	0.0	0.0	0.0	0.0	0.0	0.0	0.0	0.0	0.0	0.0	0.0	0.0
Bacteria	Actinobacteriota	Actinomycetia	Actinomycetales	Dermatophilaceae	Kytococcus	Kytococcus_aerolatus	0.0	0.0	0.0	0.0	0.0	0.0	0.0	0.0	0.0	0.13270142180094788	0.0	0.0	0.0	0.0	0.0	0.0	0.0	0.0	0.0	0.0	0.0	0.0	0.0	0.0	0.0	0.0	0.0	0.0	0.0	0.0	0.0	0.0	0.0	0.0	0.0	0.0	0.0	0.0	0.0	0.0	0.0	0.0	0.0	0.0	0.0
Bacteria	Actinobacteriota	Actinomycetia	Actinomycetales	Dermatophilaceae	Kytococcus	Kytococcus_sedentarius	0.0	0.0	0.0	0.0	0.0	0.0	0.0	0.0	0.0	0.0	0.0	0.0	0.0	0.0	0.0031073446327683617	0.0	0.0	0.0	0.0	0.0	0.0	0.0	0.0	0.005162030398623459	0.0	0.0	0.0	0.0	0.0015726802965625702	0.0	0.0	0.014729299363057327	0.0031328320802005015	0.0	0.0	0.0	0.0	0.0	0.0	0.0	0.0	0.0	0.0	0.0	0.0
Bacteria	Actinobacteriota	Actinomycetia	Actinomycetales	Dermatophilaceae	Ornithinimicrobium	Ornithinimicrobium_sp001942405	0.0	0.0	0.0	0.0	0.0	0.0	0.0	0.0	0.0	0.0	0.0	0.0	0.0	0.0	0.0	0.0	0.0	0.0	0.0	0.0	0.0	0.0	0.0	0.0	0.0	0.0	0.0	0.0	0.0	0.0	0.0	0.0	0.0	0.006996381182147166	0.0	0.0	0.0	0.0	0.0	0.0	0.0	0.0	0.0	0.0	0.0
Bacteria	Actinobacteriota	Actinomycetia	Actinomycetales	Dermatophilaceae	Phycicoccus_A	Phycicoccus_A_elongatus	0.0	0.0	0.0	0.0	0.0	0.0	0.0	0.0	0.0	0.0	0.0	0.0	0.0	0.0	0.0	0.0	0.0	0.0	0.0	0.0	0.0	0.0	0.0	0.0	0.0	0.0	0.0	0.0	0.0	0.0	0.0	0.0	0.0	0.0	0.0	0.0	0.0	0.0	0.0	0.0	0.011976047904191614	0.0	0.0	0.0	0.0
Bacteria	Actinobacteriota	Actinomycetia	Actinomycetales	Dermatophilaceae	Piscicoccus	Piscicoccus_intestinalis	0.0	0.0	0.0	0.0	0.0	0.0	0.0	0.0	0.0	0.0	0.0	0.0	0.0	0.0	0.0	0.0	0.0	0.0	0.0	0.0	0.0	0.0	0.0	0.0	0.0	0.0	0.0	0.0	0.0	0.0	0.0	0.0	0.0	0.0	0.0	0.0	0.0	0.0	0.0	0.0	0.0	0.0	0.0	0.0010482180293501047	0.0
Bacteria	Actinobacteriota	Actinomycetia	Actinomycetales	Dermatophilaceae	Serinicoccus	Serinicoccus_flavus	0.0	0.0	0.0	0.0	0.0	0.0	0.0	0.0	0.0	0.0	0.0	0.0	0.0	0.0	0.0	0.0	0.0	0.0	0.0	0.0	0.0	0.0	0.0	0.0	0.0	0.0	0.0	0.0	0.0	0.0	0.0	0.0	0.0	0.0	0.0	0.0	0.0	0.0	0.0	0.0	0.014970059880239516	0.0	0.0	0.0	0.0
Bacteria	Actinobacteriota	Actinomycetia	Actinomycetales	Dermatophilaceae	Serinicoccus	Serinicoccus_profundi	0.0	0.0	0.0	0.0	0.0	0.0	0.0	0.0	0.0	0.0	0.0	0.00796674748874264	0.0	0.0	0.0	0.0	0.0	0.0	0.0	0.0	0.0	0.0	0.0	0.0	0.0	0.0	0.0	0.0	0.0	0.0	0.0	0.08320063694267515	0.0016708437761069341	0.0	0.0	0.0	0.0	0.0	0.0	0.0	0.02994011976047903	0.0	0.0	0.0	0.0
Bacteria	Actinobacteriota	Actinomycetia	Actinomycetales	Dermatophilaceae	Tetrasphaera_A	Tetrasphaera_A_australiensis	0.0	0.0	0.0	0.0	0.0	0.0	0.0	0.0	0.0	0.0	0.0	0.0	0.0	0.0	0.0	0.0	0.0	0.0	0.0	0.0	0.0	0.0	0.0	0.0	0.0	0.0	0.0	0.0	0.0033700292069197934	0.0	0.0	0.0	0.0016708437761069341	0.0	0.0	0.0	0.0	0.0	0.0	0.0	0.011227544910179637	0.0	0.0	0.0	0.0
Bacteria	Actinobacteriota	Actinomycetia	Actinomycetales	Dermatophilaceae	Tetrasphaera_A	Tetrasphaera_A_jenkinsii	0.0	0.0	0.0	0.0	0.0	0.0	0.0	0.0	0.0	0.0	0.0	0.0	0.0	0.0	0.0	0.0	0.0	0.0	0.0	0.0	0.0	0.0	0.0	0.0	0.0	0.0	0.0	0.0	0.0017973489103572232	0.0	0.0	0.0	0.0	0.0	0.0	0.0	0.0	0.0	0.0	0.0	0.0	0.0	0.0	0.0	0.0
Bacteria	Actinobacteriota	Actinomycetia	Actinomycetales	Dermatophilaceae	Yimella	Yimella_lutea	0.0	0.0	0.0	0.0	0.0	0.0	0.0	0.00047938638542665386	0.0	0.0	0.0	0.0	0.0	0.0	0.0	0.0	0.0	0.0	0.0	0.0	0.0	0.0	0.0	0.0	0.0	0.0	0.0	0.0	0.0	0.0	0.0	0.008359872611464968	0.0	0.0	0.0	0.0	0.0	0.0	0.0	0.0	0.0	0.0	0.0	0.0	0.0
Bacteria	Actinobacteriota	Actinomycetia	Actinomycetales	Microbacteriaceae	Agrococcus	Agrococcus_baldri	0.0	0.0	0.0	0.0	0.0	0.0	0.0	0.0	0.0	0.0	0.0	0.0	0.0	0.0	0.0	0.0	0.0	0.0	0.0	0.0	0.0	0.0	0.0	0.0	0.0	0.0	0.0	0.0	0.0	0.0	0.0	0.0	0.0	0.0	0.0	0.0006583278472679395	0.0	0.0	0.0	0.0	0.0	0.0	0.0	0.0	0.0
Bacteria	Actinobacteriota	Actinomycetia	Actinomycetales	Microbacteriaceae	Agrococcus	Agrococcus_lahaulensis_A	0.0	0.0	0.0	0.0	0.0	0.0	0.0	0.0	0.0	0.0	0.0	0.0	0.0	0.0	0.0	0.0	0.0	0.0	0.0	0.0	0.0	0.0	0.0	0.0	0.0	0.0	0.0	0.0	0.007638732869018197	0.0	0.0	0.0	0.0	0.0	0.0	0.00032916392363396976	0.0	0.0	0.0	0.0	0.0	0.002152389151958674	0.0	0.0	0.0
Bacteria	Actinobacteriota	Actinomycetia	Actinomycetales	Microbacteriaceae	Cnuibacter	Cnuibacter_physcomitrellae	0.0	0.0	0.0	0.0	0.0	0.0	0.0	0.0	0.0	0.0	0.0	0.0	0.0	0.0	0.0	0.0	0.0	0.0	0.0	0.0	0.0	0.0	0.0	0.0	0.0	0.0	0.0	0.0	0.0	0.0	0.0	0.010350318471337579	0.0	0.0	0.0	0.0	0.0	0.0	0.0	0.0	0.0	0.0	0.0	0.0	0.0
Bacteria	Actinobacteriota	Actinomycetia	Actinomycetales	Microbacteriaceae	Curtobacterium	Curtobacterium_flaccumfaciens	0.0	0.0	0.0	0.0	0.0	0.0	0.0	0.0	0.0	0.0	0.0	0.0	0.0	0.021204819277108433	0.0	0.0	0.0	0.0	0.0	0.0	0.0	0.0	0.0	0.0	0.0	0.0	0.0	0.0	0.0	0.0	0.0	0.0	0.0	0.0	0.0	0.0	0.0	0.0	0.0	0.0	0.0	0.0	0.0	0.0	0.0
Bacteria	Actinobacteriota	Actinomycetia	Actinomycetales	Microbacteriaceae	Curtobacterium	Curtobacterium_luteum	0.0	0.0	0.0	0.0	0.0	0.0	0.0	0.0	0.0	0.0	0.0	0.0	0.0	0.0	0.0	0.0	0.0	0.0	0.0	0.0	0.0	0.0	0.0	0.0	0.0	0.0	0.0	0.0	0.0	0.0	0.0	0.0	0.0	0.0	0.0	0.0	0.002727498140342177	0.0	0.0	0.0	0.0	0.0	0.0	0.0	0.0
Bacteria	Actinobacteriota	Actinomycetia	Actinomycetales	Microbacteriaceae	Curtobacterium	Curtobacterium_sp001742745	0.0	0.0	0.0	0.0	0.0	0.0	0.0	0.0	0.0	0.0	0.0	0.0	0.0	0.0	0.0	0.0	0.0	0.0	0.0	0.0	0.0	0.008516678495386796	0.0	0.0	0.0	0.0	0.0	0.0	0.0	0.0	0.0	0.0	0.0	0.0	0.0	0.0	0.0	0.0	0.0	0.0	0.016467065868263468	0.0	0.0	0.0	0.0
Bacteria	Actinobacteriota	Actinomycetia	Actinomycetales	Microbacteriaceae	Curtobacterium	Curtobacterium_sp900101675	0.0	0.0	0.0	0.0	0.0	0.0	0.0	0.0	0.0	0.0	0.0	0.0	0.0	0.06939759036144577	0.0	0.0	0.0	0.0	0.0	0.0	0.0	0.0	0.0	0.0	0.0	0.0	0.0	0.0	0.0	0.0	0.0	0.0	0.0	0.0	0.0	0.0	0.0	0.0	0.0	0.0	0.0	0.0	0.0	0.0	0.0
Bacteria	Actinobacteriota	Actinomycetia	Actinomycetales	Microbacteriaceae	Gulosibacter	Gulosibacter_chungangensis	0.0	0.0	0.0	0.0	0.0	0.0	0.0	0.0	0.0	0.0	0.0	0.0	0.0	0.0	0.0	0.0	0.0	0.0	0.0	0.0	0.0	0.0	0.0	0.0	0.0	0.0	0.0	0.0	0.0	0.0	0.0	0.0	0.0	0.0	0.0	0.0	0.0	0.0	0.0	0.0	0.011976047904191614	0.0	0.0	0.0	0.0
Bacteria	Actinobacteriota	Actinomycetia	Actinomycetales	Microbacteriaceae	Gulosibacter	Gulosibacter_sp012719255	0.0	0.0	0.0	0.0	0.0	0.0	0.0	0.0	0.0	0.0	0.0	0.0	0.0	0.0	0.0	0.0	0.0	0.0	0.004033884630899556	0.0	0.0	0.0	0.0	0.0	0.0	0.0	0.0	0.0	0.0	0.0	0.0	0.0	0.0	0.0	0.0	0.0	0.0	0.0	0.0	0.0	0.0	0.0	0.0	0.0	0.0
Bacteria	Actinobacteriota	Actinomycetia	Actinomycetales	Microbacteriaceae	Gulosibacter	Gulosibacter_sp900626105	0.0	0.0	0.004375631100639515	0.0	0.0	0.0	0.0	0.0	0.0	0.0	0.0	0.0	0.005490734385724091	0.0	0.0	0.0	0.0	0.0	0.0	0.0	0.0	0.0	0.0	0.0	0.0	0.0	0.0	0.0	0.0	0.0	0.0	0.0	0.0	0.0	0.0	0.0	0.0	0.0	0.0	0.0	0.0	0.0	0.0	0.0	0.0
Bacteria	Actinobacteriota	Actinomycetia	Actinomycetales	Microbacteriaceae	Leucobacter	Leucobacter_chromiiresistens_A	0.0	0.0	0.0	0.0	0.0	0.0	0.0	0.0	0.0	0.0	0.0	0.0	0.0	0.0	0.0	0.0	0.002240143369175627	0.0	0.0	0.0	0.0	0.0	0.0	0.0	0.0	0.0	0.0	0.0	0.0	0.0	0.0	0.0	0.0	0.0	0.0	0.0	0.0	0.0	0.0	0.0	0.0	0.0	0.0	0.0	0.0
Bacteria	Actinobacteriota	Actinomycetia	Actinomycetales	Microbacteriaceae	Leucobacter	Leucobacter_sp001373475	0.0	0.0	0.0	0.0	0.0	0.0	0.0	0.0	0.0	0.0	0.0	0.0	0.0	0.0	0.0	0.0	0.005600358422939068	0.0	0.0	0.0	0.0	0.0	0.0	0.0	0.0	0.0	0.0	0.0	0.0	0.0	0.0	0.0	0.0	0.0	0.0	0.0004937458854509546	0.0	0.0	0.0	0.0	0.0	0.0	0.0	0.0	0.0
Bacteria	Actinobacteriota	Actinomycetia	Actinomycetales	Microbacteriaceae	Microbacterium	Microbacterium_aerolatum	0.0	0.0	0.0	0.0	0.0	0.0	0.0	0.008389261744966443	0.0	0.0	0.0	0.0	0.0	0.0	0.0	0.0	0.02307347670250896	0.0	0.0	0.0	0.0	0.0	0.0	0.0	0.0	0.0	0.0	0.0	0.0	0.0	0.0	0.0	0.0	0.0	0.0	0.0	0.0	0.0	0.0	0.0	0.0	0.0	0.0	0.0	0.0
Bacteria	Actinobacteriota	Actinomycetia	Actinomycetales	Microbacteriaceae	Microbacterium	Microbacterium_aurum	0.0	0.0	0.0037024570851565126	0.0	0.0	0.0	0.0	0.0	0.0	0.0	0.0	0.0	0.0	0.0	0.0	0.0	0.0	0.0	0.0	0.0	0.0	0.0	0.0	0.0	0.0	0.0	0.0	0.0	0.0	0.013970983342289087	0.0	0.0	0.0	0.0	0.0	0.0	0.0	0.0	0.0	0.0	0.0	0.0	0.0012810248198558845	0.0	0.0
Bacteria	Actinobacteriota	Actinomycetia	Actinomycetales	Microbacteriaceae	Microbacterium	Microbacterium_barkeri	0.0	0.0	0.0	0.0	0.0	0.0	0.0	0.0	0.0	0.0	0.0	0.0	0.0	0.0	0.0	0.0	0.001568100358422939	0.0	0.0	0.0	0.0	0.0	0.0	0.0	0.0	0.0	0.0	0.0	0.0	0.0	0.0	0.0	0.0	0.0	0.0	0.0	0.0	0.0	0.0	0.0	0.0	0.0	0.0	0.0	0.0
Bacteria	Actinobacteriota	Actinomycetia	Actinomycetales	Microbacteriaceae	Microbacterium	Microbacterium_chocolatum	0.0	0.0	0.0	0.0	0.0	0.0	0.0	0.0	0.0033094318808604517	0.0	0.0	0.0	0.0	0.0	0.0	0.0	0.0	0.0	0.0	0.0	0.0	0.0	0.0	0.0	0.0	0.0	0.0	0.0	0.0	0.0	0.0	0.0	0.0	0.0	0.0	0.0	0.0	0.0	0.0	0.0	0.0	0.0	0.0	0.0	0.0
Bacteria	Actinobacteriota	Actinomycetia	Actinomycetales	Microbacteriaceae	Microbacterium	Microbacterium_enclense	0.0	0.0	0.0	0.0	0.0	0.0	0.0	0.0	0.0	0.0	0.0	0.0	0.0	0.0	0.0	0.0	0.0	0.0	0.0	0.0	0.0	0.0	0.0	0.0	0.0	0.0	0.0	0.0	0.0	0.0	0.0	0.007563694267515924	0.0	0.0	0.0	0.0	0.0	0.0	0.0	0.0	0.0	0.0	0.0	0.0	0.0
Bacteria	Actinobacteriota	Actinomycetia	Actinomycetales	Microbacteriaceae	Microbacterium	Microbacterium_enclense_A	0.0	0.0	0.0	0.0	0.0	0.0	0.0	0.0	0.0	0.0	0.0	0.0	0.0	0.0	0.0	0.0	0.0	0.0	0.0	0.0	0.0	0.0	0.0	0.0	0.0	0.0	0.0	0.0	0.0	0.00429876410531972	0.0	0.0	0.0	0.0	0.0	0.0	0.0	0.0	0.0	0.0	0.0	0.0	0.0	0.0	0.0
Bacteria	Actinobacteriota	Actinomycetia	Actinomycetales	Microbacteriaceae	Microbacterium	Microbacterium_esteraromaticum_A	0.0	0.0	0.0	0.0	0.0	0.0	0.0	0.0009587727708533077	0.0	0.0	0.0	0.0	0.0	0.0	0.0	0.0	0.0	0.0	0.0	0.0	0.0	0.0	0.0	0.0	0.0	0.0	0.0	0.0	0.0	0.0	0.0	0.0	0.0	0.0	0.0	0.0	0.0	0.0	0.0	0.0	0.0	0.0	0.0	0.0	0.0
Bacteria	Actinobacteriota	Actinomycetia	Actinomycetales	Microbacteriaceae	Microbacterium	Microbacterium_ginsengisoli	0.0	0.0	0.0	0.0	0.0	0.0	0.0	0.0	0.0	0.0	0.0	0.0	0.0	0.0	0.0	0.0	0.0	0.0	0.0	0.0	0.0	0.0	0.0	0.0	0.0	0.0	0.0	0.0	0.0004493372275893058	0.0	0.0	0.0	0.0	0.0	0.0	0.0	0.0	0.0	0.0	0.0	0.0	0.0	0.0	0.0	0.0
Bacteria	Actinobacteriota	Actinomycetia	Actinomycetales	Microbacteriaceae	Microbacterium	Microbacterium_lacticum	0.0	0.0	0.0	0.0	0.0	0.0	0.0	0.0	0.0	0.0	0.0	0.0	0.0	0.0	0.0025423728813559325	0.0	0.0	0.0	0.0	0.0	0.0031295137217140106	0.0	0.0	0.0	0.0	0.0	0.004574755666458723	0.0	0.0	0.03385276732939279	0.0	0.0	0.0	0.0	0.0	0.0	0.0	0.0	0.0	0.0	0.014970059880239516	0.0	0.0	0.0	0.0
Bacteria	Actinobacteriota	Actinomycetia	Actinomycetales	Microbacteriaceae	Microbacterium	Microbacterium_laevaniformans_A	0.0	0.0	0.0	0.0	0.0	0.0	0.0	0.0	0.0	0.0	0.0	0.0	0.0	0.0	0.0	0.0	0.0	0.0	0.0	0.0	0.0	0.0	0.0	0.0	0.0	0.0	0.0014556040756914118	0.0	0.0	0.0	0.0	0.0	0.0	0.0	0.0	0.0	0.0	0.0	0.0	0.0	0.0	0.0	0.0	0.0	0.0
Bacteria	Actinobacteriota	Actinomycetia	Actinomycetales	Microbacteriaceae	Microbacterium	Microbacterium_marinum	0.0	0.0	0.0	0.0	0.0	0.0	0.0	0.0052732502396931925	0.0	0.0	0.0	0.0	0.0	0.0	0.0	0.0	0.0	0.0	0.0	0.0	0.0	0.0	0.0	0.0	0.0	0.0	0.0	0.0	0.0	0.0	0.0	0.0	0.0	0.0	0.0	0.0	0.0	0.0	0.0	0.0	0.0	0.0	0.0	0.0	0.0
Bacteria	Actinobacteriota	Actinomycetia	Actinomycetales	Microbacteriaceae	Microbacterium	Microbacterium_maritypicum	0.0	0.0	0.0	0.0	0.0	0.0	0.0	0.0	0.0	0.0	0.0	0.0	0.0	0.0	0.0	0.0	0.0	0.0	0.0	0.0	0.0	0.0	0.0	0.0	0.0	0.0	0.0	0.0	0.0	0.007522837184309509	0.0	0.0	0.0	0.0	0.0	0.0	0.0	0.0	0.0	0.0	0.0	0.0	0.0	0.0	0.0
Bacteria	Actinobacteriota	Actinomycetia	Actinomycetales	Microbacteriaceae	Microbacterium	Microbacterium_maritypicum_A	0.0	0.0	0.0	0.0	0.0	0.0	0.0	0.0	0.0	0.0	0.0	0.0	0.0	0.0	0.0	0.0	0.0	0.0	0.0	0.0	0.0	0.0	0.0	0.0	0.0	0.0	0.0	0.0	0.0	0.0	0.0	0.0	0.0022974101921470346	0.0	0.0	0.0	0.0	0.0	0.0	0.0	0.0	0.0	0.0	0.0	0.0
Bacteria	Actinobacteriota	Actinomycetia	Actinomycetales	Microbacteriaceae	Microbacterium	Microbacterium_nanhaiense	0.0	0.0	0.0	0.0	0.0	0.0	0.0	0.0033557046979865767	0.0	0.0	0.0	0.0	0.0	0.0	0.0	0.0	0.0	0.0	0.0	0.0	0.0	0.0	0.0	0.0	0.0	0.0	0.0	0.0	0.0	0.0	0.0	0.0	0.0	0.0	0.0	0.0	0.0	0.0	0.0	0.0	0.0	0.0	0.0	0.0	0.0
Bacteria	Actinobacteriota	Actinomycetia	Actinomycetales	Microbacteriaceae	Microbacterium	Microbacterium_paludicola_A	0.0	0.0	0.0	0.0	0.0	0.0	0.0	0.0	0.0	0.0	0.0	0.0	0.0	0.0	0.0	0.0	0.0	0.0	0.0	0.0	0.0	0.0	0.0	0.022942357327215373	0.0	0.0	0.0	0.0	0.0	0.0	0.0	0.0	0.0	0.0	0.0	0.0	0.0	0.0	0.0	0.0	0.0	0.0	0.0	0.0	0.0
Bacteria	Actinobacteriota	Actinomycetia	Actinomycetales	Microbacteriaceae	Microbacterium	Microbacterium_sp000800925	0.0	0.0	0.0	0.0	0.0	0.0	0.0	0.0	0.0	0.0	0.0	0.0	0.0	0.0	0.003389830508474576	0.0	0.0	0.0	0.0	0.0	0.0	0.0	0.0	0.0	0.0	0.0	0.0	0.0	0.0	0.0	0.0	0.0	0.0	0.0	0.0	0.0	0.0	0.0	0.0	0.0	0.0	0.0	0.0	0.0	0.0
Bacteria	Actinobacteriota	Actinomycetia	Actinomycetales	Microbacteriaceae	Microbacterium	Microbacterium_sp001898325	0.0	0.0	0.0	0.0	0.0	0.0	0.0	0.0	0.0	0.0	0.0	0.0	0.0	0.0	0.0	0.0	0.0	0.0	0.0	0.0	0.0	0.0	0.0	0.0	0.0	0.0	0.0	0.0	0.0	0.0	0.0	0.0	0.0	0.0	0.0	0.0	0.0	0.0	0.0	0.0	0.0	0.0008609556607834697	0.0	0.0	0.0
Bacteria	Actinobacteriota	Actinomycetia	Actinomycetales	Microbacteriaceae	Microbacterium	Microbacterium_sp002313585	0.0	0.0	0.0	0.00028901734104046245	0.0	0.0	0.0	0.0	0.0	0.0	0.0	0.0	0.0	0.0	0.0	0.0	0.0	0.0	0.0	0.0	0.0	0.0	0.0	0.0	0.0	0.0	0.0	0.0	0.0	0.0	0.0	0.0	0.0	0.0	0.0	0.0	0.0	0.0	0.0	0.0	0.0	0.0	0.0	0.0	0.0
Bacteria	Actinobacteriota	Actinomycetia	Actinomycetales	Microbacteriaceae	Microbacterium	Microbacterium_sp002456035	0.0	0.0	0.0	0.0	0.0	0.0	0.0	0.0026366251198465963	0.0	0.0	0.0	0.0	0.0	0.0	0.0	0.0	0.0	0.0	0.0	0.0	0.0	0.0	0.0	0.0	0.0	0.0	0.0	0.0	0.0	0.0	0.0	0.0	0.0	0.0	0.0	0.0	0.0	0.0	0.0	0.0	0.0	0.0	0.0	0.0	0.0
Bacteria	Actinobacteriota	Actinomycetia	Actinomycetales	Microbacteriaceae	Microbacterium	Microbacterium_sp003095395	0.0	0.0	0.0	0.0	0.0	0.0	0.0	0.002157238734419942	0.0	0.0	0.0	0.0	0.0	0.0	0.0	0.0	0.0	0.0	0.0	0.0	0.0	0.0	0.0	0.0	0.0	0.0	0.0	0.0	0.0	0.0	0.0	0.0	0.0	0.0	0.0	0.0	0.0	0.0	0.0	0.0	0.0	0.0	0.0	0.0	0.0
Bacteria	Actinobacteriota	Actinomycetia	Actinomycetales	Microbacteriaceae	Microbacterium	Microbacterium_sp003248845	0.0	0.0	0.0	0.0	0.0	0.0	0.0	0.0	0.0	0.0	0.0	0.0	0.0	0.0	0.0	0.0	0.0	0.0	0.0	0.0	0.0	0.0	0.0	0.0	0.0	0.0	0.0	0.0	0.0	0.03761418592154755	0.0	0.0	0.0	0.0	0.0	0.0	0.0	0.0	0.0	0.0	0.0	0.0	0.0	0.0	0.0
Bacteria	Actinobacteriota	Actinomycetia	Actinomycetales	Microbacteriaceae	Microbacterium	Microbacterium_sp003850245	0.0	0.0	0.0	0.0	0.0	0.0	0.0	0.0	0.0	0.0	0.0	0.0	0.0	0.0	0.0	0.0	0.0	0.0	0.0	0.0	0.0	0.0	0.0	0.0	0.0	0.0	0.0	0.0	0.0	0.0	0.0	0.0	0.0029239766081871348	0.0	0.0	0.0	0.0	0.0	0.0	0.0	0.0	0.0	0.0	0.0	0.0
Bacteria	Actinobacteriota	Actinomycetia	Actinomycetales	Microbacteriaceae	Microbacterium	Microbacterium_sp004794465	0.0	0.0	0.0	0.0	0.0	0.0	0.0	0.0	0.0	0.0	0.0	0.0	0.0	0.0	0.0	0.0	0.0	0.0	0.0	0.0	0.0	0.0	0.0	0.0	0.0	0.0	0.0	0.0	0.0	0.0	0.0	0.0	0.0	0.0	0.0	0.0006583278472679395	0.0	0.0	0.0	0.0	0.0	0.0	0.0	0.0	0.0
Bacteria	Actinobacteriota	Actinomycetia	Actinomycetales	Microbacteriaceae	Microbacterium	Microbacterium_sp013410955	0.0	0.0	0.0	0.0	0.0	0.0	0.0012601260126012602	0.0	0.0	0.0034755134281200637	0.0	0.0	0.0	0.0	0.0	0.0	0.0	0.0	0.0	0.0	0.004333172845450169	0.0	0.0005299417064122947	0.0	0.0	0.0	0.0	0.0	0.0	0.0	0.0	0.0	0.0	0.0021712907117008447	0.0	0.0	0.0	0.0	0.0	0.0	0.0	0.0	0.0006405124099279423	0.0	0.0
Bacteria	Actinobacteriota	Actinomycetia	Actinomycetales	Microbacteriaceae	Microbacterium	Microbacterium_sp903645325	0.0	0.0	0.0	0.0	0.0	0.0	0.0	0.0	0.0	0.0	0.0	0.0	0.0	0.0	0.0	0.0	0.0	0.0	0.0	0.0	0.0	0.0	0.0	0.0	0.0	0.0	0.0	0.0	0.0	0.0	0.0	0.0	0.0	0.0	0.0	0.0	0.0	0.0	0.0	0.0	0.01047904191616766	0.0	0.0	0.0	0.0
Bacteria	Actinobacteriota	Actinomycetia	Actinomycetales	Microbacteriaceae	Microbacterium	Microbacterium_testaceum_A	0.0	0.0	0.0	0.0	0.0	0.0	0.0	0.0	0.0	0.0	0.0	0.0	0.0	0.0	0.0	0.0	0.0	0.0	0.0	0.0	0.0	0.0	0.0	0.0	0.0	0.0	0.0	0.0	0.0	0.0	0.0	0.0	0.0	0.0	0.0	0.0	0.0	0.0	0.0	0.0	0.0	0.0	0.0	0.007686932215234103	0.0
Bacteria	Actinobacteriota	Actinomycetia	Actinomycetales	Microbacteriaceae	Microbacterium_A	Microbacterium_A_agarici	0.0	0.0	0.0	0.0	0.0	0.0	0.0	0.0	0.0	0.0	0.0	0.0	0.0	0.0	0.0	0.0	0.001568100358422939	0.0	0.0	0.0	0.0	0.0	0.0	0.0	0.0	0.0	0.0	0.0	0.0	0.0	0.0	0.0	0.0	0.0	0.0	0.0	0.0	0.0	0.0	0.0	0.0	0.0	0.0	0.0	0.0
Bacteria	Actinobacteriota	Actinomycetia	Actinomycetales	Microbacteriaceae	Microcella	Microcella_alkaliphila_A	0.0	0.0	0.0	0.0	0.0	0.0	0.0	0.0	0.0	0.0	0.0	0.0	0.0	0.0	0.0	0.0	0.0	0.0	0.0	0.0	0.0	0.0	0.0	0.0	0.0	0.0	0.005822416302765647	0.0	0.0	0.0	0.0	0.0	0.0	0.0	0.0	0.0	0.0	0.0	0.0	0.0	0.011227544910179637	0.0	0.0	0.0	0.0
Bacteria	Actinobacteriota	Actinomycetia	Actinomycetales	Microbacteriaceae	Okibacterium	Okibacterium_sp001984125	0.0	0.0	0.0	0.0	0.0	0.0	0.0	0.0	0.0	0.0	0.0	0.0	0.0	0.0	0.0	0.0	0.0	0.0	0.0	0.0	0.0	0.0	0.0	0.0	0.0	0.0	0.0	0.0	0.0	0.0	0.0	0.0	0.0	0.0	0.0	0.0009874917709019092	0.0	0.0	0.0	0.0	0.0	0.0	0.0	0.0	0.0
Bacteria	Actinobacteriota	Actinomycetia	Actinomycetales	Microbacteriaceae	Protaetiibacter	Protaetiibacter_sp001898835	0.0	0.0	0.0	0.0	0.0	0.0	0.0	0.0	0.0	0.0	0.0	0.0	0.0	0.0	0.0	0.0	0.0	0.0	0.0	0.0	0.0	0.0	0.0	0.0	0.0	0.0	0.0	0.0	0.0	0.0	0.0	0.0	0.0	0.0	0.0	0.0	0.0	0.0	0.0	0.0	0.0	0.0008609556607834697	0.0	0.0	0.0
Bacteria	Actinobacteriota	Actinomycetia	Actinomycetales	Microbacteriaceae	Pseudoclavibacter	Pseudoclavibacter_helvolus	0.0	0.0	0.0	0.0	0.0	0.0	0.0	0.0	0.0	0.0	0.0	0.0	0.0	0.0	0.0	0.0	0.0	0.0	0.0	0.0	0.0	0.0	0.0	0.0	0.0	0.0	0.0	0.0	0.0	0.0	0.0	0.0	0.0	0.0	0.0	0.0	0.0	0.0	0.0	0.0	0.014970059880239516	0.0	0.0	0.0	0.0
Bacteria	Actinobacteriota	Actinomycetia	Actinomycetales	Microbacteriaceae	UBA3913	UBA3913_sp002391425	0.0	0.0	0.0	0.0	0.0	0.0	0.0	0.0	0.0	0.0	0.0	0.0	0.0017158544955387786	0.0	0.0	0.0	0.0	0.0	0.0	0.0	0.0	0.0	0.0	0.0	0.0	0.0	0.0	0.0	0.0	0.0	0.0	0.0	0.0	0.0	0.0	0.023535220539828837	0.0	0.0	0.0	0.0	0.0	0.0	0.0	0.0	0.0
Bacteria	Actinobacteriota	Actinomycetia	Actinomycetales	Micrococcaceae	Arthrobacter	Arthrobacter_sp002929275	0.0	0.0	0.0	0.0	0.0	0.0	0.0	0.0	0.0	0.0	0.0	0.0	0.0	0.0	0.0	0.0	0.0	0.0	0.0	0.0	0.0	0.0	0.0	0.0	0.0	0.0	0.0	0.0	0.0	0.0	0.0	0.0	0.0	0.0	0.0	0.0	0.0004959087527894868	0.0	0.0	0.0	0.0	0.0	0.0	0.0	0.0
Bacteria	Actinobacteriota	Actinomycetia	Actinomycetales	Micrococcaceae	Arthrobacter_B	Arthrobacter_B_sp002929435	0.0	0.0	0.0	0.0	0.0	0.0	0.0	0.0	0.0	0.0	0.0	0.0	0.0	0.0	0.0	0.0007587253414264037	0.0	0.0	0.0028237192416296895	0.0	0.0	0.0	0.0	0.0	0.0	0.0	0.0	0.0	0.0	0.0	0.0	0.0	0.0	0.0	0.0	0.0	0.002479543763947434	0.0	0.0	0.0	0.0	0.0	0.00048038430744595665	0.0	0.0
Bacteria	Actinobacteriota	Actinomycetia	Actinomycetales	Micrococcaceae	Arthrobacter_D	Arthrobacter_D_sp001428435	0.0	0.0	0.0	0.0	0.0	0.0	0.0	0.0	0.0	0.0	0.0	0.0	0.0	0.0	0.0	0.0	0.05309139784946236	0.0	0.0	0.0	0.0	0.0	0.0	0.0068827071981646115	0.0	0.0	0.0	0.0	0.0	0.0	0.0	0.0	0.0	0.0	0.0	0.0	0.0	0.0	0.0	0.0	0.0	0.0	0.0	0.0	0.0
Bacteria	Actinobacteriota	Actinomycetia	Actinomycetales	Micrococcaceae	Citricoccus	Citricoccus_terreus	0.0	0.0	0.0	0.0	0.0	0.0	0.0	0.005512943432406519	0.0	0.0	0.002680965147453083	0.0	0.0	0.0	0.0	0.0	0.003136200716845878	0.0	0.0	0.0	0.0	0.0	0.0	0.00401491253226269	0.0	0.0	0.0	0.0	0.002022017524151876	0.0	0.0	0.0	0.026315789473684213	0.0	0.0	0.0	0.0	0.0	0.0	0.0038902538902538908	0.03143712574850298	0.0	0.0	0.0	0.0
Bacteria	Actinobacteriota	Actinomycetia	Actinomycetales	Micrococcaceae	Glutamicibacter	Glutamicibacter_nicotianae	0.0	0.0	0.0	0.0	0.0	0.0	0.0	0.0	0.0	0.0	0.0	0.0	0.0	0.0	0.0	0.0	0.0	0.0	0.0	0.0	0.0	0.0	0.0	0.0	0.0	0.0	0.0	0.0	0.0	0.0	0.0	0.0	0.0	0.0031363088057901087	0.0	0.0	0.0	0.0	0.0	0.0	0.0	0.0	0.0	0.0	0.0
Bacteria	Actinobacteriota	Actinomycetia	Actinomycetales	Micrococcaceae	Kocuria	Kocuria_atrinae	0.0	0.0	0.0	0.0	0.0	0.0	0.0	0.0	0.0	0.0	0.0	0.006581226186352616	0.0	0.0	0.0	0.0	0.0	0.0	0.0	0.0	0.0	0.0	0.0	0.0	0.0	0.0	0.0	0.0	0.0017973489103572232	0.0	0.0	0.0	0.0	0.0	0.0	0.0	0.0	0.0	0.0	0.0	0.0	0.0	0.0	0.0	0.0
Bacteria	Actinobacteriota	Actinomycetia	Actinomycetales	Micrococcaceae	Kocuria	Kocuria_carniphila	0.0	0.0	0.0	0.0	0.0	0.0	0.0	0.0	0.0	0.0	0.0	0.007273986837547628	0.0	0.0	0.0	0.0	0.0	0.0	0.0	0.0	0.0	0.0	0.0	0.0	0.0	0.0	0.0	0.0	0.0	0.0	0.0	0.0	0.0	0.0	0.0	0.0	0.0	0.0	0.0	0.0	0.0	0.0	0.0	0.0	0.0
Bacteria	Actinobacteriota	Actinomycetia	Actinomycetales	Micrococcaceae	Kocuria	Kocuria_flava	0.0	0.0	0.0	0.0	0.0	0.0	0.0	0.0	0.0	0.0	0.0	0.0	0.0	0.0	0.0	0.0	0.0035842293906810036	0.0	0.0	0.0	0.0	0.0	0.0	0.0	0.0	0.0	0.0	0.0	0.0	0.0	0.0	0.0	0.0	0.0	0.0	0.0	0.0	0.0	0.0	0.0	0.0	0.0	0.0	0.0	0.0
Bacteria	Actinobacteriota	Actinomycetia	Actinomycetales	Micrococcaceae	Kocuria	Kocuria_marina	0.0	0.0	0.0	0.0	0.0	0.0	0.0	0.0	0.0	0.0	0.0	0.0	0.0	0.0	0.0	0.0	0.0	0.0	0.0	0.0	0.0	0.0	0.0	0.08632061944364783	0.0	0.0	0.0	0.0	0.0	0.0	0.0	0.0	0.0	0.0	0.0	0.0	0.0	0.0	0.0	0.0	0.0	0.0	0.0	0.0	0.0
Bacteria	Actinobacteriota	Actinomycetia	Actinomycetales	Micrococcaceae	Kocuria	Kocuria_palustris	0.008268482490272372	0.0	0.007068327162571523	0.0010115606936416184	0.0026784006122058546	0.0	0.0	0.006711409395973153	0.0	0.7194312796208532	0.0	0.02771042604780049	0.0012010981468771448	0.06939759036144577	0.00480225988700565	0.0	0.010976702508960573	0.0	0.0	0.0	0.0016851227732306213	0.015968772178850243	0.0	0.02638371092629768	0.0	0.0	0.010189228529839882	0.005372945638432364	0.0038193664345090987	0.0	0.0	0.009952229299363059	0.016081871345029242	0.004101326899879373	0.002054231717337716	0.0027978933508887426	0.0	0.0	0.0	0.012694512694512695	0.16167664670658677	0.15389582436504518	0.0	0.5335429769392034	0.0
Bacteria	Actinobacteriota	Actinomycetia	Actinomycetales	Micrococcaceae	Kocuria	Kocuria_polaris_A	0.0	0.0	0.0	0.0	0.0	0.0	0.0	0.0	0.0	0.0	0.0	0.0	0.0	0.0	0.0	0.0	0.010528673835125449	0.0	0.0	0.0	0.0	0.0	0.0	0.0	0.0	0.0	0.0	0.0	0.0	0.0	0.0	0.0	0.0	0.0	0.0	0.0	0.0	0.0	0.0	0.0	0.0	0.0	0.0	0.0	0.0
Bacteria	Actinobacteriota	Actinomycetia	Actinomycetales	Micrococcaceae	Kocuria	Kocuria_rhizophila	0.0	0.0	0.0	0.0	0.0	0.0	0.0	0.0	0.0	0.012006319115323854	0.012255840674071239	0.0	0.0018874399450926563	0.0	0.0	0.0	0.0	0.0	0.0	0.0	0.0	0.0	0.0	0.0	0.0	0.0	0.010189228529839882	0.0	0.0	0.0	0.0	0.010748407643312103	0.0	0.0	0.0	0.0	0.0	0.0	0.0	0.0	0.0	0.0	0.0	0.0	0.0
Bacteria	Actinobacteriota	Actinomycetia	Actinomycetales	Micrococcaceae	Kocuria	Kocuria_rhizophila_A	0.0	0.0	0.0	0.0	0.0	0.0	0.0	0.0	0.0	0.0	0.0	0.0	0.0	0.0	0.0	0.0	0.0	0.0	0.0	0.0	0.0	0.0	0.0	0.00401491253226269	0.0	0.0	0.0	0.0	0.0	0.0	0.0	0.0	0.0	0.0	0.0	0.0	0.0	0.0	0.0	0.0	0.0	0.0	0.0	0.0	0.0
Bacteria	Actinobacteriota	Actinomycetia	Actinomycetales	Micrococcaceae	Kocuria	Kocuria_rosea	0.0	0.0	0.0	0.0	0.0	0.0	0.0	0.00311601150527325	0.0	0.0	0.0	0.014201593349497752	0.0	0.0	0.0	0.0	0.7712813620071685	0.0	0.0	0.0	0.0	0.0	0.0	0.15629480929165473	0.0	0.0	0.0	0.0	0.0	0.0	0.0	0.010748407643312103	0.002088554720133668	0.0	0.0	0.0	0.0	0.0	0.0	0.0	0.014970059880239516	0.0	0.0	0.011530398322851153	0.0
Bacteria	Actinobacteriota	Actinomycetia	Actinomycetales	Micrococcaceae	Kocuria	Kocuria_turfanensis	0.0	0.0	0.0	0.0	0.0	0.0	0.0	0.0	0.0	0.0	0.0	0.0	0.0	0.0	0.0	0.0	0.007840501792114695	0.0	0.0	0.0	0.0	0.0	0.0	0.0	0.0	0.0	0.0	0.0	0.0	0.0	0.0	0.0	0.0	0.0	0.0	0.0	0.0	0.0	0.0	0.0	0.0	0.0	0.0	0.0	0.0
Bacteria	Actinobacteriota	Actinomycetia	Actinomycetales	Micrococcaceae	Micrococcus	Micrococcus_cohnii	0.0	0.0	0.0	0.0	0.0	0.0	0.0	0.0	0.0	0.6157977883096366	0.0	0.0	0.0	0.0	0.0	0.0	0.0	0.0	0.0	0.0	0.0	0.0	0.0	0.0	0.0	0.0	0.0	0.0	0.0	0.0	0.0	0.0	0.0	0.0	0.0039030402629416597	0.0	0.0	0.0	0.0	0.0	0.0	0.0025828669823504086	0.0	0.0	0.0
Bacteria	Actinobacteriota	Actinomycetia	Actinomycetales	Micrococcaceae	Micrococcus	Micrococcus_endophyticus	0.0	0.0	0.0	0.0030346820809248553	0.0	0.0	0.0	0.0	0.0	0.01358609794628752	0.0	0.0	0.0	0.0	0.0	0.0	0.0	0.0	0.0	0.0	0.006740491092922485	0.0	0.0	0.0	0.0	0.0	0.006030359742150135	0.0	0.0	0.0	0.0	0.014331210191082803	0.0	0.0	0.0	0.0	0.0	0.0	0.0	0.0	0.08158682634730537	0.009255273353422298	0.0	0.0	0.0
Bacteria	Actinobacteriota	Actinomycetia	Actinomycetales	Micrococcaceae	Micrococcus	Micrococcus_flavus	0.0	0.0	0.0	0.0	0.0	0.0	0.0	0.0	0.0	0.0	0.0	0.0	0.0	0.0	0.0	0.0	0.0	0.0	0.0	0.0	0.0	0.0	0.0	0.0	0.0	0.0	0.0	0.0	0.012356773758705909	0.0	0.0	0.0	0.0	0.0	0.0	0.0	0.0	0.0	0.005765073264472735	0.0	0.0	0.0	0.0	0.0	0.0
Bacteria	Actinobacteriota	Actinomycetia	Actinomycetales	Micrococcaceae	Micrococcus	Micrococcus_luteus	0.028696498054474707	0.0	0.030629417704476605	0.12268786127167632	0.006696001530514637	0.0	0.0028802880288028806	0.015819750719079578	0.03419746276889133	0.11121642969984204	0.012638835695135964	0.14963630065812264	0.010809883321894304	0.18939759036144577	0.01073446327683616	0.07637835103692464	0.1586021505376344	0.0	0.048406615570794675	0.0037965072133637054	0.0045739046701974	0.07168204400283887	0.0	0.044737596788069975	0.0226591136287904	0.03758169934640522	0.016427531711374507	0.02338811630847029	0.009885419006964727	0.022031166039763565	0.023156089193825044	0.7388535031847133	0.07456140350877194	0.10735826296743065	0.0	0.002633311389071758	0.02925861641457972	0.0	0.019937545039634876	0.013513513513513516	0.5052395209580837	0.11450710288420145	0.007686148919135306	0.025157232704402514	0.03159784560143627
Bacteria	Actinobacteriota	Actinomycetia	Actinomycetales	Micrococcaceae	Micrococcus	Micrococcus_lylae	0.0	0.0	0.0	0.0	0.0	0.0	0.0	0.0	0.0	0.006951026856240127	0.0	0.0	0.0	0.0	0.0	0.0	0.0	0.0	0.0	0.0	0.0	0.0	0.0	0.0	0.0	0.0	0.0018714909544603866	0.0	0.0	0.0	0.0	0.0	0.0	0.03835946924004826	0.0	0.0	0.0	0.0	0.0	0.0	0.023952095808383228	0.0	0.0	0.0	0.0
Bacteria	Actinobacteriota	Actinomycetia	Actinomycetales	Micrococcaceae	Neomicrococcus	Neomicrococcus_lactis	0.0	0.0	0.0	0.0	0.0	0.0	0.0	0.0	0.0	0.0	0.0	0.0	0.0	0.0	0.0	0.0	0.0	0.0	0.0	0.0	0.0	0.0	0.0	0.0	0.0	0.0	0.0	0.0	0.0	0.012358946802794193	0.0	0.0	0.0	0.0	0.0	0.0	0.0	0.0	0.0	0.0	0.0	0.0	0.0	0.0	0.0
Bacteria	Actinobacteriota	Actinomycetia	Actinomycetales	Micrococcaceae	Nesterenkonia	Nesterenkonia_cremea	0.0	0.0	0.0	0.0	0.0	0.0	0.0	0.0	0.0	0.0	0.0	0.0	0.0	0.0	0.0	0.0	0.0	0.0	0.0	0.0	0.0	0.0	0.0	0.0	0.0	0.0	0.0	0.0	0.0	0.0	0.0	0.0	0.0	0.0	0.0	0.0	0.0	0.0	0.0	0.0	0.01571856287425149	0.0	0.0	0.0	0.0
Bacteria	Actinobacteriota	Actinomycetia	Actinomycetales	Micrococcaceae	Paenarthrobacter	Paenarthrobacter_nicotinovorans	0.0	0.0	0.0	0.0	0.0	0.0	0.0	0.0	0.0	0.0	0.0	0.0	0.0	0.0	0.0	0.0	0.0	0.0	0.0012101653892698668	0.0	0.0	0.0	0.0	0.0	0.0	0.0	0.0	0.0	0.0	0.0	0.0	0.0	0.0	0.0	0.0	0.0	0.00074386312918423	0.0	0.0	0.0	0.0	0.0	0.0	0.0	0.0
Bacteria	Actinobacteriota	Actinomycetia	Actinomycetales	Micrococcaceae	Pseudarthrobacter	Pseudarthrobacter_polychromogenes	0.0	0.0	0.0	0.0	0.0	0.0	0.0	0.0	0.0	0.0	0.0	0.0	0.0	0.0	0.0	0.0007587253414264037	0.0	0.0	0.0024203307785397336	0.0	0.0	0.0	0.0	0.0	0.0	0.0	0.0	0.0	0.0	0.0	0.0	0.0	0.0	0.0	0.0	0.0	0.00074386312918423	0.0	0.0	0.0	0.0	0.0	0.0	0.0	0.0
Bacteria	Actinobacteriota	Actinomycetia	Actinomycetales	Micrococcaceae	Pseudarthrobacter	Pseudarthrobacter_sp002892835	0.0	0.0	0.0	0.0	0.0	0.0	0.0	0.0	0.0	0.0	0.0	0.0	0.0	0.0	0.0	0.0	0.0	0.0	0.0	0.0	0.0	0.0	0.0	0.00917694293088615	0.0	0.0	0.0	0.0	0.0	0.0	0.0	0.0	0.0	0.0	0.0	0.0	0.0	0.0	0.0	0.0	0.0	0.0	0.0	0.0	0.0
Bacteria	Actinobacteriota	Actinomycetia	Actinomycetales	Micrococcaceae	Rothia	Rothia_aeria	0.0	0.0	0.0	0.0	0.0	0.0	0.0	0.0	0.0	0.0	0.0	0.0	0.0	0.0	0.0	0.013404147698533132	0.0	0.0	0.0	0.0	0.0	0.0	0.0	0.0	0.0	0.0	0.0	0.0	0.0	0.0	0.0	0.0	0.0	0.0	0.0	0.0	0.0061988594098685845	0.0	0.0	0.0	0.10329341317365266	0.0	0.0	0.006638714185883997	0.0
Bacteria	Actinobacteriota	Actinomycetia	Actinomycetales	Micrococcaceae	Rothia	Rothia_dentocariosa	0.0	0.0	0.0	0.0	0.0	0.0	0.0	0.0	0.0	0.0	0.0	0.0	0.0	0.0	0.0	0.00784016186140617	0.0	0.0	0.0	0.0	0.0	0.0	0.0	0.0	0.0	0.0	0.0	0.0	0.0	0.0	0.0	0.0	0.0	0.0	0.0	0.0018104015799868338	0.0	0.0	0.0	0.0	0.2013473053892215	0.0	0.0	0.0	0.0
Bacteria	Actinobacteriota	Actinomycetia	Actinomycetales	Micrococcaceae	Rothia	Rothia_kristinae	0.0	0.0	0.0	0.0008670520231213873	0.0	0.0	0.0	0.0	0.0	0.0	0.0	0.0	0.0	0.0	0.0	0.0	0.0	0.0	0.0	0.0	0.0	0.0	0.0	0.0	0.0	0.0	0.02869619463505926	0.0	0.25634688833969893	0.0	0.0	0.0	0.0	0.008685162846803379	0.0	0.0	0.0	0.0	0.0	0.0	0.0	0.0	0.0	0.0	0.0
Bacteria	Actinobacteriota	Actinomycetia	Actinomycetales	Micrococcaceae	Rothia	Rothia_mucilaginosa	0.0	0.0	0.0	0.0	0.0	0.0	0.0	0.0	0.0	0.0	0.0	0.0	0.0	0.0	0.0	0.0	0.0	0.0	0.0	0.0	0.0	0.0	0.0	0.0	0.0	0.0	0.0	0.0	0.0	0.0	0.0	0.0	0.0	0.0	0.0	0.0	0.0	0.0	0.0	0.0	0.0	0.0	0.003522818254603683	0.0	0.0
Bacteria	Actinobacteriota	Actinomycetia	Actinomycetales	Micrococcaceae	Rothia	Rothia_mucilaginosa_B	0.0	0.0	0.0	0.0	0.0	0.0	0.0	0.0	0.004412575841147269	0.0	0.0	0.0	0.0	0.0	0.0	0.0	0.0	0.0	0.0	0.0	0.0	0.0	0.0	0.0	0.0	0.0	0.0	0.0	0.0	0.0	0.0	0.0	0.0	0.0	0.0	0.0	0.0	0.0	0.0	0.0	0.0	0.0	0.0	0.0	0.0
Bacteria	Actinobacteriota	Actinomycetia	Actinomycetales	Micrococcaceae	Rothia	Rothia_sp001683935	0.0	0.0	0.0	0.0	0.0	0.0	0.0	0.0	0.0	0.0	0.0	0.0	0.0	0.0	0.0	0.0	0.0	0.0	0.0	0.0	0.0	0.0	0.0	0.0	0.0	0.0	0.0	0.0	0.0	0.0	0.0	0.0	0.005221386800334169	0.0	0.0	0.0	0.0	0.0	0.0	0.0	0.0	0.0	0.0	0.0	0.0
Bacteria	Actinobacteriota	Actinomycetia	Actinomycetales	Micrococcaceae	Rothia	Rothia_sp002418375	0.0	0.0	0.0	0.0	0.0	0.0	0.0	0.0	0.0	0.0	0.0	0.0	0.0	0.0	0.0	0.0	0.0	0.0	0.0	0.0	0.0	0.0	0.0	0.0	0.0	0.0	0.0	0.0	0.0	0.0	0.0	0.0	0.0	0.0	0.0	0.001316655694535879	0.0	0.0	0.0	0.0	0.02844311377245508	0.0	0.0	0.0	0.0
Bacteria	Actinobacteriota	Actinomycetia	Actinomycetales	Micrococcaceae	Rothia	Rothia_terrae	0.0	0.0	0.0	0.0	0.0	0.0	0.0	0.0	0.0	0.0	0.0	0.0	0.0	0.0	0.0	0.0	0.0	0.0	0.0	0.0	0.0	0.0	0.0	0.0	0.0	0.0	0.0	0.0	0.0	0.0	0.0	0.0	0.0	0.0	0.0	0.0	0.0	0.0	0.0	0.0	0.0	0.0	0.0	0.006289308176100628	0.0
Bacteria	Actinobacteriota	Actinomycetia	Actinomycetales	Micrococcaceae	Yaniella	Yaniella_sp013393415	0.0	0.0	0.0	0.0	0.0	0.0	0.0	0.0	0.0	0.0	0.0	0.0	0.0	0.0	0.0	0.0	0.0	0.0	0.0	0.0	0.0	0.0	0.0	0.0	0.0	0.0	0.00727802037845706	0.0	0.055942484834868564	0.0	0.0	0.0	0.0	0.0	0.0	0.0	0.0	0.0	0.0	0.0	0.0	0.0	0.0	0.0	0.0
Bacteria	Actinobacteriota	Actinomycetia	Mycobacteriales	Frankiaceae	Frankia	Frankia_coriariae	0.0	0.0	0.0	0.0	0.0	0.0	0.0	0.0	0.0	0.0	0.0	0.0	0.0	0.0	0.0	0.0	0.0	0.0	0.003227107704719645	0.0	0.0	0.0	0.0	0.0	0.0	0.0	0.0	0.0	0.0	0.0	0.0	0.0	0.0	0.0	0.0	0.0	0.001983635011157947	0.0	0.0	0.0	0.0	0.0	0.0	0.0	0.0
Bacteria	Actinobacteriota	Actinomycetia	Mycobacteriales	Frankiaceae	Frankia	Frankia_sp902812705	0.0	0.0	0.0	0.0	0.0	0.0	0.0	0.0	0.0	0.0	0.0	0.0	0.0	0.0	0.0	0.0	0.0	0.0	0.0	0.0	0.0	0.0	0.0	0.0	0.0	0.0	0.0	0.0	0.0	0.0	0.0	0.0	0.0	0.0	0.0	0.0	0.003223406893131664	0.0	0.0	0.0	0.0	0.0	0.0	0.0	0.0
Bacteria	Actinobacteriota	Actinomycetia	Mycobacteriales	Geodermatophilaceae	Blastococcus	Blastococcus_colisei	0.0	0.0	0.0	0.0	0.0	0.0	0.0	0.0	0.0	0.0	0.0	0.0	0.0	0.0	0.0	0.0	0.0	0.0	0.0	0.0	0.0	0.0	0.0	0.0	0.0	0.0	0.0	0.0	0.0	0.0	0.0	0.0	0.0	0.0	0.0	0.0	0.0	0.0	0.0	0.0	0.0	0.0	0.0	0.005241090146750524	0.0
Bacteria	Actinobacteriota	Actinomycetia	Mycobacteriales	Geodermatophilaceae	Blastococcus	Blastococcus_litoris	0.0	0.0	0.0	0.0	0.0	0.0	0.0	0.0	0.0	0.0	0.0	0.0	0.0	0.0	0.0	0.0	0.0	0.0	0.0	0.0	0.0	0.0	0.0	0.0	0.0	0.0	0.0	0.0	0.0	0.0	0.0	0.0	0.0	0.0	0.0	0.0	0.0	0.0	0.0	0.0	0.0	0.0	0.0	0.005241090146750524	0.0
Bacteria	Actinobacteriota	Actinomycetia	Mycobacteriales	Geodermatophilaceae	Blastococcus	Blastococcus_sp013410015	0.0	0.0	0.0	0.0	0.0	0.0	0.0	0.0	0.0	0.0	0.0	0.0	0.0	0.0	0.0	0.0	0.0	0.0	0.0	0.0	0.0	0.0	0.0	0.0	0.0	0.0	0.0	0.0	0.0	0.0	0.0	0.0	0.0	0.0	0.0	0.0	0.0	0.0	0.0	0.0	0.0	0.0	0.0	0.1121593291404612	0.0
Bacteria	Actinobacteriota	Actinomycetia	Mycobacteriales	Geodermatophilaceae	Blastococcus	Blastococcus_sp900230285	0.0	0.0	0.0	0.0	0.0	0.0	0.0	0.0	0.0	0.0	0.0	0.0	0.0	0.0	0.0	0.0	0.0	0.0	0.0	0.0	0.0	0.0	0.0	0.0	0.0	0.0	0.0	0.0	0.0	0.0	0.0	0.0	0.0	0.0	0.0	0.0	0.0	0.0	0.0	0.0	0.0	0.0	0.0	0.0069881201956673656	0.0
Bacteria	Actinobacteriota	Actinomycetia	Mycobacteriales	Geodermatophilaceae	Geodermatophilus	Geodermatophilus_chilensis	0.0	0.0	0.0	0.0	0.0	0.0	0.0	0.0	0.0	0.0	0.0	0.0	0.0	0.0	0.0	0.0	0.0	0.0	0.0	0.0	0.0	0.0	0.0	0.0	0.0	0.0	0.0	0.0	0.0	0.0	0.0	0.0	0.0	0.0	0.0	0.0	0.0	0.0	0.0	0.0	0.0	0.0	0.0	0.011180992313067784	0.0
Bacteria	Actinobacteriota	Actinomycetia	Mycobacteriales	Geodermatophilaceae	Geodermatophilus	Geodermatophilus_sp900104025	0.0	0.0	0.0	0.0	0.0	0.0	0.0	0.0	0.0	0.0	0.0	0.0	0.0	0.0	0.0	0.0	0.0	0.0	0.0	0.008605416350291065	0.0	0.0	0.0	0.0	0.0	0.0	0.0	0.0	0.0	0.0	0.0	0.0	0.0	0.0	0.0	0.0	0.0	0.0	0.0	0.0	0.0	0.0	0.0	0.0	0.0
Bacteria	Actinobacteriota	Actinomycetia	Mycobacteriales	Micromonosporaceae	Micromonospora	Micromonospora_maris	0.0	0.0	0.0	0.0	0.0	0.0	0.0	0.0	0.0	0.0	0.0	0.0	0.0	0.0	0.0002824858757062147	0.0	0.0	0.0	0.0004033884630899556	0.0	0.0	0.0	0.0	0.0	0.0	0.0	0.0	0.0	0.0	0.0	0.0	0.0	0.0	0.0	0.0	0.0	0.00074386312918423	0.0	0.0	0.0	0.0	0.0	0.0	0.0	0.0
Bacteria	Actinobacteriota	Actinomycetia	Mycobacteriales	Mycobacteriaceae	Corynebacterium	Corynebacterium_accolens	0.0	0.0	0.0	0.003468208092485549	0.015113832026018752	0.0	0.0	0.41395014381591555	0.0	0.006003159557661927	0.006127920337035619	0.0	0.0	0.0	0.01864406779661017	0.0	0.0	0.0	0.01653892698668818	0.0	0.0	0.014904187366926894	0.0	0.005448809865213651	0.0	0.0	0.0	0.0	0.004268703662098405	0.0	0.0	0.016719745222929936	0.005012531328320802	0.004825090470446321	0.02752670501232539	0.0031270572745227126	0.0	0.0	0.0055248618784530384	0.0	0.04041916167664669	0.006887645286267757	0.005604483586869495	0.0	0.0
Bacteria	Actinobacteriota	Actinomycetia	Mycobacteriales	Mycobacteriaceae	Corynebacterium	Corynebacterium_afermentans	0.0	0.0	0.0	0.015028901734104046	0.0	0.0	0.0	0.0	0.0022062879205736346	0.023380726698262244	0.0	0.016279875303082787	0.0	0.010120481927710841	0.0	0.0	0.0	0.0	0.009681323114158934	0.0	0.0	0.0	0.0	0.02638371092629768	0.0	0.0	0.0	0.016118836915297093	0.020669512469108066	0.012896292315959157	0.0	0.01592356687898089	0.004177109440267336	0.0	0.0	0.0	0.0	0.0	0.0	0.0	0.0	0.05553164012053379	0.0	0.0	0.0
Bacteria	Actinobacteriota	Actinomycetia	Mycobacteriales	Mycobacteriaceae	Corynebacterium	Corynebacterium_amycolatum	0.0	0.0	0.0	0.0	0.0	0.0	0.0	0.0	0.0	0.0	0.0	0.0	0.0	0.0	0.0	0.0	0.0	0.0	0.0	0.0	0.0	0.0	0.0	0.0	0.0	0.0	0.0	0.0	0.0	0.0	0.0	0.0	0.0	0.0016887816646562125	0.0	0.0	0.0	0.0	0.0	0.0	0.0	0.0	0.0	0.0	0.0
Bacteria	Actinobacteriota	Actinomycetia	Mycobacteriales	Mycobacteriaceae	Corynebacterium	Corynebacterium_appendicis	0.0	0.0	0.0	0.0	0.0	0.0	0.0	0.0	0.0	0.0	0.0	0.0	0.02453671928620453	0.0	0.0	0.0	0.0	0.0	0.0	0.0	0.0	0.0	0.0	0.0	0.0	0.0	0.011644832605531294	0.0	0.0	0.0	0.0	0.0	0.0022974101921470346	0.0	0.0	0.0	0.0	0.0	0.0	0.0	0.0	0.0	0.0	0.0	0.0
Bacteria	Actinobacteriota	Actinomycetia	Mycobacteriales	Mycobacteriaceae	Corynebacterium	Corynebacterium_aurimucosum_E	0.0	0.0	0.0	0.005635838150289017	0.0	0.0	0.00414041404140414	0.0	0.0	0.0	0.0	0.022861101489435404	0.0	0.0	0.0	0.010622154779969651	0.007168458781362007	0.0	0.0	0.0	0.018054886856042368	0.0	0.0	0.0	0.0	0.0	0.0	0.0	0.011233430689732645	0.0	0.0	0.0	0.0	0.0	0.0	0.0	0.0	0.0	0.0	0.0	0.0	0.0	0.0	0.0	0.0
Bacteria	Actinobacteriota	Actinomycetia	Mycobacteriales	Mycobacteriaceae	Corynebacterium	Corynebacterium_callunae	0.0	0.0	0.0	0.0	0.0	0.0	0.0	0.0	0.0	0.0	0.0	0.0	0.0	0.0	0.0	0.0	0.0	0.0	0.0	0.0	0.0	0.0	0.0	0.0	0.0	0.0	0.0	0.0	0.0	0.014508328855454054	0.0	0.0	0.0	0.0	0.0	0.0	0.0	0.0	0.0	0.0	0.0	0.0	0.0	0.0	0.0
Bacteria	Actinobacteriota	Actinomycetia	Mycobacteriales	Mycobacteriaceae	Corynebacterium	Corynebacterium_casei	0.0	0.0	0.0	0.0	0.0	0.0	0.0	0.0	0.0	0.0	0.0	0.0	0.0	0.0	0.0	0.0	0.0	0.0	0.0	0.0	0.0	0.0	0.0	0.0	0.0	0.0	0.0	0.0	0.0	0.0	0.0	0.0	0.004594820384294069	0.0	0.0	0.0	0.0	0.0005058168942842691	0.0	0.0	0.013473053892215564	0.0	0.0	0.0	0.0
Bacteria	Actinobacteriota	Actinomycetia	Mycobacteriales	Mycobacteriaceae	Corynebacterium	Corynebacterium_coyleae	0.0	0.0	0.0	0.0	0.0	0.0	0.0	0.0	0.0	0.0	0.0	0.0	0.0	0.006265060240963854	0.0	0.0	0.0	0.0	0.0	0.0	0.0	0.0	0.0	0.0	0.0	0.0	0.0	0.0	0.0	0.0	0.0	0.0	0.0	0.0	0.0	0.0	0.0	0.0	0.0	0.0	0.0	0.0	0.0	0.0	0.0
Bacteria	Actinobacteriota	Actinomycetia	Mycobacteriales	Mycobacteriaceae	Corynebacterium	Corynebacterium_dentalis	0.0	0.0	0.013126893301918545	0.0	0.0	0.0	0.0	0.0	0.0	0.0	0.0	0.0	0.026767330130404943	0.0	0.0031073446327683617	0.0	0.0	0.0	0.0	0.0	0.0	0.0	0.0	0.0	0.0	0.0	0.0	0.0	0.0	0.0	0.0	0.0	0.0	0.004101326899879373	0.0	0.0	0.0	0.0	0.0	0.0	0.24251497005988015	0.0	0.0	0.0	0.0
Bacteria	Actinobacteriota	Actinomycetia	Mycobacteriales	Mycobacteriaceae	Corynebacterium	Corynebacterium_doosanense	0.0	0.0	0.0	0.0	0.0	0.0	0.0	0.0	0.0	0.0	0.0	0.0	0.0	0.0	0.0	0.0	0.0	0.0	0.0	0.0	0.0	0.0	0.0	0.004301691998852882	0.0	0.0	0.0	0.0	0.0	0.0	0.0	0.0	0.0	0.0	0.0	0.0	0.0	0.0	0.0	0.0	0.0	0.0	0.0	0.0	0.0
Bacteria	Actinobacteriota	Actinomycetia	Mycobacteriales	Mycobacteriaceae	Corynebacterium	Corynebacterium_durum	0.0	0.0	0.0	0.0	0.0	0.0	0.0	0.0	0.0	0.0	0.0	0.0	0.0	0.0	0.0	0.0	0.0	0.0	0.0	0.0	0.0	0.0	0.0	0.0	0.0	0.0	0.0	0.0	0.0	0.0	0.0	0.0	0.0	0.0	0.0	0.0	0.0	0.0	0.0	0.0	0.15344311377245504	0.0	0.0014411529223378702	0.0	0.0
Bacteria	Actinobacteriota	Actinomycetia	Mycobacteriales	Mycobacteriaceae	Corynebacterium	Corynebacterium_glucuronolyticum	0.0	0.0	0.0	0.023554913294797687	0.0	0.0	0.0	0.0	0.006802721088435374	0.0	0.0	0.0	0.0	0.0	0.0	0.0	0.0	0.0	0.0	0.0	0.0	0.0	0.0	0.0	0.0	0.0	0.0	0.0	0.0	0.0	0.0	0.0	0.0	0.0	0.0	0.0	0.0	0.0	0.0	0.0	0.0	0.0	0.0	0.0	0.0
Bacteria	Actinobacteriota	Actinomycetia	Mycobacteriales	Mycobacteriaceae	Corynebacterium	Corynebacterium_gottingense	0.0	0.0	0.0	0.0018786127167630057	0.0	0.0	0.0	0.0	0.0	0.0	0.0	0.0	0.0	0.0077108433734939755	0.0	0.0	0.002912186379928315	0.0	0.0	0.0	0.0	0.0	0.0	0.005735589331803843	0.0	0.0	0.0	0.0	0.0	0.0	0.0	0.012738853503184714	0.0	0.0	0.0006162695152013146	0.0	0.0	0.0	0.0	0.0	0.0	0.0	0.0	0.0	0.0
Bacteria	Actinobacteriota	Actinomycetia	Mycobacteriales	Mycobacteriaceae	Corynebacterium	Corynebacterium_imitans	0.0	0.0	0.0	0.0	0.0	0.0	0.0	0.0	0.0	0.0	0.0	0.0	0.0	0.0	0.0	0.0	0.0	0.0	0.0	0.0	0.0	0.0	0.0	0.0	0.0	0.0	0.0	0.0	0.0	0.0	0.0	0.0	0.0	0.0	0.0	0.01283739302172482	0.0	0.0	0.0	0.0	0.0	0.0	0.0	0.0	0.0
Bacteria	Actinobacteriota	Actinomycetia	Mycobacteriales	Mycobacteriaceae	Corynebacterium	Corynebacterium_jeddahense	0.046692607003891044	0.0	0.0	0.0	0.0	0.0	0.0	0.0	0.0	0.0	0.0	0.0	0.0	0.0	0.0	0.0	0.0	0.0	0.0	0.0	0.0	0.0	0.0	0.0	0.0	0.0	0.0	0.0	0.0	0.0	0.0	0.0	0.0	0.0	0.0	0.0	0.0	0.0	0.0	0.0	0.0	0.0	0.0	0.0	0.0
Bacteria	Actinobacteriota	Actinomycetia	Mycobacteriales	Mycobacteriaceae	Corynebacterium	Corynebacterium_jeikeium_A	0.0	0.0	0.0	0.0	0.0	0.0	0.0	0.0	0.0	0.0	0.0	0.0	0.0	0.0	0.0	0.0	0.0	0.0	0.0	0.0	0.0	0.0	0.0	0.0	0.0	0.0	0.0	0.011694058154235146	0.0	0.0	0.0	0.0	0.0	0.0	0.0	0.0	0.0	0.0	0.0	0.0	0.0	0.006026689625484287	0.0	0.0	0.0
Bacteria	Actinobacteriota	Actinomycetia	Mycobacteriales	Mycobacteriaceae	Corynebacterium	Corynebacterium_kefirresidentii	0.0	0.0	0.03433187478963312	0.007514450867052023	0.0	0.008019150209455416	0.00414041404140414	0.0934803451581975	0.0020224305938591654	0.016113744075829384	0.0	0.009005888465535159	0.0	0.021204819277108433	0.008757062146892656	0.0	0.004032258064516129	0.0	0.0	0.0	0.0	0.016323633782824695	0.0	0.011471178663607686	0.0	0.0	0.0035350384695362856	0.0	0.00853740732419681	0.01612036539494895	0.0	0.0	0.010651629072681705	0.006996381182147166	0.0	0.0016458196181698488	0.0	0.0	0.0	0.0	0.062125748502993995	0.0	0.008166533226581264	0.010482180293501049	0.0
Bacteria	Actinobacteriota	Actinomycetia	Mycobacteriales	Mycobacteriaceae	Corynebacterium	Corynebacterium_kroppenstedtii_A	0.0	0.0	0.0	0.0	0.0	0.0	0.0	0.0	0.0	0.0	0.0	0.0	0.0	0.0	0.0	0.0	0.0	0.0	0.0	0.0	0.0	0.07877927608232788	0.0	0.0	0.0	0.0	0.0	0.0	0.0	0.0	0.0	0.0	0.0	0.0	0.0	0.0	0.0	0.0	0.0	0.0	0.0	0.0	0.0	0.0	0.0
Bacteria	Actinobacteriota	Actinomycetia	Mycobacteriales	Mycobacteriaceae	Corynebacterium	Corynebacterium_macginleyi	0.0	0.0	0.0	0.0	0.014157260378802375	0.0	0.0	0.005512943432406519	0.0	0.0	0.0	0.0	0.0	0.0	0.0	0.0	0.0	0.0	0.0	0.0	0.0	0.0	0.0	0.0	0.0	0.0	0.0	0.0	0.0	0.0	0.0	0.0	0.0	0.009408926417370326	0.0	0.0	0.0	0.0	0.0	0.0	0.0	0.0	0.006405124099279423	0.0	0.0
Bacteria	Actinobacteriota	Actinomycetia	Mycobacteriales	Mycobacteriaceae	Corynebacterium	Corynebacterium_matruchotii	0.0	0.0	0.0	0.0	0.0	0.0	0.0	0.0	0.0	0.0	0.0	0.004849324558365085	0.0	0.0	0.0039548022598870055	0.0	0.0	0.0	0.0	0.0	0.0	0.03051809794180269	0.0	0.005162030398623459	0.0	0.0	0.0	0.0	0.002022017524151876	0.16603976356797417	0.0	0.17714968152866242	0.0	0.0	0.0	0.0	0.0	0.0	0.0	0.001842751842751843	0.09206586826347303	0.0	0.0014411529223378702	0.0	0.0
Bacteria	Actinobacteriota	Actinomycetia	Mycobacteriales	Mycobacteriaceae	Corynebacterium	Corynebacterium_mucifaciens	0.0	0.0	0.0	0.0	0.0	0.0	0.00216021602160216	0.0	0.0	0.08467614533965245	0.0	0.0	0.0	0.0	0.0	0.006069802731411229	0.0026881720430107525	0.0	0.0	0.0	0.0	0.0	0.0	0.0	0.0	0.0	0.0051985859846121855	0.0	0.0029206919793304874	0.0	0.0	0.0	0.0	0.003860072376357057	0.0	0.001316655694535879	0.0	0.0	0.0	0.0	0.0	0.0	0.0	0.0	0.0
Bacteria	Actinobacteriota	Actinomycetia	Mycobacteriales	Mycobacteriaceae	Corynebacterium	Corynebacterium_mycetoides	0.0	0.0	0.0	0.0	0.0	0.0	0.0	0.0	0.0	0.0	0.0	0.0	0.0	0.0	0.0	0.0	0.0	0.0	0.0	0.0	0.0	0.0	0.0	0.0	0.0	0.0	0.0	0.0	0.0	0.0	0.0	0.0	0.0031328320802005015	0.0	0.0	0.0	0.0	0.0	0.0	0.0	0.0	0.0	0.0	0.0	0.0
Bacteria	Actinobacteriota	Actinomycetia	Mycobacteriales	Mycobacteriaceae	Corynebacterium	Corynebacterium_propinquum	0.0	0.0	0.0	0.0015895953757225434	0.0	0.0	0.0	0.0	0.0	0.0	0.005553427805438529	0.0	0.0018874399450926563	0.012048192771084336	0.00423728813559322	0.0	0.005152329749103943	0.0	0.016135538523598225	0.0017717033662363957	0.0	0.003903477643718949	0.0	0.0	0.0036654448517160947	0.0	0.003119151590767311	0.0	0.006740058413839587	0.0	0.005717552887364208	0.004378980891719746	0.0	0.0	0.0	0.002633311389071758	0.0034713612695264073	0.0	0.04948354552005765	0.0	0.016467065868263468	0.0	0.003522818254603683	0.0	0.0
Bacteria	Actinobacteriota	Actinomycetia	Mycobacteriales	Mycobacteriaceae	Corynebacterium	Corynebacterium_pseudodiphtheriticum	0.0	0.0	0.0	0.0	0.0032523436005356806	0.0	0.0	0.0	0.0	0.0	0.0	0.0	0.0	0.0	0.0	0.0	0.0	0.0	0.0	0.0	0.0	0.0	0.0	0.0	0.0	0.0	0.0	0.0	0.0	0.0	0.005717552887364208	0.0	0.0	0.0	0.0	0.0016458196181698488	0.0	0.0	0.00360317079029546	0.0	0.0	0.0	0.0	0.0	0.0
Bacteria	Actinobacteriota	Actinomycetia	Mycobacteriales	Mycobacteriaceae	Corynebacterium	Corynebacterium_pyruviciproducens	0.0	0.0	0.0	0.0	0.0	0.0	0.0	0.0	0.0	0.0	0.0	0.0	0.0013726835964310228	0.0	0.0	0.0	0.0	0.0	0.0	0.0	0.0	0.0	0.0	0.0	0.0	0.0	0.0	0.0	0.0	0.0	0.0	0.0	0.0	0.0	0.0	0.0	0.0	0.0	0.0	0.0	0.0	0.0	0.0	0.0	0.0
Bacteria	Actinobacteriota	Actinomycetia	Mycobacteriales	Mycobacteriaceae	Corynebacterium	Corynebacterium_resistens	0.0	0.0	0.0	0.0	0.0	0.0	0.0	0.0	0.0	0.0	0.0	0.0	0.0	0.0	0.0	0.0	0.0	0.0	0.0	0.0	0.0	0.0	0.0	0.0	0.0	0.0	0.008525681014763984	0.0	0.0	0.0	0.0	0.0	0.0	0.0	0.0	0.0	0.0	0.0	0.0	0.0	0.0	0.0	0.0	0.0	0.0
Bacteria	Actinobacteriota	Actinomycetia	Mycobacteriales	Mycobacteriaceae	Corynebacterium	Corynebacterium_sanguinis	0.0	0.0	0.09188825311342981	0.012283236994219654	0.044958867419169705	0.0	0.0032403240324032404	0.0052732502396931925	0.006618863761720903	0.024328593996840443	0.002680965147453083	0.0	0.040322580645161296	0.023132530120481925	0.04463276836158193	0.021244309559939303	0.009856630824372761	0.0	0.060104881000403385	0.0	0.012277323062108813	0.030872959545777137	0.0	0.01175795813019788	0.020659780073308893	0.0	0.018506966105219378	0.0	0.014154122669063131	0.04513702310585705	0.03430531732418525	0.0	0.03529657477025898	0.06200241254523523	0.0030813475760065735	0.0018104015799868338	0.011653855690552939	0.0	0.0	0.017813267813267815	0.22080838323353286	0.0	0.015212169735788629	0.017819706498951784	0.051705565529622986
Bacteria	Actinobacteriota	Actinomycetia	Mycobacteriales	Mycobacteriaceae	Corynebacterium	Corynebacterium_simulans	0.0	0.0	0.0	0.0	0.0	0.0	0.0	0.0	0.0	0.0	0.0	0.0	0.003260123541523679	0.0	0.0	0.0	0.0	0.0	0.0	0.0	0.0	0.0	0.0	0.0	0.0	0.0	0.0	0.0	0.0	0.0	0.0	0.0	0.0	0.0	0.0	0.0	0.0	0.0	0.0	0.0	0.0	0.0	0.0	0.0	0.0
Bacteria	Actinobacteriota	Actinomycetia	Mycobacteriales	Mycobacteriaceae	Corynebacterium	Corynebacterium_singulare	0.0	0.0	0.0	0.0	0.0	0.0	0.0	0.0	0.0	0.0	0.0	0.0	0.0	0.0	0.0	0.0	0.0026881720430107525	0.0	0.0	0.0	0.0	0.0	0.0	0.0	0.0	0.0	0.0	0.0	0.0	0.0	0.0	0.0	0.005012531328320802	0.0	0.0	0.0	0.0	0.0	0.0	0.0016380016380016383	0.0	0.0	0.0	0.005241090146750524	0.0
Bacteria	Actinobacteriota	Actinomycetia	Mycobacteriales	Mycobacteriaceae	Corynebacterium	Corynebacterium_sp000478175	0.0	0.0	0.0	0.0	0.013200688731585997	0.0	0.0	0.1656279961649089	0.0	0.0	0.0	0.0	0.0	0.0	0.0	0.0	0.0	0.0	0.012101653892698669	0.0	0.0	0.010645848119233496	0.0	0.0	0.0	0.0	0.0	0.0	0.0	0.0	0.0	0.0	0.0	0.0	0.012325390304026294	0.0	0.0	0.0	0.0	0.0	0.07335329341317362	0.0	0.0	0.0	0.0
Bacteria	Actinobacteriota	Actinomycetia	Mycobacteriales	Mycobacteriaceae	Corynebacterium	Corynebacterium_sp001767255	0.0	0.0	0.004712218108381016	0.0	0.0	0.0	0.0	0.0	0.0	0.0	0.0	0.0	0.0	0.0	0.0	0.0	0.0	0.0	0.0	0.0	0.0	0.0	0.0	0.0	0.0	0.0	0.0	0.0	0.0	0.0	0.004288164665523156	0.0	0.0	0.0	0.0	0.0	0.0034713612695264073	0.0	0.0	0.0	0.0	0.0	0.0	0.0	0.0
Bacteria	Actinobacteriota	Actinomycetia	Mycobacteriales	Mycobacteriaceae	Corynebacterium	Corynebacterium_sp001807265	0.0	0.0	0.0	0.0	0.0	0.0	0.0	0.0	0.0	0.0	0.0	0.0	0.0	0.0	0.0	0.0	0.0	0.0	0.0	0.0	0.0	0.0	0.0	0.0	0.0	0.0	0.0	0.0	0.0035946978207144465	0.0	0.0	0.0	0.0	0.0	0.0	0.0	0.0	0.0	0.0	0.0	0.0	0.0	0.0	0.0	0.0
Bacteria	Actinobacteriota	Actinomycetia	Mycobacteriales	Mycobacteriaceae	Corynebacterium	Corynebacterium_sp001815985	0.0	0.0	0.0	0.0	0.0	0.0	0.0	0.0	0.0	0.0	0.0	0.0	0.0	0.021204819277108433	0.0	0.0	0.0	0.0	0.0	0.0	0.0	0.0	0.0	0.0	0.0	0.0	0.0	0.0	0.0	0.0	0.0	0.0	0.0	0.0	0.0	0.0	0.0	0.0	0.0	0.0	0.0	0.0	0.0	0.0	0.0
Bacteria	Actinobacteriota	Actinomycetia	Mycobacteriales	Mycobacteriaceae	Corynebacterium	Corynebacterium_sp001831515	0.0	0.0	0.0	0.0	0.0	0.0	0.0	0.0	0.0	0.0	0.0	0.0	0.0	0.0	0.0	0.0	0.0	0.0008121277747698971	0.0	0.0	0.0	0.0	0.0	0.0	0.0	0.0	0.0	0.0	0.0	0.0	0.0	0.0	0.0	0.0	0.0	0.0070770243581303495	0.0	0.0	0.0	0.0	0.0	0.0	0.0	0.0	0.0
Bacteria	Actinobacteriota	Actinomycetia	Mycobacteriales	Mycobacteriaceae	Corynebacterium	Corynebacterium_sp013978595	0.0	0.0	0.0	0.0	0.0	0.0	0.0	0.0	0.0	0.0	0.0	0.0	0.0	0.0	0.0	0.0	0.0	0.0	0.0	0.0	0.0	0.0	0.0	0.0	0.0	0.0	0.0	0.0	0.0035946978207144465	0.0	0.0	0.0	0.0	0.0	0.0	0.0	0.0	0.0	0.0	0.0	0.0	0.0	0.0	0.0	0.0
Bacteria	Actinobacteriota	Actinomycetia	Mycobacteriales	Mycobacteriaceae	Corynebacterium	Corynebacterium_sp014490595	0.0	0.0	0.0	0.0005780346820809249	0.0	0.0	0.0	0.0	0.0	0.0	0.0	0.0	0.0	0.0	0.0022598870056497176	0.0	0.0047043010752688165	0.002165674066053059	0.0	0.0	0.0	0.0	0.0	0.0	0.0	0.0	0.0016635475150758993	0.0	0.0	0.0	0.003430531732418525	0.0	0.0	0.0	0.0	0.0	0.0	0.0	0.0	0.0	0.017964071856287418	0.0	0.0	0.0	0.0
Bacteria	Actinobacteriota	Actinomycetia	Mycobacteriales	Mycobacteriaceae	Corynebacterium	Corynebacterium_sp900539985	0.0	0.0	0.0	0.0015895953757225434	0.0	0.0	0.0	0.0	0.0	0.0	0.0	0.015587114651887774	0.0	0.0	0.0	0.0	0.0	0.0	0.0	0.0	0.0	0.0	0.0	0.0	0.0	0.0	0.0	0.0	0.004942709503482363	0.0	0.0	0.0	0.0	0.0	0.0	0.0	0.0	0.0	0.0	0.0	0.0	0.0	0.0	0.0	0.0
Bacteria	Actinobacteriota	Actinomycetia	Mycobacteriales	Mycobacteriaceae	Corynebacterium	Corynebacterium_striatum	0.0	0.0	0.0	0.0	0.0	0.0	0.0	0.0	0.0	0.0	0.0	0.01524073432629027	0.0	0.0	0.0	0.0	0.0	0.0	0.0	0.0	0.0	0.0	0.0	0.0	0.0	0.0	0.05136202952796839	0.0	0.0024713547517411817	0.0	0.0	0.0	0.0	0.0	0.0	0.0	0.0	0.0	0.0	0.0	0.01946107784431137	0.0	0.0028823058446757403	0.0	0.0
Bacteria	Actinobacteriota	Actinomycetia	Mycobacteriales	Mycobacteriaceae	Corynebacterium	Corynebacterium_tuberculostearicum	0.0	0.0	0.0	0.0073699421965317926	0.0	0.0	0.0	0.0	0.010663724949439233	0.04802527646129542	0.0	0.017665396605472814	0.0	0.0	0.0	0.0	0.0035842293906810036	0.0	0.0	0.0	0.0	0.0	0.0	0.02351591626039576	0.0	0.0	0.013308380120607194	0.020859671302149177	0.04852842057964502	0.0	0.009433962264150943	0.0	0.030701754385964914	0.011338962605548855	0.0	0.0	0.0	0.0	0.0	0.0	0.0	0.0	0.0	0.0	0.0
Bacteria	Actinobacteriota	Actinomycetia	Mycobacteriales	Mycobacteriaceae	Corynebacterium	Corynebacterium_tuberculostearicum_C	0.0	0.0	0.0	0.006936416184971098	0.0	0.0	0.0	0.0	0.0	0.0	0.0	0.011084170419120196	0.0	0.0	0.0	0.0	0.0	0.0	0.0	0.0	0.0	0.0	0.0	0.0	0.0	0.0	0.0	0.0	0.01797348910357223	0.0	0.0	0.0	0.0	0.0	0.0	0.0	0.0	0.0	0.0	0.0	0.0	0.0	0.0	0.0	0.0
Bacteria	Actinobacteriota	Actinomycetia	Mycobacteriales	Mycobacteriaceae	Corynebacterium	Corynebacterium_variabile	0.0	0.0	0.0	0.0	0.0	0.0	0.0	0.0	0.0	0.0	0.0	0.0	0.0	0.0	0.0	0.0	0.0	0.0	0.0	0.0	0.0	0.004613200851667848	0.0	0.0	0.0	0.0	0.0	0.0	0.0	0.0	0.0	0.0	0.0	0.0	0.0	0.0	0.0	0.0	0.0	0.0	0.017215568862275443	0.0	0.0	0.0	0.0
Bacteria	Actinobacteriota	Actinomycetia	Mycobacteriales	Mycobacteriaceae	Dietzia	Dietzia_maris	0.0	0.0	0.0	0.0	0.0	0.0	0.0	0.007909875359539789	0.0	0.0	0.0	0.0	0.0	0.011566265060240962	0.0	0.0	0.0	0.0	0.0	0.0	0.0	0.0	0.0	0.0	0.0	0.0	0.0	0.0	0.0	0.0	0.0	0.0	0.005012531328320802	0.0	0.0	0.0	0.0	0.0	0.0	0.0	0.0247005988023952	0.0	0.0	0.0	0.0
Bacteria	Actinobacteriota	Actinomycetia	Mycobacteriales	Mycobacteriaceae	Gordonia	Gordonia_alkanivorans	0.0	0.0	0.0	0.0	0.0	0.0	0.0	0.0	0.0	0.0	0.0	0.009005888465535159	0.0	0.0	0.0	0.0	0.0	0.0	0.0	0.0	0.0	0.0	0.0	0.0	0.0	0.0	0.003119151590767311	0.0	0.0	0.0	0.0	0.0	0.0	0.0	0.0	0.0	0.0	0.0	0.0	0.0	0.0	0.07770124838570813	0.0	0.0	0.0
Bacteria	Actinobacteriota	Actinomycetia	Mycobacteriales	Mycobacteriaceae	Gordonia	Gordonia_bronchialis	0.0	0.0	0.0	0.0	0.0	0.0	0.0	0.0	0.0	0.0	0.0	0.0	0.0	0.0	0.0	0.0	0.0	0.0	0.0	0.0	0.0	0.0	0.0	0.0	0.0	0.0	0.0	0.0	0.0	0.0	0.0	0.0	0.0	0.0	0.0	0.0	0.0	0.0	0.0	0.0	0.005988023952095807	0.0	0.0	0.0	0.0
Bacteria	Actinobacteriota	Actinomycetia	Mycobacteriales	Mycobacteriaceae	Gordonia	Gordonia_jacobaea	0.0	0.0	0.0	0.0	0.0	0.0	0.0	0.0	0.0	0.0	0.0	0.0	0.002059025394646534	0.0	0.0	0.0	0.0	0.0	0.0	0.0	0.0	0.0	0.0	0.0	0.0	0.0	0.0	0.0	0.0	0.010209564750134334	0.0	0.0	0.0	0.0	0.0	0.0	0.0	0.0	0.0	0.0	0.0	0.0	0.0	0.0	0.0
Bacteria	Actinobacteriota	Actinomycetia	Mycobacteriales	Mycobacteriaceae	Gordonia	Gordonia_paraffinivorans	0.0	0.0	0.0	0.0	0.0	0.0	0.0	0.0	0.0	0.0	0.0	0.0	0.0	0.0	0.007344632768361582	0.0	0.0	0.0	0.0	0.0	0.0	0.0	0.0	0.0	0.0	0.0	0.0	0.0	0.0	0.0	0.0	0.0	0.0014619883040935674	0.0	0.0	0.0	0.0	0.0	0.0	0.0	0.0	0.0	0.0	0.0	0.0
Bacteria	Actinobacteriota	Actinomycetia	Mycobacteriales	Mycobacteriaceae	Gordonia	Gordonia_polyisoprenivorans	0.0	0.0	0.0	0.00028901734104046245	0.0	0.0	0.0003600360036003601	0.0	0.0005515719801434087	0.0	0.0	0.0	0.0	0.0	0.0	0.0	0.0	0.0	0.0	0.0	0.0	0.0	0.0	0.0	0.0	0.0	0.0	0.0	0.0	0.0	0.0	0.0	0.0	0.0	0.0	0.0	0.0	0.0	0.0	0.0	0.0	0.0	0.0	0.0	0.0
Bacteria	Actinobacteriota	Actinomycetia	Mycobacteriales	Mycobacteriaceae	Gordonia	Gordonia_sp002009645	0.0	0.0	0.005048805116122517	0.0	0.0	0.00035906642728904844	0.0007200720072007201	0.0	0.0009192866335723478	0.0	0.0	0.0	0.0	0.0	0.0	0.0	0.0008960573476702509	0.0	0.014925373134328358	0.0	0.0	0.0	0.0	0.0	0.0	0.0	0.0	0.0	0.0	0.0	0.0	0.0	0.0022974101921470346	0.0	0.001027115858668858	0.0	0.0	0.0	0.0	0.0	0.006736526946107782	0.0	0.0	0.0	0.0
Bacteria	Actinobacteriota	Actinomycetia	Mycobacteriales	Mycobacteriaceae	Gordonia	Gordonia_sputi	0.0	0.0	0.004039044092898013	0.0	0.0	0.0	0.0	0.0	0.0	0.0	0.0	0.0	0.03500343170899108	0.0	0.0	0.0	0.0	0.0	0.0	0.0	0.0	0.0	0.0	0.0	0.0	0.0	0.0008317737575379496	0.0	0.0	0.007522837184309509	0.0	0.0	0.0	0.0	0.0	0.0	0.0	0.0	0.0	0.0	0.0	0.0	0.0	0.0	0.0
Bacteria	Actinobacteriota	Actinomycetia	Mycobacteriales	Mycobacteriaceae	Gordonia	Gordonia_terrae	0.0	0.0	0.0	0.0	0.0	0.0	0.0	0.0	0.0	0.0	0.0	0.0	0.0	0.0	0.0	0.0	0.003136200716845878	0.0	0.0	0.0	0.0	0.0	0.0	0.0	0.0	0.0	0.0	0.0	0.0	0.0	0.0	0.0	0.0	0.00048250904704463213	0.0	0.0	0.0	0.0	0.0	0.0	0.0	0.0	0.0	0.03284416491963662	0.0
Bacteria	Actinobacteriota	Actinomycetia	Mycobacteriales	Mycobacteriaceae	Lawsonella	Lawsonella_clevelandensis_A	0.0	0.0	0.06866374957926624	0.10621387283236994	0.0	0.0013165769000598444	0.015481548154815481	0.0	0.039345467916896484	0.020537124802527645	0.008234392952891613	0.03706269483893315	0.014756348661633495	0.030843373493975902	0.039830508474576275	0.013657056145675268	0.0	0.0	0.026220250100847112	0.0	0.007703418391911411	0.019162526614620295	0.0	0.0183538858617723	0.0	0.11568627450980391	0.008941567893532959	0.0	0.0	0.06931757119828047	0.01829616923956547	0.10270700636942676	0.011278195488721806	0.062243667068757544	0.0	0.010697827518104016	0.010662038184973965	0.0	0.012971414845063655	0.0	0.19311377245508976	0.0	0.04307445956765412	0.0	0.026929982046678638
Bacteria	Actinobacteriota	Actinomycetia	Mycobacteriales	Mycobacteriaceae	Millisia	Millisia_brevis	0.0	0.0	0.0	0.0	0.0	0.0	0.0007200720072007201	0.0	0.0	0.0025276461295418644	0.0	0.0	0.0	0.0	0.0	0.0	0.0	0.0	0.0	0.0	0.0	0.0	0.0	0.0	0.0	0.0	0.0	0.0018963337547408341	0.00471804088968771	0.0	0.0	0.0	0.002088554720133668	0.0	0.0	0.0	0.0	0.0	0.0	0.0	0.0	0.0	0.0	0.0	0.0
Bacteria	Actinobacteriota	Actinomycetia	Mycobacteriales	Mycobacteriaceae	Mycobacterium	Mycobacterium_abscessus	0.0	0.0	0.0	0.0	0.0	0.0	0.0	0.0	0.0	0.0	0.0	0.0	0.0	0.0	0.0	0.0	0.0	0.0	0.0	0.0	0.0	0.0	0.0	0.0	0.0	0.0	0.0	0.0	0.0	0.0	0.0	0.0	0.0	0.0	0.0	0.0	0.0009918175055789735	0.0	0.0	0.0	0.0	0.0	0.0	0.0	0.0
Bacteria	Actinobacteriota	Actinomycetia	Mycobacteriales	Mycobacteriaceae	Mycobacterium	Mycobacterium_aurum	0.0	0.0	0.0	0.0	0.0	0.0	0.0	0.0	0.0	0.0	0.0	0.0	0.0	0.0	0.0	0.0	0.0	0.0	0.0	0.0	0.0004814636494944632	0.0	0.0	0.0	0.0	0.0	0.0	0.0	0.0	0.0	0.0	0.0	0.0	0.0	0.0	0.0	0.0	0.0	0.0	0.0	0.0	0.0	0.0	0.0	0.0
Bacteria	Actinobacteriota	Actinomycetia	Mycobacteriales	Mycobacteriaceae	Mycobacterium	Mycobacterium_bacteremicum	0.0	0.0	0.0	0.0	0.0	0.0	0.0	0.0	0.0	0.0	0.0	0.0	0.0	0.0	0.0	0.0	0.0	0.0	0.0	0.0010124019235636548	0.0	0.0	0.0	0.0	0.0	0.0	0.0	0.0	0.0	0.0	0.0	0.0	0.0	0.0	0.0	0.0	0.0	0.0	0.0	0.0	0.020209580838323346	0.0	0.0	0.0	0.0
Bacteria	Actinobacteriota	Actinomycetia	Mycobacteriales	Mycobacteriaceae	Mycobacterium	Mycobacterium_basiliense	0.0	0.0	0.0	0.00028901734104046245	0.0	0.0	0.0	0.0	0.0	0.0	0.0	0.0	0.0	0.0	0.0	0.0	0.0	0.0	0.0	0.0	0.0	0.0	0.0	0.0	0.0	0.0	0.0	0.0	0.0	0.0	0.0	0.0	0.0	0.0	0.0	0.0	0.0	0.0	0.0	0.0	0.0	0.0	0.0	0.0	0.0
Bacteria	Actinobacteriota	Actinomycetia	Mycobacteriales	Mycobacteriaceae	Mycobacterium	Mycobacterium_brisbanense	0.0	0.0	0.0	0.0	0.0	0.0	0.0	0.0	0.0	0.0	0.0	0.0	0.0	0.0	0.0005649717514124294	0.0	0.0	0.0	0.0	0.0	0.0	0.0	0.0	0.0	0.0	0.0	0.0	0.0	0.0	0.0	0.0	0.0	0.0	0.0	0.0	0.0	0.0	0.0	0.0	0.0	0.0	0.0	0.0	0.0	0.0
Bacteria	Actinobacteriota	Actinomycetia	Mycobacteriales	Mycobacteriaceae	Mycobacterium	Mycobacterium_chelonae	0.0	0.004038772213247172	0.02120498148771457	0.0	0.0	0.012447636146020347	0.0	0.0	0.0	0.0	0.0	0.0	0.0008579272477693893	0.0	0.0028248587570621473	0.004552352048558422	0.003808243727598566	0.0	0.004840661557079467	0.0	0.0	0.007097232079488998	0.0	0.0	0.0	0.002287581699346405	0.0	0.0	0.0	0.01612036539494895	0.0	0.01592356687898089	0.0	0.0024125452352231607	0.0	0.0	0.00297545251673692	0.0	0.0	0.0	0.012724550898203587	0.0	0.0019215372297838266	0.0	0.0
Bacteria	Actinobacteriota	Actinomycetia	Mycobacteriales	Mycobacteriaceae	Mycobacterium	Mycobacterium_gadium	0.0	0.0	0.0	0.0	0.0	0.0	0.0	0.0	0.0	0.0	0.0	0.0	0.0	0.0	0.0	0.0	0.0	0.0	0.0	0.0	0.0	0.0	0.0	0.0	0.0	0.0	0.0	0.0	0.0	0.0	0.0	0.0	0.0014619883040935674	0.0	0.0	0.0	0.0	0.0	0.0	0.0	0.0	0.0	0.0008006405124099279	0.0	0.0
Bacteria	Actinobacteriota	Actinomycetia	Mycobacteriales	Mycobacteriaceae	Mycobacterium	Mycobacterium_gallinarum	0.0	0.0	0.0	0.0	0.0	0.0	0.0	0.0	0.0	0.0	0.0	0.0	0.0	0.0	0.0022598870056497176	0.0	0.0	0.0	0.0	0.0	0.0	0.0	0.0	0.0	0.0	0.0	0.0	0.0	0.0	0.0	0.0	0.0	0.0	0.0	0.0	0.0	0.0	0.0	0.0	0.0	0.0	0.0	0.0	0.0	0.0
Bacteria	Actinobacteriota	Actinomycetia	Mycobacteriales	Mycobacteriaceae	Mycobacterium	Mycobacterium_gilvum	0.0	0.0	0.0	0.0	0.0	0.0	0.0	0.0	0.0	0.0	0.0	0.0	0.0	0.014939759036144576	0.0	0.0	0.0	0.0	0.0	0.0	0.0	0.0	0.0	0.0	0.0	0.0	0.0	0.0	0.0	0.0	0.0	0.0	0.0	0.0	0.0	0.0	0.0	0.0	0.0	0.0	0.0	0.0	0.0	0.0	0.0
Bacteria	Actinobacteriota	Actinomycetia	Mycobacteriales	Mycobacteriaceae	Mycobacterium	Mycobacterium_gordonae_B	0.0	0.0	0.0	0.0	0.0	0.0	0.0	0.0	0.0	0.0	0.0	0.0	0.0	0.0	0.0	0.0	0.0	0.0	0.0	0.0	0.0	0.0	0.0	0.0	0.0	0.0	0.0	0.0	0.0	0.0	0.0008576329331046312	0.0	0.0	0.0	0.0	0.0	0.0	0.0	0.0	0.0	0.0	0.0	0.0	0.0	0.0
Bacteria	Actinobacteriota	Actinomycetia	Mycobacteriales	Mycobacteriaceae	Mycobacterium	Mycobacterium_intracellulare	0.0	0.0	0.0	0.0	0.0	0.0	0.0	0.0	0.0	0.0	0.0	0.0	0.0	0.0	0.0	0.0	0.0	0.0	0.0	0.0	0.0	0.0	0.0	0.0	0.0	0.0	0.0	0.0	0.0	0.0	0.0	0.0	0.0	0.0	0.0	0.0	0.0	0.0	0.0	0.0	0.008233532934131734	0.0	0.0	0.0	0.0
Bacteria	Actinobacteriota	Actinomycetia	Mycobacteriales	Mycobacteriaceae	Mycobacterium	Mycobacterium_iranicum	0.0	0.0012116316639741514	0.008078088185796027	0.0	0.0015305146355462027	0.0	0.0	0.0	0.0	0.001895734597156398	0.0	0.0024246622791825427	0.0	0.0	0.0022598870056497176	0.0	0.0	0.0	0.0028237192416296895	0.0	0.0	0.0	0.0	0.0	0.0	0.0	0.0	0.0	0.0	0.003224073078989789	0.002858776443682104	0.0	0.0014619883040935674	0.0021712907117008447	0.0	0.0	0.001239771881973717	0.0	0.0	0.0004095004095004096	0.007485029940119758	0.0	0.0	0.0	0.004308797127468582
Bacteria	Actinobacteriota	Actinomycetia	Mycobacteriales	Mycobacteriaceae	Mycobacterium	Mycobacterium_iranicum_A	0.0	0.0	0.0	0.0	0.0	0.0	0.0	0.0	0.0	0.0	0.0	0.0	0.0	0.0	0.0	0.0	0.0	0.0	0.0	0.0	0.0	0.0	0.0	0.0	0.0	0.0	0.0	0.0	0.0	0.0	0.0	0.0	0.0	0.0	0.0	0.0	0.0	0.0	0.0	0.0	0.0	0.0	0.0	0.0	0.0025134649910233398
Bacteria	Actinobacteriota	Actinomycetia	Mycobacteriales	Mycobacteriaceae	Mycobacterium	Mycobacterium_neoaurum	0.0	0.0	0.0	0.00014450867052023122	0.0	0.0	0.0	0.0	0.0	0.0	0.0	0.0	0.0	0.0	0.0	0.0	0.0	0.0	0.0	0.0	0.0	0.0	0.0	0.0	0.0	0.0	0.0	0.0	0.0	0.0	0.0	0.0	0.0	0.0	0.0	0.0	0.0	0.0	0.0	0.0	0.0	0.0	0.0	0.0	0.0
Bacteria	Actinobacteriota	Actinomycetia	Mycobacteriales	Mycobacteriaceae	Mycobacterium	Mycobacterium_obuense	0.0	0.0	0.0	0.0	0.0	0.0	0.0	0.0	0.0	0.0	0.0	0.0	0.0	0.0	0.0005649717514124294	0.0	0.0	0.0	0.0	0.0	0.0	0.0	0.0	0.0	0.0	0.0	0.0008317737575379496	0.0	0.0	0.00537345513164965	0.0	0.0	0.0	0.0	0.0	0.0	0.0	0.0	0.0	0.0	0.0	0.0	0.0	0.0	0.0
Bacteria	Actinobacteriota	Actinomycetia	Mycobacteriales	Mycobacteriaceae	Mycobacterium	Mycobacterium_sp005222675	0.0	0.0	0.0	0.0	0.0	0.0	0.0	0.0	0.0	0.0	0.0	0.0	0.0	0.0	0.0	0.0	0.0	0.0	0.0	0.0	0.0	0.0	0.0	0.0	0.0	0.0	0.0	0.004740834386852086	0.0	0.0	0.0	0.0	0.0	0.0	0.0	0.0	0.0	0.0	0.0	0.0	0.0	0.001076194575979337	0.0	0.0	0.0
Bacteria	Actinobacteriota	Actinomycetia	Mycobacteriales	Mycobacteriaceae	Mycobacterium	Mycobacterium_tuberculosis	0.0034046692607003887	0.0016155088852988688	0.0030292830696735103	0.0008670520231213873	0.0015305146355462027	0.000478755236385398	0.0003600360036003601	0.0009587727708533077	0.0007354293068578782	0.0012638230647709322	0.0007659900421294524	0.002771042604780049	0.0006863417982155114	0.0038554216867469878	0.0011299435028248588	0.0010116337885685382	0.0020161290322580645	0.0005414185165132648	0.0028237192416296895	0.001518602885345482	0.0009629272989889264	0.0014194464158977995	0.0005299417064122947	0.0025810151993117293	0.0029990003332222587	0.00130718954248366	0.0008317737575379496	0.0037926675094816682	0.0013480116827679172	0.00214938205265986	0.0011435105774728418	0.0015923566878980893	0.0014619883040935674	0.0009650180940892643	0.0008216926869350862	0.0011520737327188942	0.0017356806347632037	0.0005058168942842691	0.0009608455440787893	0.0008190008190008192	0.00523952095808383	0.0008609556607834697	0.0006405124099279423	0.001397624039133473	0.002154398563734291
Bacteria	Actinobacteriota	Actinomycetia	Mycobacteriales	Mycobacteriaceae	Nocardia	Nocardia_cyriacigeorgica_D	0.00048638132295719845	0.0	0.0	0.0	0.0	0.0	0.00018001800180018004	0.00047938638542665386	0.00018385732671446955	0.0	0.0001914975105323631	0.0003463803255975061	0.0	0.00048192771084337347	0.0002824858757062147	0.0	0.0	0.0001353546291283162	0.0	0.0002531004808909137	0.0002407318247472316	0.00035486160397444987	0.0	0.0002867794665901922	0.0003332222592469177	0.000326797385620915	0.0	0.0	0.0004493372275893058	0.0	0.0005717552887364209	0.0003980891719745223	0.0	0.0	0.0	0.0	0.0002479543763947434	0.0	0.0	0.0002047502047502048	0.0	0.00043047783039173483	0.0	0.00034940600978336826	0.0
Bacteria	Actinobacteriota	Actinomycetia	Mycobacteriales	Mycobacteriaceae	Rhodococcus	Rhodococcus_aetherivorans	0.0	0.0	0.0	0.0	0.0	0.0	0.0	0.0	0.0	0.0	0.0	0.0	0.00017158544955387785	0.0	0.0	0.0	0.0	0.0	0.0	0.0002531004808909137	0.0	0.0	0.0	0.0	0.0	0.0	0.0	0.0	0.0	0.0	0.0	0.0	0.0	0.0	0.0	0.0	0.0	0.0	0.0	0.0	0.0	0.0	0.0	0.0	0.0
Bacteria	Actinobacteriota	Actinomycetia	Mycobacteriales	Mycobacteriaceae	Rhodococcus	Rhodococcus_qingshengii	0.0	0.0	0.0	0.0	0.0	0.0	0.0	0.0	0.0009192866335723478	0.0	0.0	0.0	0.0	0.0	0.0	0.0	0.0	0.0	0.0	0.0	0.0	0.0	0.0	0.0	0.0	0.0	0.0	0.0	0.0	0.0	0.0	0.0	0.0	0.0	0.0	0.0	0.0	0.0	0.0	0.0	0.0	0.0	0.0	0.0	0.0
Bacteria	Actinobacteriota	Actinomycetia	Mycobacteriales	Mycobacteriaceae	Rhodococcus_B	Rhodococcus_B_fascians	0.0	0.0	0.0	0.0	0.0	0.0	0.0	0.0	0.0	0.0	0.0	0.0	0.0	0.0	0.0	0.0	0.0	0.0	0.0	0.0	0.0	0.0	0.0	0.0	0.0	0.0	0.0	0.0	0.0	0.0	0.0	0.0	0.0	0.0026537997587454767	0.0	0.0	0.0	0.0	0.0	0.0	0.0	0.0	0.0	0.0	0.0
Bacteria	Actinobacteriota	Actinomycetia	Mycobacteriales	Mycobacteriaceae	Rhodococcus_C	Rhodococcus_C_kroppenstedtii	0.0	0.0	0.0	0.003468208092485549	0.0	0.0	0.0	0.0	0.0	0.0	0.0	0.0	0.0	0.0	0.0	0.0	0.0	0.0	0.0	0.0	0.0	0.0	0.0	0.0	0.0	0.0	0.0	0.0	0.0	0.0	0.0	0.0	0.0	0.0	0.0	0.0	0.0	0.0	0.0	0.0	0.0	0.0	0.0	0.0	0.0
Bacteria	Actinobacteriota	Actinomycetia	Mycobacteriales	Mycobacteriaceae	Tsukamurella	Tsukamurella_tyrosinosolvens	0.0	0.0	0.0	0.0	0.0	0.0	0.0	0.0	0.0	0.0	0.0	0.0	0.0	0.0	0.0	0.0	0.0	0.0	0.0	0.0	0.0	0.0	0.0	0.0	0.0	0.0	0.0	0.0	0.0	0.0	0.0	0.0	0.0	0.0	0.0	0.0	0.0	0.0	0.0	0.0	0.00523952095808383	0.0	0.0	0.0	0.0
Bacteria	Actinobacteriota	Actinomycetia	Mycobacteriales	Mycobacteriaceae	Williamsia	Williamsia_muralis_A	0.0	0.0	0.0	0.0	0.0	0.0	0.0003600360036003601	0.0	0.0	0.0044233807266982625	0.0	0.0	0.0	0.0	0.0	0.0	0.0	0.0	0.0	0.0	0.0	0.0	0.0	0.0	0.0	0.0	0.0	0.0	0.0	0.0	0.0	0.0023885350318471337	0.0	0.0	0.0	0.0	0.0	0.0	0.0	0.0	0.0	0.0	0.00048038430744595665	0.0	0.0
Bacteria	Actinobacteriota	Actinomycetia	Mycobacteriales	Mycobacteriaceae	YC2-7	YC2-7_sp012932915	0.0	0.0	0.0	0.0	0.0	0.0	0.0	0.0	0.0	0.0	0.0	0.0	0.0	0.0	0.0	0.0	0.0	0.0	0.0	0.0	0.0	0.0	0.0	0.0	0.0	0.0	0.0	0.0	0.0	0.0	0.0	0.0	0.0	0.0	0.0	0.0	0.0	0.0	0.0	0.0	0.0	0.00043047783039173483	0.0	0.0	0.0
Bacteria	Actinobacteriota	Actinomycetia	Mycobacteriales	Nakamurellaceae	Nakamurella	Nakamurella_multipartita	0.0	0.0	0.0	0.0	0.0	0.0	0.0	0.0	0.0	0.0022116903633491313	0.0	0.0	0.0	0.0	0.0	0.0	0.0	0.0	0.0	0.0	0.0	0.0	0.0	0.0	0.0	0.0	0.0	0.0	0.0	0.0	0.0	0.0	0.0	0.0	0.0	0.0	0.0	0.0	0.0	0.0	0.0	0.001076194575979337	0.0	0.0	0.0
Bacteria	Actinobacteriota	Actinomycetia	Mycobacteriales	Pseudonocardiaceae	Pseudonocardia	Pseudonocardia_alni	0.0	0.0	0.0	0.0	0.0	0.0	0.0	0.0	0.0	0.0	0.0	0.0	0.0	0.0	0.0	0.0	0.0	0.0	0.0	0.000759301442672741	0.0	0.0	0.0	0.0	0.0	0.0	0.0	0.0	0.0	0.0	0.0	0.0	0.0	0.0	0.0	0.0	0.0	0.0	0.0	0.0	0.0	0.0	0.0	0.0	0.0
Bacteria	Actinobacteriota	Actinomycetia	Mycobacteriales	Pseudonocardiaceae	Pseudonocardia	Pseudonocardia_ammonioxydans	0.0	0.0	0.0	0.0	0.0	0.0	0.0	0.0	0.0	0.0	0.0	0.0	0.0	0.0	0.0	0.0	0.0	0.0	0.0	0.0	0.0	0.0	0.0	0.0	0.0	0.0	0.0	0.0	0.0006740058413839586	0.0	0.0	0.0	0.0	0.0	0.0	0.0	0.0	0.0	0.0	0.0	0.009730538922155686	0.0	0.0	0.0	0.0
Bacteria	Actinobacteriota	Actinomycetia	Mycobacteriales	Pseudonocardiaceae	Pseudonocardia	Pseudonocardia_sp001420995	0.0	0.0	0.0	0.0	0.0	0.0	0.0	0.0	0.0005515719801434087	0.0	0.0	0.0	0.0	0.004337349397590361	0.0	0.0	0.0	0.0	0.0	0.0	0.0	0.0	0.0	0.0	0.0	0.0	0.0	0.0	0.0	0.0	0.0	0.0	0.0	0.0	0.0	0.0	0.0	0.0	0.0	0.0	0.0	0.0	0.0	0.0	0.0
Bacteria	Actinobacteriota	Actinomycetia	Mycobacteriales	Pseudonocardiaceae	Saccharomonospora	Saccharomonospora_isguenensis	0.0	0.0	0.0	0.0	0.0	0.0	0.0	0.0	0.0	0.0	0.0	0.0	0.0	0.0	0.0	0.0	0.001568100358422939	0.0	0.0	0.0	0.0	0.0	0.0	0.0	0.0	0.0	0.0	0.0	0.0	0.0	0.0	0.0	0.0	0.0	0.0	0.0	0.0	0.0	0.0	0.0	0.0	0.0	0.0	0.0	0.0
Bacteria	Actinobacteriota	Actinomycetia	Mycobacteriales	Pseudonocardiaceae	Saccharopolyspora	Saccharopolyspora_dendranthemae	0.0	0.0	0.0	0.0	0.0	0.0	0.0	0.0	0.0	0.0	0.0	0.0	0.0	0.0	0.0	0.0	0.0017921146953405018	0.0	0.0	0.0	0.0	0.0	0.0	0.0	0.0	0.0	0.0	0.0	0.0	0.0	0.0	0.0	0.0	0.0	0.0	0.0	0.0	0.0	0.0	0.0	0.0	0.0	0.0	0.0	0.0
Bacteria	Actinobacteriota	Actinomycetia	Mycobacteriales	Pseudonocardiaceae	Saccharopolyspora	Saccharopolyspora_sp004348435	0.0	0.0	0.0	0.0	0.0	0.0	0.0	0.0	0.0	0.0	0.0	0.0	0.0	0.0	0.0	0.0	0.0	0.0	0.0	0.0	0.0	0.0	0.0	0.0	0.0	0.0	0.0	0.0	0.0011233430689732643	0.0	0.0	0.0	0.0	0.0	0.0	0.0	0.0	0.0	0.0	0.0	0.0	0.0	0.0	0.0	0.0
Bacteria	Actinobacteriota	Actinomycetia	Mycobacteriales	SCTD01	SCTD01	SCTD01_sp902805775	0.0	0.0	0.0	0.0	0.0	0.0	0.0	0.0	0.0	0.0	0.0	0.0	0.0	0.0	0.0	0.0	0.0	0.0	0.0	0.0	0.0	0.0	0.0	0.0	0.0	0.0	0.0	0.0	0.0	0.0	0.0	0.0027866242038216563	0.0	0.0	0.0	0.0	0.0	0.0	0.0	0.0	0.0	0.0	0.0	0.0	0.0
Bacteria	Actinobacteriota	Actinomycetia	Propionibacteriales	Kribbellaceae	Kribbella	Kribbella_pittospori	0.0	0.0	0.0	0.0	0.0	0.0	0.0	0.0	0.0	0.0	0.0	0.0	0.0	0.0	0.0	0.0	0.0	0.0	0.0	0.0	0.0	0.0	0.0	0.0	0.0	0.0	0.0	0.0	0.0002246686137946529	0.0	0.0	0.0	0.0	0.0	0.0	0.0	0.0	0.0	0.0	0.0	0.0	0.0	0.0	0.0	0.0
Bacteria	Actinobacteriota	Actinomycetia	Propionibacteriales	Nocardioidaceae	Aeromicrobium	Aeromicrobium_sp000471045	0.0	0.0	0.0	0.0	0.0	0.0	0.0	0.0	0.0	0.0	0.0	0.0	0.0	0.0	0.0	0.0	0.0020161290322580645	0.0	0.0	0.0	0.0	0.0	0.0	0.0	0.0	0.0	0.0	0.0	0.0	0.0	0.0	0.0	0.0	0.0	0.0	0.0	0.0	0.0	0.0	0.0	0.0	0.0	0.0	0.0	0.0
Bacteria	Actinobacteriota	Actinomycetia	Propionibacteriales	Nocardioidaceae	Nocardioides	Nocardioides_flavus	0.0	0.0	0.0	0.0	0.0	0.0	0.0	0.0	0.0	0.0	0.0	0.0	0.0	0.0	0.0	0.0	0.002240143369175627	0.0	0.0	0.0	0.0	0.0	0.0	0.0	0.0	0.0	0.0	0.0	0.0	0.0	0.0	0.0	0.0	0.0	0.0	0.0	0.0	0.0	0.0	0.0	0.0	0.0	0.0	0.0	0.0
Bacteria	Actinobacteriota	Actinomycetia	Propionibacteriales	Nocardioidaceae	Nocardioides	Nocardioides_ganghwensis	0.0	0.0	0.0	0.0	0.0	0.0	0.0	0.0	0.0	0.0	0.0	0.0	0.0	0.0	0.0	0.0	0.0	0.0	0.0	0.0	0.0	0.0	0.0	0.0	0.0	0.0	0.0	0.0	0.0	0.0	0.0	0.0	0.0033416875522138683	0.0	0.0	0.0	0.0	0.0	0.0	0.0	0.0	0.0	0.0	0.0	0.0
Bacteria	Actinobacteriota	Actinomycetia	Propionibacteriales	Nocardioidaceae	Nocardioides	Nocardioides_glacieisoli	0.0	0.0	0.0	0.0	0.0	0.0	0.0	0.0	0.0	0.0	0.0	0.0	0.0	0.0	0.0	0.0	0.0	0.0	0.0	0.0	0.0	0.0	0.0	0.0	0.0	0.0	0.0	0.0	0.0	0.0	0.0	0.0	0.0012531328320802004	0.0007237635705669482	0.0	0.0	0.0	0.0	0.0	0.0	0.0	0.0	0.0	0.0	0.0
Bacteria	Actinobacteriota	Actinomycetia	Propionibacteriales	Nocardioidaceae	Nocardioides	Nocardioides_marinisabuli	0.0	0.0	0.0	0.0	0.0	0.0	0.0	0.0009587727708533077	0.0	0.0	0.0	0.0	0.0	0.0	0.0	0.0	0.0	0.0	0.0	0.0	0.0	0.0	0.0	0.0	0.0	0.0	0.0	0.0	0.0	0.0	0.0	0.0	0.0	0.0	0.0	0.0	0.0	0.0	0.0	0.0	0.0	0.0	0.0	0.0	0.0
Bacteria	Actinobacteriota	Actinomycetia	Propionibacteriales	Nocardioidaceae	Nocardioides	Nocardioides_sp001627335	0.0	0.0	0.0	0.0	0.0	0.0	0.0	0.0	0.0	0.0	0.0	0.0	0.0	0.0	0.0	0.0	0.0	0.0	0.0	0.0	0.0	0.0	0.0	0.0	0.0	0.0	0.0	0.0	0.0	0.0	0.0	0.0	0.0	0.0	0.0	0.0	0.0	0.0	0.0	0.0	0.02095808383233532	0.0	0.0	0.0	0.0
Bacteria	Actinobacteriota	Actinomycetia	Propionibacteriales	Nocardioidaceae	Nocardioides	Nocardioides_sp009699265	0.0	0.0	0.0	0.0	0.0	0.0	0.0	0.0	0.0	0.027488151658767772	0.0	0.0	0.0	0.0	0.0	0.0	0.037410394265232974	0.0	0.0	0.0	0.0	0.0	0.0	0.0	0.0	0.0	0.0	0.0	0.0	0.0	0.0	0.0	0.0	0.0	0.0	0.0	0.0	0.0	0.0	0.0	0.014970059880239516	0.0	0.0	0.0	0.0
Bacteria	Actinobacteriota	Actinomycetia	Propionibacteriales	Nocardioidaceae	Nocardioides	Nocardioides_sp009701885	0.0	0.0	0.0	0.0	0.0	0.0	0.0	0.0	0.0	0.0	0.0	0.0	0.0	0.0	0.0	0.0	0.0	0.0	0.0	0.0	0.0	0.0	0.0	0.0	0.0	0.0	0.0	0.0	0.0029206919793304874	0.01612036539494895	0.0	0.0	0.0	0.0	0.0	0.0	0.0	0.0	0.0	0.0	0.02844311377245508	0.0	0.0	0.0	0.004667863554757631
Bacteria	Actinobacteriota	Actinomycetia	Propionibacteriales	Nocardioidaceae	Nocardioides	Nocardioides_sp013815725	0.0	0.0	0.0	0.0	0.0	0.0	0.0	0.0	0.0	0.0	0.0	0.0	0.0	0.0	0.0	0.0	0.0008960573476702509	0.0	0.0	0.0	0.0	0.0	0.0	0.0	0.0	0.0	0.0	0.0	0.0	0.0	0.0	0.0	0.0	0.0	0.0	0.0	0.0	0.0	0.0	0.0	0.0	0.0	0.0	0.0	0.0
Bacteria	Actinobacteriota	Actinomycetia	Propionibacteriales	Propionibacteriaceae	Arachnia	Arachnia_flavescens	0.0	0.0	0.0	0.00028901734104046245	0.0	0.0	0.0	0.0	0.0	0.0	0.0	0.0	0.0	0.0	0.0	0.0	0.0	0.0	0.0	0.0	0.0	0.0	0.0	0.0	0.0	0.0	0.0	0.0	0.0	0.0	0.0	0.0	0.0	0.0	0.0	0.0	0.0	0.0	0.0	0.0	0.008233532934131734	0.0	0.0	0.0	0.0
Bacteria	Actinobacteriota	Actinomycetia	Propionibacteriales	Propionibacteriaceae	Arachnia	Arachnia_propionica	0.0	0.0	0.0	0.0	0.0	0.0	0.0	0.0	0.0	0.004739336492890996	0.0	0.0	0.0	0.0	0.0	0.0	0.0	0.0	0.0	0.0	0.0	0.005322924059616748	0.0	0.0	0.0	0.0	0.0	0.0	0.0	0.0	0.0	0.0	0.0	0.0	0.0	0.0	0.0	0.0	0.0	0.0	0.025449101796407175	0.0	0.0	0.0	0.0
Bacteria	Actinobacteriota	Actinomycetia	Propionibacteriales	Propionibacteriaceae	Arachnia	Arachnia_sp013333735	0.0	0.0	0.0	0.0	0.0	0.0	0.0	0.0	0.0	0.0	0.0	0.0	0.0	0.0	0.0	0.0	0.001568100358422939	0.0	0.0	0.0	0.0	0.0	0.0	0.0	0.0	0.0	0.0	0.0	0.0	0.0	0.0	0.0	0.0	0.0	0.0	0.0	0.0	0.0	0.0	0.0	0.13547904191616764	0.0	0.0	0.0	0.0
Bacteria	Actinobacteriota	Actinomycetia	Propionibacteriales	Propionibacteriaceae	Arachnia	Arachnia_sp013333945	0.0	0.0	0.0	0.0	0.004400229577195333	0.0	0.0	0.0	0.0	0.0	0.0	0.0	0.0	0.0	0.0	0.0	0.0	0.0	0.0	0.0	0.0	0.0	0.0	0.0	0.0	0.0	0.0	0.0	0.0	0.0	0.0	0.0	0.0	0.0	0.0	0.0	0.0	0.0	0.0	0.0	0.09655688622754488	0.0	0.0	0.0	0.0
Bacteria	Actinobacteriota	Actinomycetia	Propionibacteriales	Propionibacteriaceae	Arachnia	Arachnia_sp014164775	0.0	0.0	0.0	0.0	0.0	0.0	0.00306030603060306	0.0	0.0	0.0	0.0	0.0	0.0	0.0	0.0	0.0	0.0	0.0	0.0	0.0	0.0	0.0	0.0	0.0	0.0	0.0	0.0	0.0	0.0	0.0	0.0	0.0	0.0	0.0	0.0	0.0	0.0	0.0	0.0	0.0	0.0	0.0	0.0	0.0	0.0
Bacteria	Actinobacteriota	Actinomycetia	Propionibacteriales	Propionibacteriaceae	Arachnia	Arachnia_sp900607225	0.0	0.0	0.0	0.00043352601156069364	0.0	0.0	0.0	0.0	0.0	0.0	0.0	0.0	0.0	0.0	0.0	0.0	0.0	0.0	0.0	0.0	0.0	0.0	0.0	0.0	0.0	0.0	0.0	0.0	0.0	0.0	0.0	0.0	0.0	0.0	0.0	0.0	0.0	0.0	0.0	0.0	0.0	0.0	0.0	0.0	0.0
Bacteria	Actinobacteriota	Actinomycetia	Propionibacteriales	Propionibacteriaceae	Brevilactibacter	Brevilactibacter_sinopodophylli	0.0	0.0	0.0	0.0017341040462427746	0.0	0.0	0.0	0.0	0.0	0.0	0.0	0.015587114651887774	0.0	0.0	0.0	0.0	0.0	0.0	0.0	0.0	0.0	0.0	0.0	0.0	0.0	0.0	0.0	0.0	0.017748820489777578	0.0	0.0	0.0	0.006265664160401003	0.0	0.0	0.0	0.0	0.0	0.0	0.0	0.017964071856287418	0.0	0.0	0.0	0.0
Bacteria	Actinobacteriota	Actinomycetia	Propionibacteriales	Propionibacteriaceae	Cutibacterium	Cutibacterium_acnes	0.6639105058365758	0.3396607431340871	0.6617300572197913	0.2660404624277457	0.1999234742682227	0.04608019150209455	0.1386138613861386	1.0105465004793863	0.274498988784703	0.7949447077409163	0.12409038682497127	0.33633529615517843	0.23198352779684284	0.9450602409638553	0.49491525423728816	0.25366717248356097	0.5530913978494624	0.060097455332972394	0.6474384832593788	0.17843583902809412	0.3237843042850265	0.5063875088715399	0.035638579756226814	0.8032692859191283	0.400533155614795	0.24281045751633984	0.24329382407985028	0.2579013906447535	0.15906537856661424	1.5475550779150988	0.37735849056603776	0.7249203821656052	0.4344193817878028	0.5534378769601931	0.18426458504519308	0.10813034891375906	0.1502603520952145	0.02288821446636318	0.13331731924093201	0.29995904995905	2.037425149700598	0.3876452862677572	0.21136909527622097	0.4472396925227114	0.3447037701974866
Bacteria	Actinobacteriota	Actinomycetia	Propionibacteriales	Propionibacteriaceae	Cutibacterium	Cutibacterium_avidum	0.0	0.0	0.0	0.0	0.0	0.0	0.0	0.004314477468839884	0.0	0.0	0.0	0.0	0.0	0.0	0.0	0.0	0.0	0.0	0.0	0.0	0.0	0.0	0.0	0.0	0.0	0.0	0.0	0.0	0.0	0.0	0.0	0.0	0.0	0.0	0.0	0.0	0.0	0.0	0.0	0.0	0.0	0.0	0.0	0.0	0.0
Bacteria	Actinobacteriota	Actinomycetia	Propionibacteriales	Propionibacteriaceae	Cutibacterium	Cutibacterium_granulosum	0.0	0.013327948303715666	0.011107371255469537	0.004335260115606937	0.01109623110770997	0.0	0.0039603960396039604	0.16586768935762222	0.004044861187718331	0.011690363349131122	0.002106472615855994	0.0	0.0037748798901853127	0.026506024096385538	0.009322033898305085	0.018462316641375823	0.006496415770609319	0.0	0.022186365469947556	0.007339913945836496	0.003610977371208474	0.009226401703335696	0.0	0.007456266131344996	0.0	0.0	0.0022873778332293615	0.0	0.02201752415187598	0.04352498656636216	0.004288164665523156	0.0	0.014619883040935673	0.0330518697225573	0.008216926869350863	0.0018104015799868338	0.011653855690552939	0.0005058168942842691	0.005284650492433342	0.0051187551187551195	0.027694610778443107	0.0032285837279380112	0.0052842273819055235	0.007686932215234103	0.007899461400359067
Bacteria	Actinobacteriota	Actinomycetia	Propionibacteriales	Propionibacteriaceae	Cutibacterium	Cutibacterium_namnetense	0.0	0.0	0.0	0.0319364161849711	0.0	0.0	0.0	0.00311601150527325	0.01195072623644052	0.005371248025276461	0.015702795863653776	0.005888465535157604	0.0	0.0	0.007344632768361582	0.0	0.0	0.0	0.01573215006050827	0.0	0.009388541165142032	0.11816891412349183	0.0	0.006309148264984228	0.012662445851382872	0.0	0.0	0.05120101137800252	0.0	0.03976356797420741	0.0	0.006767515923566879	0.0018796992481203009	0.01158021712907117	0.004313886606409203	0.0036208031599736677	0.0	0.0	0.0	0.0	0.035928143712574835	0.004520017219113215	0.0027221777421937545	0.004542278127183787	0.0
Bacteria	Actinobacteriota	Actinomycetia	Propionibacteriales	Propionibacteriaceae	Luteococcus	Luteococcus_japonicus	0.0	0.0	0.0	0.0	0.0	0.0	0.0	0.0	0.0	0.0	0.0	0.0	0.0	0.0	0.0	0.0	0.0	0.0	0.0	0.0	0.0	0.0	0.0	0.0	0.0	0.0	0.0	0.0	0.0	0.0	0.0	0.0	0.0	0.0	0.0	0.0	0.0	0.0	0.0	0.0	0.0	0.0	0.0	0.010132774283717678	0.0
Bacteria	Actinobacteriota	Actinomycetia	Propionibacteriales	Propionibacteriaceae	Luteococcus	Luteococcus_sp002387005	0.0	0.0	0.0	0.0	0.0	0.0	0.0	0.0	0.0	0.0	0.0	0.0	0.0	0.006265060240963854	0.0	0.0	0.0	0.0	0.0	0.0	0.0	0.0	0.0	0.0	0.0	0.0	0.0	0.0	0.0	0.0	0.0	0.0	0.0	0.0	0.0	0.0	0.0	0.0	0.0	0.0	0.0	0.0	0.0	0.0	0.0
Bacteria	Actinobacteriota	Actinomycetia	Propionibacteriales	Propionibacteriaceae	Microlunatus	Microlunatus_phosphovorus	0.0	0.0	0.0	0.0	0.0	0.0	0.0	0.0	0.0	0.0	0.0	0.0	0.0	0.0	0.0	0.0	0.0	0.0	0.0	0.0	0.0	0.0	0.0	0.0	0.0	0.0	0.0	0.0	0.0	0.0	0.0	0.0	0.0008354218880534671	0.0	0.0	0.0	0.0	0.0	0.0	0.0	0.0	0.0	0.0	0.0	0.0
Bacteria	Actinobacteriota	Actinomycetia	Propionibacteriales	Propionibacteriaceae	Micropruina	Micropruina_glycogenica	0.0	0.0	0.0	0.0	0.0	0.0	0.0	0.0	0.0	0.0044233807266982625	0.0	0.0	0.0	0.0	0.0	0.0	0.0	0.0	0.0	0.0	0.0	0.0	0.0	0.0	0.0	0.0	0.0	0.0	0.0035946978207144465	0.0	0.0022870211549456836	0.0	0.0	0.0	0.0	0.0	0.0	0.0	0.0	0.0	0.0	0.0	0.0	0.0	0.0
Bacteria	Actinobacteriota	Actinomycetia	Propionibacteriales	Propionibacteriaceae	NML-160184	NML-160184_sp002250475	0.0	0.0	0.0	0.0	0.0030610292710924053	0.0	0.0	0.0	0.0	0.0	0.0	0.0	0.0	0.0	0.0	0.0	0.0	0.0	0.0	0.0	0.0	0.0	0.0	0.0	0.0	0.0	0.0	0.0	0.0	0.029016657710908108	0.0	0.0	0.0	0.0	0.0	0.0	0.0	0.0	0.0	0.0	0.0	0.0	0.0	0.0	0.0
Bacteria	Actinobacteriota	Actinomycetia	Propionibacteriales	Propionibacteriaceae	Naumannella	Naumannella_cuiyingiana	0.0	0.0	0.0	0.0	0.0	0.0	0.0	0.0	0.0	0.0	0.0	0.0	0.0	0.0	0.0	0.0	0.0	0.0	0.0	0.0	0.0	0.0	0.0	0.0	0.0	0.0	0.0	0.0	0.0008986744551786116	0.0	0.0	0.0	0.0	0.0	0.0	0.0	0.0	0.0	0.0	0.0	0.0	0.0	0.0	0.0	0.0
Bacteria	Actinobacteriota	Actinomycetia	Streptomycetales	Streptomycetaceae	Streptomyces	Streptomyces_chartreusis	0.0	0.0	0.0	0.0	0.0	0.0001196888090963495	0.0	0.0	0.0	0.0	0.0	0.0	0.0	0.0	0.0	0.0	0.0	0.0	0.0	0.0	0.0	0.0	0.0	0.0	0.0	0.0	0.0	0.0	0.0	0.0	0.0	0.0	0.0	0.0	0.0	0.0	0.0	0.0	0.0	0.0	0.0	0.0	0.0	0.0	0.0
Bacteria	Actinobacteriota	Actinomycetia	Streptomycetales	Streptomycetaceae	Streptomyces	Streptomyces_rochei	0.0	0.0	0.0	0.0	0.0	0.0	0.0	0.0	0.0	0.0	0.0	0.0	0.0	0.0	0.0	0.0	0.0	0.0	0.0	0.0	0.0	0.0	0.0	0.0	0.0	0.0	0.0	0.0	0.0	0.0	0.0	0.0	0.0	0.0	0.0	0.0	0.0009918175055789735	0.0	0.0	0.0	0.0	0.0	0.0	0.0	0.0
Bacteria	Actinobacteriota	Actinomycetia	Streptosporangiales	Streptosporangiaceae	Nocardiopsis	Nocardiopsis_dassonvillei	0.0	0.0	0.0	0.0	0.0	0.0	0.0	0.0	0.0	0.0	0.0	0.0	0.0	0.0	0.0	0.0	0.0	0.0	0.0	0.0	0.0	0.0	0.0	0.0	0.0	0.0	0.0	0.0	0.0	0.0	0.0	0.0	0.0	0.010132689987937274	0.0	0.0	0.0	0.0	0.0	0.0	0.0	0.0	0.0	0.0	0.0
Bacteria	Actinobacteriota	Actinomycetia	Streptosporangiales	Streptosporangiaceae	Nocardiopsis	Nocardiopsis_ganjiahuensis	0.0	0.0	0.0	0.0	0.0	0.0	0.0	0.0	0.0	0.0	0.0	0.0	0.0	0.0	0.0	0.0	0.0	0.0	0.0	0.0	0.0	0.0	0.0	0.0	0.0	0.0	0.0	0.0	0.0029206919793304874	0.0	0.0	0.0	0.0	0.0	0.0	0.0	0.0	0.0	0.0	0.0	0.0	0.0	0.0	0.0	0.0
Bacteria	Actinobacteriota	Actinomycetia	Streptosporangiales	Streptosporangiaceae	Nocardiopsis	Nocardiopsis_metallicus	0.0	0.0	0.0	0.0	0.0	0.0	0.0	0.0	0.0	0.0	0.0	0.0	0.0	0.0	0.0	0.0	0.0	0.0	0.0	0.0	0.0	0.0	0.0	0.0	0.0	0.0	0.0	0.0	0.010559424848348686	0.0	0.0	0.0	0.0	0.0	0.0	0.0	0.0	0.0	0.0	0.0	0.0	0.0	0.0	0.0	0.0
Bacteria	Actinobacteriota	Actinomycetia	Streptosporangiales	Streptosporangiaceae	Nocardiopsis	Nocardiopsis_valliformis	0.0	0.0	0.0	0.0	0.0	0.0	0.0	0.0	0.0	0.0	0.0	0.0	0.0	0.0	0.0	0.0	0.0	0.0	0.0	0.0	0.0	0.0	0.0	0.0	0.0	0.0	0.0	0.0	0.005841383958660975	0.0	0.0	0.0	0.0	0.0	0.0	0.0	0.0	0.0	0.0	0.0	0.0	0.0	0.0	0.0	0.0
Bacteria	Actinobacteriota	Coriobacteriia	Coriobacteriales	Atopobiaceae	Fannyhessea	Fannyhessea_vaginae	0.0	0.0	0.0	0.0	0.0	0.0	0.0	0.0	0.0	0.0	0.06070471083875909	0.0	0.0	0.0	0.0	0.0	0.0	0.0	0.0	0.0	0.0	0.0	0.0	0.0	0.0	0.0	0.0	0.0	0.0	0.0	0.0	0.0	0.0	0.0	0.0	0.0016458196181698488	0.0	0.0	0.0	0.0	0.0	0.0	0.0	0.0	0.0
Bacteria	Actinobacteriota	Coriobacteriia	Coriobacteriales	Atopobiaceae	Olsenella	Olsenella_uli	0.0	0.0	0.0	0.0	0.0	0.0	0.0	0.0	0.0	0.0	0.0	0.0	0.0	0.0	0.0	0.0	0.0	0.0	0.0	0.0	0.008666345690900338	0.0	0.0	0.0	0.0	0.0	0.0	0.0	0.0	0.0	0.0	0.0	0.0	0.0	0.0	0.0	0.0	0.0	0.0	0.0	0.0	0.0	0.0	0.0	0.0
Bacteria	Actinobacteriota	Coriobacteriia	Coriobacteriales	Atopobiaceae	UBA7748	UBA7748_sp003862175	0.0	0.0	0.0	0.0	0.0	0.0	0.0	0.0	0.0	0.0	0.0	0.0	0.0	0.0	0.0	0.0	0.0	0.0	0.0	0.0	0.0	0.0	0.0	0.0	0.0	0.0	0.0	0.0	0.0	0.0	0.0	0.0	0.0	0.0	0.0	0.0	0.0	0.0	0.0	0.0	0.0	0.0	0.0009607686148919133	0.0	0.0
Bacteria	Actinobacteriota	Thermoleophilia	Ga0077560	Ga0077560	SYFI01	SYFI01_sp903866425	0.0	0.0	0.0	0.0	0.0	0.0	0.0	0.0	0.0	0.0	0.0	0.0	0.0	0.0	0.0	0.0	0.0	0.0	0.0	0.0	0.0	0.0	0.0	0.0	0.0	0.0	0.0	0.0	0.0	0.0	0.0	0.0	0.0	0.0	0.0008216926869350862	0.0	0.0	0.0	0.0	0.0	0.0	0.0	0.0	0.0	0.0
Bacteria	Actinobacteriota	Thermoleophilia	Solirubrobacterales	Solirubrobacteraceae	SEOHO-28	SEOHO-28_sp003044185	0.0	0.0	0.0	0.0	0.0	0.0	0.0	0.0	0.0	0.0	0.0	0.0	0.0	0.0	0.0	0.0	0.0	0.0	0.0	0.0	0.0	0.0	0.0	0.0	0.0	0.0	0.0	0.0	0.0	0.0	0.0	0.0	0.0008354218880534671	0.0	0.0	0.0	0.0	0.0	0.0	0.0	0.0	0.0	0.0	0.0	0.0
Bacteria	Actinobacteriota	Thermoleophilia	Solirubrobacterales	Solirubrobacteraceae	VAWY01	VAWY01_sp005888335	0.0	0.0	0.0	0.00014450867052023122	0.0	0.0	0.0	0.0	0.0	0.0	0.0	0.0	0.0	0.0	0.0	0.0	0.0	0.0	0.0	0.0	0.0	0.0	0.0	0.0	0.0	0.0	0.0	0.0	0.0	0.0	0.0	0.0	0.0	0.0	0.0	0.0	0.0	0.0	0.0	0.0	0.0	0.0	0.0	0.0	0.0
Bacteria	Actinobacteriota	Thermoleophilia	Solirubrobacterales	Thermoleophilaceae	Thermoleophilum	Thermoleophilum_sp002898855	0.0	0.0	0.0	0.0	0.0	0.0	0.0	0.0	0.0	0.0	0.0	0.0	0.0	0.0	0.0	0.0	0.0	0.0	0.008874546187979023	0.0	0.0	0.0	0.0	0.0	0.0	0.0	0.0	0.0	0.0	0.0	0.0	0.0	0.0	0.0	0.0	0.0	0.0	0.0	0.0	0.0	0.0	0.0	0.0	0.0	0.0
Bacteria	Bacteroidota	Bacteroidia	Bacteroidales	Bacteroidaceae	Alloprevotella	Alloprevotella_tannerae	0.0	0.0	0.0	0.0	0.0	0.0	0.0	0.0	0.0	0.0	0.0	0.0	0.0	0.0	0.0	0.0	0.0	0.0	0.0	0.0	0.024073182474723162	0.0	0.0	0.0	0.0	0.0	0.002703264711998336	0.0	0.0	0.0	0.0	0.0	0.0	0.0	0.0	0.0	0.0	0.0	0.0	0.0	0.0	0.0	0.0	0.0	0.0
Bacteria	Bacteroidota	Bacteroidia	Bacteroidales	Bacteroidaceae	Bacteroides	Bacteroides_caccae	0.0	0.0	0.0	0.0	0.0	0.0	0.0	0.0	0.0	0.0	0.0	0.0	0.0	0.0	0.0	0.0	0.0	0.0	0.0	0.0	0.024073182474723162	0.0	0.0	0.0	0.0	0.0	0.0	0.0	0.0	0.0	0.0	0.0	0.0	0.0	0.0	0.0	0.0	0.0	0.0	0.0	0.0	0.0	0.0	0.0	0.0
Bacteria	Bacteroidota	Bacteroidia	Bacteroidales	Bacteroidaceae	Bacteroides	Bacteroides_fragilis	0.0	0.0	0.0	0.0	0.0	0.0	0.0	0.0	0.0	0.0	0.0	0.0	0.0	0.0	0.0	0.0	0.0	0.0	0.0	0.0	0.05416466056812711	0.0	0.0	0.0	0.0	0.0	0.0	0.0	0.0	0.0	0.0	0.0	0.0	0.0	0.0	0.0	0.0	0.0	0.0	0.0	0.0	0.0	0.0	0.0	0.0
Bacteria	Bacteroidota	Bacteroidia	Bacteroidales	Bacteroidaceae	Bacteroides	Bacteroides_graminisolvens	0.0	0.0	0.0	0.0	0.0	0.0	0.0	0.0	0.0	0.0	0.0	0.0	0.0	0.0	0.0	0.0	0.0	0.0	0.0	0.0	0.0	0.006032647267565648	0.0	0.0	0.0026657780739753416	0.0	0.0	0.0	0.0	0.0	0.0	0.0	0.0	0.0	0.0	0.0	0.0	0.0	0.0	0.0	0.0	0.0	0.0	0.0	0.0
Bacteria	Bacteroidota	Bacteroidia	Bacteroidales	Bacteroidaceae	Bacteroides	Bacteroides_nordii	0.0	0.0	0.0	0.0	0.0	0.0	0.0	0.0	0.0	0.0	0.0	0.0	0.0	0.0	0.0	0.0	0.0	0.0	0.0	0.0	0.0	0.0	0.0	0.0	0.0	0.0	0.0	0.0041087231352718075	0.0	0.0	0.0	0.0	0.0	0.0	0.0	0.0	0.0	0.0	0.0	0.0	0.0	0.0	0.0	0.0	0.0
Bacteria	Bacteroidota	Bacteroidia	Bacteroidales	Bacteroidaceae	Bacteroides	Bacteroides_ovatus	0.0	0.0	0.0	0.0	0.0	0.0	0.0	0.0	0.0	0.0	0.0	0.0	0.0	0.0	0.05960451977401131	0.0	0.0	0.0	0.0	0.0	0.0	0.0	0.0	0.0	0.0	0.0	0.0	0.0	0.0	0.0	0.0	0.0	0.0	0.0359469240048251	0.0	0.0	0.0	0.0	0.0	0.0	0.0	0.0	0.0	0.0	0.0
Bacteria	Bacteroidota	Bacteroidia	Bacteroidales	Bacteroidaceae	Bacteroides	Bacteroides_reticulotermitis	0.0	0.0	0.0	0.0	0.0	0.0	0.0	0.0	0.0	0.0	0.0	0.0	0.0	0.0	0.004519774011299435	0.0	0.0	0.0	0.0	0.0	0.0	0.0	0.0	0.0	0.0	0.0	0.0	0.0	0.0	0.0	0.0	0.0	0.0	0.0	0.0	0.0	0.0	0.0	0.0	0.0	0.0	0.0	0.0	0.0	0.0
Bacteria	Bacteroidota	Bacteroidia	Bacteroidales	Bacteroidaceae	Bacteroides	Bacteroides_salyersiae	0.0	0.0	0.0	0.0	0.0	0.0	0.0	0.0	0.0	0.0	0.0	0.0	0.0	0.0	0.0	0.0	0.0	0.0	0.0	0.0	0.01781415503129514	0.0	0.0	0.0	0.0	0.0	0.0	0.0	0.0	0.0	0.0	0.0	0.0	0.0	0.0	0.0	0.0	0.0	0.0	0.0	0.0	0.0	0.0	0.0	0.0
Bacteria	Bacteroidota	Bacteroidia	Bacteroidales	Bacteroidaceae	Bacteroides	Bacteroides_sp007896885	0.0	0.0	0.0	0.012283236994219654	0.0	0.0	0.0	0.0	0.005699577128148556	0.0	0.0	0.0	0.0	0.0	0.013276836158192092	0.0	0.0	0.0	0.0	0.0	0.0	0.0	0.0	0.0	0.08030656447850716	0.025163398692810455	0.0	0.10335018963337547	0.0	0.0	0.0	0.0	0.0	0.003860072376357057	0.0	0.0	0.040416563352343164	0.0	0.0	0.0	0.0	0.0	0.0	0.0	0.06965888689407541
Bacteria	Bacteroidota	Bacteroidia	Bacteroidales	Bacteroidaceae	Bacteroides	Bacteroides_sp009929715	0.0	0.0	0.0	0.0	0.0	0.0	0.0	0.0	0.0	0.0	0.0	0.0	0.0	0.0	0.0	0.0	0.0	0.0	0.0	0.0	0.0	0.0	0.0	0.0	0.0	0.0	0.0	0.0041087231352718075	0.0	0.0	0.0	0.0	0.0	0.0	0.0	0.0	0.003223406893131664	0.0	0.0	0.0	0.0	0.0	0.0	0.0	0.0
Bacteria	Bacteroidota	Bacteroidia	Bacteroidales	Bacteroidaceae	Bacteroides	Bacteroides_sp900765785	0.0	0.0	0.0	0.0	0.0	0.0	0.0	0.0	0.0	0.0	0.0	0.0	0.0	0.0	0.0	0.0	0.0	0.0	0.0	0.0	0.0	0.0	0.0	0.0	0.0066644451849383534	0.0	0.0	0.007901390644753477	0.0	0.0	0.0	0.0	0.0	0.0	0.0	0.0	0.00595090503347384	0.0	0.0	0.0	0.0	0.0	0.0	0.0	0.007181328545780971
Bacteria	Bacteroidota	Bacteroidia	Bacteroidales	Bacteroidaceae	Bacteroides	Bacteroides_sp900766195	0.0	0.0	0.0	0.0	0.0	0.0	0.0	0.0	0.0	0.0	0.0	0.0	0.0	0.0	0.0	0.0	0.0	0.0	0.0	0.0	0.0	0.0	0.0	0.0	0.015994668443852045	0.0	0.0	0.020227560050568902	0.0	0.0	0.0	0.0	0.0	0.0	0.0	0.0	0.0	0.0	0.0	0.0	0.0	0.0	0.0	0.0	0.011490125673249554
Bacteria	Bacteroidota	Bacteroidia	Bacteroidales	Bacteroidaceae	Bacteroides	Bacteroides_thetaiotaomicron	0.0	0.0	0.0	0.0	0.0	0.0	0.0	0.0	0.0	0.017061611374407586	0.0	0.0	0.0	0.0	0.037005649717514126	0.0	0.0	0.0	0.016942315449778134	0.0	0.013240250361097737	0.0	0.0	0.0	0.0	0.0	0.0047826991058432106	0.0	0.0	0.0	0.0	0.0	0.0	0.01905910735826297	0.0	0.0	0.0	0.0	0.0	0.0	0.0	0.0	0.0	0.0	0.0
Bacteria	Bacteroidota	Bacteroidia	Bacteroidales	Bacteroidaceae	Bacteroides	Bacteroides_uniformis	0.0	0.0	0.0	0.0	0.0	0.0	0.0	0.0	0.0	0.0	0.0	0.0	0.0	0.0	0.00536723163841808	0.0	0.0	0.0	0.0	0.0	0.005777563793933558	0.0	0.0	0.0	0.0	0.0	0.0	0.005372945638432364	0.0	0.0	0.0	0.0	0.0	0.0	0.0	0.0	0.0	0.0	0.0	0.0	0.0	0.0	0.0	0.0	0.0
Bacteria	Bacteroidota	Bacteroidia	Bacteroidales	Bacteroidaceae	F0040	F0040_sp000318095	0.0	0.0	0.0	0.0	0.0	0.0	0.0	0.0	0.0	0.0	0.0	0.0	0.0	0.0	0.0	0.0	0.0	0.0	0.0	0.0	0.0	0.0	0.0	0.0	0.0	0.0	0.0035350384695362856	0.0	0.0	0.0	0.0	0.0	0.0	0.0	0.0	0.0	0.0	0.0	0.0	0.0	0.0	0.0	0.0	0.0	0.0
Bacteria	Bacteroidota	Bacteroidia	Bacteroidales	Bacteroidaceae	JAAYUD01	JAAYUD01_sp012517855	0.0	0.0	0.0	0.014595375722543352	0.0	0.0	0.0	0.0	0.005148005148005147	0.0	0.0	0.0	0.0	0.0	0.0	0.0	0.0	0.0	0.0	0.0	0.0	0.0	0.0	0.0	0.06764411862712429	0.01830065359477124	0.0	0.09070796460176991	0.0	0.0	0.0	0.0	0.0	0.0	0.0	0.012014483212639896	0.054549962806843544	0.0	0.0	0.0	0.0	0.0	0.0	0.0	0.04667863554757631
Bacteria	Bacteroidota	Bacteroidia	Bacteroidales	Bacteroidaceae	Prevotella	Prevotella_conceptionensis	0.0	0.0	0.0	0.0	0.0	0.0	0.0	0.0	0.0	0.0	0.0	0.0	0.0	0.0	0.0	0.0	0.0	0.0	0.0	0.0	0.0	0.0	0.0	0.0	0.0	0.0	0.0	0.0	0.0	0.0	0.0	0.0	0.0	0.00554885404101327	0.0	0.0	0.0	0.0	0.0	0.0	0.011976047904191614	0.0	0.0	0.0	0.0
Bacteria	Bacteroidota	Bacteroidia	Bacteroidales	Bacteroidaceae	Prevotella	Prevotella_histicola	0.0	0.0	0.0	0.0	0.0	0.0	0.0	0.0	0.0	0.0	0.0	0.0	0.0	0.0	0.0	0.010875063227111787	0.0	0.0	0.0	0.0	0.0	0.0	0.0	0.0	0.0	0.0	0.0	0.0	0.0	0.0	0.0	0.0	0.0	0.0	0.0	0.0	0.0	0.0	0.0	0.0	0.0	0.0	0.0052842273819055235	0.0	0.0
Bacteria	Bacteroidota	Bacteroidia	Bacteroidales	Bacteroidaceae	Prevotella	Prevotella_intermedia	0.0	0.0	0.0	0.0	0.00286971494164913	0.0	0.0	0.0	0.0	0.0	0.0	0.0	0.0	0.0	0.0	0.0	0.0	0.0	0.0	0.0	0.0	0.0	0.0	0.0	0.0	0.0	0.0	0.0	0.0	0.0	0.0	0.0	0.002088554720133668	0.0	0.0	0.0	0.0	0.0	0.0	0.0	0.05688622754491016	0.0	0.0	0.0	0.0
Bacteria	Bacteroidota	Bacteroidia	Bacteroidales	Bacteroidaceae	Prevotella	Prevotella_loescheii	0.0	0.0	0.0	0.0	0.0	0.0	0.0	0.0	0.0	0.0	0.0	0.0	0.0	0.0	0.0	0.0	0.0	0.0	0.0	0.0	0.0	0.0	0.0	0.0	0.0	0.0	0.0	0.0	0.0	0.0	0.0	0.0	0.0	0.0	0.0	0.0	0.0	0.0	0.0	0.0	0.01571856287425149	0.0	0.0	0.0	0.0
Bacteria	Bacteroidota	Bacteroidia	Bacteroidales	Bacteroidaceae	Prevotella	Prevotella_melaninogenica	0.0	0.0	0.0	0.0	0.0	0.0	0.0	0.0	0.0	0.0	0.0	0.0	0.0	0.0	0.0	0.0	0.0	0.0	0.0	0.0	0.0045739046701974	0.0	0.0	0.0	0.0	0.0	0.0	0.0	0.0	0.0	0.0	0.0	0.0	0.0	0.0	0.0	0.02851475328539549	0.0	0.0	0.0	0.0	0.0	0.0	0.0	0.0
Bacteria	Bacteroidota	Bacteroidia	Bacteroidales	Bacteroidaceae	Prevotella	Prevotella_nanceiensis	0.0	0.0	0.0	0.0	0.0	0.0	0.0	0.0	0.0	0.0	0.0	0.0	0.0	0.0	0.0	0.0	0.0	0.0	0.0	0.0	0.0	0.0	0.0	0.0	0.0	0.0	0.0	0.0	0.0	0.0	0.0	0.0	0.0	0.0	0.0	0.0	0.007934540044631788	0.0	0.0	0.0	0.0	0.0	0.0	0.0	0.0
Bacteria	Bacteroidota	Bacteroidia	Bacteroidales	Bacteroidaceae	Prevotella	Prevotella_oralis	0.0	0.0	0.0	0.0	0.0	0.0	0.0	0.0	0.0	0.0	0.0	0.0	0.0	0.0	0.0	0.0	0.0	0.0	0.0	0.0	0.004092441020702937	0.0	0.0	0.0	0.0	0.0	0.0	0.0	0.0	0.0	0.0	0.0	0.0	0.0	0.0	0.0	0.0	0.0	0.0019216910881575786	0.0	0.0	0.0	0.0	0.0	0.0
Bacteria	Bacteroidota	Bacteroidia	Bacteroidales	Bacteroidaceae	Prevotella	Prevotella_oris	0.0	0.0	0.0	0.0	0.0	0.0	0.0	0.0	0.0	0.0	0.0	0.0	0.0	0.0	0.0	0.0	0.0	0.0	0.0	0.0	0.0	0.0	0.0	0.0	0.0	0.0	0.0024953212726138486	0.0	0.0	0.0	0.0	0.0	0.0	0.0	0.0	0.0	0.0	0.0	0.0	0.0	0.0	0.0	0.0	0.0	0.0
Bacteria	Bacteroidota	Bacteroidia	Bacteroidales	Bacteroidaceae	Prevotella	Prevotella_paludivivens	0.0	0.0	0.0	0.07442196531791907	0.0	0.0	0.0	0.0	0.039897039897039896	0.0	0.0	0.0	0.0	0.0	0.0	0.0	0.0	0.0	0.0	0.0	0.0	0.0	0.0	0.0	0.28557147617460843	0.130718954248366	0.0	0.3106826801517067	0.0	0.0	0.0	0.08160828025477708	0.0	0.0	0.0	0.030118499012508234	0.19861145549218945	0.0	0.0	0.0	0.0	0.0	0.0	0.0	0.28725314183123885
Bacteria	Bacteroidota	Bacteroidia	Bacteroidales	Bacteroidaceae	Prevotella	Prevotella_pleuritidis	0.0	0.0	0.0	0.0	0.0	0.0	0.0	0.0	0.0	0.0	0.0	0.0	0.0	0.0	0.0	0.0	0.0	0.0	0.0	0.0	0.0	0.0	0.0	0.0	0.0	0.0	0.0	0.0	0.0	0.016657710908113913	0.0	0.0	0.0	0.0	0.0	0.0	0.0	0.0	0.0	0.0	0.0	0.0	0.0	0.0	0.0
Bacteria	Bacteroidota	Bacteroidia	Bacteroidales	Bacteroidaceae	Prevotella	Prevotella_salivae	0.0	0.0	0.0	0.0	0.0	0.0	0.0	0.0	0.0	0.0	0.0	0.0	0.0	0.0	0.0	0.0	0.0	0.03559826746074716	0.0	0.0	0.003610977371208474	0.0	0.0	0.0	0.0	0.0	0.0	0.0	0.0	0.0	0.0	0.0	0.0	0.0	0.0	0.0	0.0	0.0	0.0	0.0	0.0	0.0	0.0	0.0	0.0
Bacteria	Bacteroidota	Bacteroidia	Bacteroidales	Bacteroidaceae	Prevotella	Prevotella_sp000257925	0.0	0.0	0.0	0.0014450867052023123	0.0	0.0	0.0	0.0	0.0	0.0	0.0	0.0	0.0	0.0	0.0	0.0	0.0	0.0	0.0	0.0	0.0	0.0	0.0	0.0	0.0	0.0	0.0	0.0	0.0	0.0	0.0	0.0	0.0	0.0	0.0	0.0	0.0	0.0	0.0	0.0	0.0	0.0	0.0	0.0	0.0
Bacteria	Bacteroidota	Bacteroidia	Bacteroidales	Bacteroidaceae	Prevotella	Prevotella_sp002317385	0.0	0.0	0.0	0.0	0.0	0.0	0.0	0.0	0.0	0.0	0.0	0.0	0.0	0.0	0.0	0.0	0.0	0.0	0.0	0.0	0.0	0.0	0.0	0.0	0.0	0.0	0.0	0.0	0.0	0.0	0.0	0.0	0.0	0.0	0.0	0.0	0.0009918175055789735	0.0	0.0	0.0	0.0	0.0	0.0	0.0	0.0
Bacteria	Bacteroidota	Bacteroidia	Bacteroidales	Bacteroidaceae	Prevotella	Prevotella_sp002407775	0.0	0.0	0.0	0.0	0.0	0.0	0.0	0.0	0.0	0.0	0.0	0.0	0.0	0.0	0.0	0.0	0.0	0.0	0.0	0.0	0.0	0.0	0.0	0.0	0.0	0.0	0.0	0.005689001264222503	0.0	0.0	0.0	0.0	0.0	0.0	0.0	0.0	0.0	0.0	0.0	0.0	0.0	0.0	0.0	0.0	0.0
Bacteria	Bacteroidota	Bacteroidia	Bacteroidales	Bacteroidaceae	Prevotella	Prevotella_sp002409785	0.0	0.0	0.0	0.03916184971098266	0.0	0.0	0.0	0.0	0.018937304651590364	0.0	0.0	0.0	0.0	0.0	0.0	0.0	0.0	0.0	0.0	0.0	0.0	0.0	0.0	0.0	0.20259913362212595	0.07549019607843135	0.0	0.1918457648546144	0.0	0.0	0.0	0.050955414012738856	0.0	0.0	0.0	0.016951942067149443	0.12496900570295066	0.0	0.0	0.0	0.0	0.0	0.0	0.0	0.1576301615798923
Bacteria	Bacteroidota	Bacteroidia	Bacteroidales	Bacteroidaceae	Prevotella	Prevotella_sp003483565	0.0	0.0	0.0	0.025722543352601157	0.0	0.0	0.0	0.0	0.013053870196727338	0.0	0.0	0.0	0.0	0.0	0.0	0.0	0.0	0.0	0.0	0.0	0.0	0.0	0.0	0.0	0.07730756414528489	0.0	0.0	0.08470290771175727	0.0	0.0	0.0	0.0	0.0	0.0	0.0	0.0	0.05752541532358046	0.0	0.0	0.0	0.0	0.0	0.0	0.0	0.08976660682226213
Bacteria	Bacteroidota	Bacteroidia	Bacteroidales	Bacteroidaceae	Prevotella	Prevotella_sp900315835	0.0	0.0	0.0	0.0	0.0	0.0	0.0	0.0	0.0	0.0	0.0	0.0	0.0	0.0	0.0	0.0	0.0	0.0	0.0	0.0	0.0	0.0	0.0	0.0	0.0036654448517160947	0.0	0.0	0.004740834386852086	0.0	0.0	0.0	0.0	0.0	0.0	0.0	0.0	0.0	0.0	0.0	0.0	0.0	0.0	0.0	0.0	0.0
Bacteria	Bacteroidota	Bacteroidia	Bacteroidales	Bacteroidaceae	Prevotella	Prevotella_timonensis_A	0.0	0.0	0.0	0.0	0.0	0.0	0.0	0.0	0.0	0.0	0.0013404825737265416	0.0	0.0	0.0	0.0	0.0	0.0	0.0	0.0	0.0	0.0	0.0	0.0	0.0	0.0	0.0	0.0	0.0	0.0	0.0	0.0	0.0	0.0	0.0	0.0	0.0	0.0	0.0	0.0	0.0	0.0	0.0	0.0	0.0	0.0
Bacteria	Bacteroidota	Bacteroidia	Bacteroidales	Barnesiellaceae	Barnesiella	Barnesiella_intestinihominis	0.0	0.0	0.0	0.0	0.0	0.0	0.0	0.0	0.0	0.0	0.0	0.0	0.0	0.0	0.0	0.0	0.0	0.0	0.0	0.0	0.003610977371208474	0.0	0.0	0.0	0.0	0.0	0.0	0.0	0.0	0.0	0.0	0.0	0.0	0.0	0.0	0.0	0.0	0.0	0.0	0.0	0.0	0.0	0.0	0.0	0.0
Bacteria	Bacteroidota	Bacteroidia	Bacteroidales	Dysgonomonadaceae	Dysgonomonas	Dysgonomonas_capnocytophagoides	0.0	0.0	0.0	0.0	0.0	0.0	0.0	0.0	0.0	0.0	0.0	0.0	0.0	0.0	0.003672316384180791	0.0	0.0	0.0	0.0	0.0	0.0	0.0	0.0	0.0	0.0	0.0	0.0	0.0	0.0	0.0	0.0	0.0	0.0	0.0	0.0	0.0	0.0	0.0	0.0	0.0	0.0	0.0	0.0	0.0	0.0
Bacteria	Bacteroidota	Bacteroidia	Bacteroidales	Dysgonomonadaceae	Dysgonomonas	Dysgonomonas_sp900079735	0.0	0.0	0.0	0.0	0.0	0.0	0.0	0.0	0.0	0.0	0.0	0.0	0.0	0.0	0.018361581920903956	0.0	0.0	0.0	0.0	0.0	0.0	0.0	0.0	0.0	0.0	0.0	0.0	0.0	0.0	0.0	0.0	0.0	0.0	0.017129071170084442	0.0	0.0	0.0	0.0	0.0	0.0	0.0	0.0	0.0	0.0	0.0
Bacteria	Bacteroidota	Bacteroidia	Bacteroidales	Marinifilaceae	Odoribacter	Odoribacter_splanchnicus	0.0	0.0	0.0	0.0	0.0	0.0	0.0	0.0	0.0	0.0	0.0	0.0	0.0	0.0	0.0	0.0	0.0	0.0	0.0	0.0	0.0038517091959557057	0.0	0.0	0.0	0.0	0.0	0.0	0.0	0.0	0.0	0.0	0.0	0.0	0.0	0.0	0.0	0.0	0.0	0.0	0.0	0.0	0.0	0.0	0.0	0.0
Bacteria	Bacteroidota	Bacteroidia	Bacteroidales	Marinilabiliaceae	Saccharicrinis	Saccharicrinis_sediminis	0.0	0.0	0.0	0.0	0.0	0.0	0.0	0.0	0.0	0.0	0.0	0.0	0.0	0.0	0.0	0.0	0.0	0.0	0.0060508269463493344	0.0	0.0	0.0	0.0	0.0	0.0	0.0	0.0	0.0	0.0	0.0	0.0	0.0	0.0	0.0	0.0	0.0	0.0037193156459211507	0.0	0.0	0.0	0.0	0.0	0.0	0.0	0.0
Bacteria	Bacteroidota	Bacteroidia	Bacteroidales	Porphyromonadaceae	Porphyromonas	Porphyromonas_endodontalis	0.0	0.0	0.0	0.0	0.0	0.0	0.0	0.0	0.0	0.0	0.0	0.0	0.0	0.0	0.0	0.0	0.0	0.0	0.0	0.0	0.0	0.0	0.0	0.0	0.0	0.0	0.0	0.0	0.0	0.0	0.0	0.0	0.0	0.02388419782870929	0.0	0.0	0.0	0.0	0.0	0.0	0.04116766467065867	0.0	0.0	0.0	0.0
Bacteria	Bacteroidota	Bacteroidia	Bacteroidales	Porphyromonadaceae	Porphyromonas	Porphyromonas_gingivalis	0.0	0.0	0.0	0.0007225433526011561	0.0	0.0	0.0	0.0	0.0	0.0	0.0	0.0	0.0	0.0	0.0	0.0	0.012992831541218637	0.0	0.04921339249697459	0.0	0.26239768897448246	0.0	0.0	0.0	0.0	0.0	0.0	0.0	0.0	0.0	0.0	0.0	0.002088554720133668	0.0	0.0	0.0	0.00595090503347384	0.0	0.0	0.0	0.0	0.0	0.0	0.0	0.0
Bacteria	Bacteroidota	Bacteroidia	Bacteroidales	Porphyromonadaceae	Porphyromonas	Porphyromonas_pasteri	0.0	0.0	0.0	0.0	0.0	0.0	0.0	0.0	0.0	0.0	0.0	0.0	0.0017158544955387786	0.0	0.0039548022598870055	0.0	0.0	0.0	0.0	0.0	0.0	0.0	0.0	0.0	0.0	0.0	0.0	0.0	0.0	0.020419129500268668	0.0	0.0	0.0	0.0	0.0	0.0	0.004711133151500124	0.0	0.0	0.0	1.0007485029940117	0.0	0.0	0.0	0.0
Bacteria	Bacteroidota	Bacteroidia	Bacteroidales	Porphyromonadaceae	Porphyromonas	Porphyromonas_sp003640335	0.0	0.0	0.0	0.0023121387283236996	0.0	0.0	0.0	0.0	0.0	0.0	0.0	0.0	0.0	0.0	0.0	0.0	0.0	0.0	0.0	0.0	0.0	0.0	0.0	0.0	0.0	0.0	0.0	0.0	0.0	0.0	0.0	0.0	0.0	0.0	0.0	0.0	0.0	0.0	0.0	0.0	0.0	0.0	0.0	0.0	0.0
Bacteria	Bacteroidota	Bacteroidia	Bacteroidales	Porphyromonadaceae	Porphyromonas	Porphyromonas_sp900539155	0.0	0.0	0.0	0.0	0.0	0.0	0.0	0.0	0.0	0.0	0.0	0.0	0.0	0.0	0.0	0.0	0.0	0.0	0.0	0.0	0.0	0.0	0.0	0.0	0.0	0.0	0.0	0.0	0.0	0.02364320257925846	0.0	0.0	0.0	0.0	0.0	0.0	0.0	0.0	0.0	0.0	0.0	0.0	0.0	0.0	0.0
Bacteria	Bacteroidota	Bacteroidia	Bacteroidales	Prolixibacteraceae	Draconibacterium	Draconibacterium_luteus	0.0	0.0	0.0	0.0	0.0	0.0	0.0	0.0	0.0	0.0	0.0	0.0	0.0	0.0	0.0	0.0	0.0	0.0	0.0	0.0	0.0	0.0	0.0	0.0	0.0	0.0	0.0	0.0	0.0	0.0	0.0	0.0	0.0	0.0	0.0006162695152013146	0.0	0.0	0.0	0.0	0.0	0.0	0.0	0.0	0.0	0.0
Bacteria	Bacteroidota	Bacteroidia	Bacteroidales	Prolixibacteraceae	Puteibacter	Puteibacter_caeruleilacunae	0.0	0.0	0.0	0.0	0.0	0.0	0.0	0.0	0.0	0.0	0.0	0.0	0.0	0.0	0.0	0.0	0.0	0.0	0.005244050020169423	0.0	0.0	0.0	0.0	0.0	0.0	0.0	0.0	0.0	0.0	0.0	0.0	0.0	0.0	0.0	0.0	0.0	0.006694768162658071	0.0	0.0	0.0	0.0	0.0	0.0	0.0	0.0
Bacteria	Bacteroidota	Bacteroidia	Bacteroidales	Rikenellaceae	Alistipes_A	Alistipes_A_indistinctus	0.0	0.0	0.0	0.0	0.0	0.0	0.0	0.0	0.0	0.0	0.0	0.0	0.0	0.0	0.0	0.0	0.0	0.0	0.0	0.0	0.0050553683196918634	0.0	0.0	0.0	0.0	0.0	0.0	0.0	0.0	0.0	0.0	0.0	0.0	0.0	0.0	0.0	0.0	0.0	0.0	0.0	0.0	0.0	0.0	0.0	0.0
Bacteria	Bacteroidota	Bacteroidia	Bacteroidales	Tannerellaceae	Macellibacteroides	Macellibacteroides_fermentans	0.0	0.0	0.0	0.0	0.0	0.0	0.0	0.0	0.0	0.0	0.0	0.0	0.0	0.0	0.0	0.0	0.0	0.0	0.0	0.0	0.0	0.0	0.0	0.0	0.0	0.0	0.0	0.0	0.0	0.0	0.0	0.0	0.0	0.0012062726176115804	0.0	0.0	0.0	0.0	0.0	0.0	0.0	0.0	0.0	0.0	0.0
Bacteria	Bacteroidota	Bacteroidia	Bacteroidales	Tannerellaceae	Parabacteroides	Parabacteroides_distasonis	0.0	0.0	0.0	0.0	0.0	0.0	0.0	0.0	0.0	0.0	0.0	0.0	0.0	0.0	0.0	0.0	0.0	0.0	0.0	0.0	0.023350987000481466	0.0	0.0	0.0	0.0	0.0	0.0	0.0	0.0	0.0	0.0	0.0	0.0	0.0	0.0	0.0	0.0	0.0	0.0	0.0	0.0	0.0	0.0	0.0	0.0
Bacteria	Bacteroidota	Bacteroidia	Bacteroidales	Tannerellaceae	Tannerella	Tannerella_forsythia	0.0	0.0	0.0	0.0	0.0	0.0	0.0	0.0	0.0	0.0	0.0	0.0	0.0	0.0	0.0	0.0	0.0	0.0	0.0	0.0	0.0019258545979778528	0.0	0.0	0.0	0.0	0.0	0.0	0.0	0.0	0.0	0.0	0.0	0.0	0.0	0.0	0.0	0.0	0.0	0.0	0.0	0.017215568862275443	0.0	0.0	0.0	0.0
Bacteria	Bacteroidota	Bacteroidia	Bacteroidales	Tannerellaceae	Tannerella	Tannerella_sp003033925	0.0	0.0	0.0	0.0	0.0	0.0	0.0	0.0	0.0	0.0	0.0	0.0	0.0	0.0	0.0	0.0	0.0	0.0	0.0028237192416296895	0.0	0.0	0.018097941802696946	0.0	0.0	0.0	0.0	0.0	0.0	0.0	0.0	0.0	0.0	0.0	0.0	0.0	0.0011520737327188942	0.0	0.0	0.0	0.0014332514332514334	0.032934131736526935	0.0	0.0	0.0	0.0
Bacteria	Bacteroidota	Bacteroidia	Bacteroidales	UBA932	RC9	RC9_sp002298075	0.0	0.0	0.0	0.0	0.0	0.0	0.0	0.0	0.0	0.0	0.0	0.0	0.0	0.0	0.0	0.0	0.0	0.0	0.0	0.0	0.0	0.0	0.0	0.0	0.0	0.0	0.003119151590767311	0.0	0.0	0.0	0.0	0.0	0.0	0.0	0.0	0.0	0.0	0.0	0.0	0.0	0.0	0.0	0.0	0.0	0.0
Bacteria	Bacteroidota	Bacteroidia	Chitinophagales	Chitinophagaceae	UBA3961	UBA3961_sp011357845	0.0	0.0	0.0	0.0	0.0	0.0	0.0	0.0	0.0	0.0	0.0	0.0	0.001029512697323267	0.0	0.0	0.0	0.0	0.0	0.0	0.0	0.0	0.0	0.0	0.0	0.0	0.0	0.0	0.0	0.0	0.0	0.0017152658662092624	0.0	0.0	0.0	0.0	0.0	0.0	0.0	0.0	0.0	0.0	0.0	0.0	0.0	0.0
Bacteria	Bacteroidota	Bacteroidia	Cytophagales	Cyclobacteriaceae	Cecembia	Cecembia_lonarensis	0.0	0.0	0.0	0.0	0.0	0.0	0.0	0.0	0.0	0.0	0.0	0.0	0.0	0.0	0.0	0.0	0.0	0.0	0.0	0.0	0.0	0.0	0.0	0.0	0.0	0.0	0.0	0.0	0.0	0.0	0.0	0.0	0.0	0.0	0.0	0.0	0.005702950657079098	0.0	0.0	0.0	0.0	0.0	0.0	0.0	0.0
Bacteria	Bacteroidota	Bacteroidia	Cytophagales	Cyclobacteriaceae	ELB16-189	ELB16-189_sp013414665	0.0	0.0	0.0	0.0	0.0	0.0	0.0	0.0	0.0	0.0	0.0	0.0	0.0	0.0	0.0	0.0	0.0	0.0	0.0	0.0	0.0	0.0	0.0	0.0	0.0	0.0	0.0	0.0	0.0	0.0	0.0	0.0	0.0035505430242272346	0.0	0.0	0.0	0.0	0.0	0.0	0.0	0.0	0.0	0.0	0.0	0.0
Bacteria	Bacteroidota	Bacteroidia	Cytophagales	Cyclobacteriaceae	UBA2336	UBA2336_sp002344065	0.0	0.0	0.0	0.0	0.0	0.0	0.0	0.0	0.0	0.0	0.0	0.00969864911673017	0.0	0.0	0.0	0.0	0.0	0.0	0.0	0.0	0.0	0.0	0.0	0.0	0.00699766744418527	0.0	0.0	0.0	0.0	0.0	0.0	0.0	0.0029239766081871348	0.0	0.0	0.0	0.0	0.0	0.0	0.0	0.0	0.0	0.0	0.007337526205450733	0.0
Bacteria	Bacteroidota	Bacteroidia	Cytophagales	Hymenobacteraceae	Hymenobacter	Hymenobacter_sp013377905	0.0	0.0	0.0	0.0	0.0	0.0	0.0	0.0	0.0	0.0	0.0	0.0	0.0	0.0	0.0	0.0	0.0	0.0	0.0	0.0	0.0	0.0	0.0	0.0	0.0	0.0	0.0	0.0	0.0	0.0	0.0	0.0	0.0	0.0	0.0	0.0004937458854509546	0.0	0.0	0.0	0.0	0.0	0.0	0.0	0.0	0.0
Bacteria	Bacteroidota	Bacteroidia	Cytophagales	Hymenobacteraceae	Solirubrum	Solirubrum_jeollabukense	0.0	0.0	0.0	0.0	0.0	0.0	0.0	0.0	0.0	0.0	0.0	0.0	0.0	0.0	0.0	0.0	0.0	0.0	0.0	0.0	0.0	0.0	0.0	0.0	0.0	0.0	0.0	0.0	0.0	0.0	0.0	0.0	0.0	0.0	0.0	0.0	0.0	0.0	0.0	0.0	0.0	0.0023676280671545416	0.0	0.0	0.0
Bacteria	Bacteroidota	Bacteroidia	Cytophagales	Hymenobacteraceae	Solirubrum	Solirubrum_sp003258365	0.0	0.0	0.0	0.0	0.0	0.0	0.0	0.0	0.0	0.0	0.0	0.0	0.0	0.0	0.0	0.0	0.0	0.0	0.0	0.0	0.0	0.0	0.0	0.0	0.0	0.0	0.0	0.0	0.0	0.0	0.0	0.0	0.0	0.0	0.0	0.0	0.0	0.0	0.0	0.0	0.0	0.0017219113215669393	0.0	0.0	0.0
Bacteria	Bacteroidota	Bacteroidia	Cytophagales	Spirosomaceae	Runella	Runella_zeae	0.0	0.0	0.0	0.0	0.0	0.0	0.0	0.0	0.0	0.0	0.0	0.0	0.0	0.0	0.0	0.0	0.0	0.0	0.0	0.0	0.0	0.0	0.0	0.0	0.0	0.0	0.0	0.0	0.0	0.0	0.0	0.0	0.0	0.0	0.0	0.0	0.0	0.0	0.0	0.0	0.022455089820359275	0.0	0.0	0.0	0.0
Bacteria	Bacteroidota	Bacteroidia	Cytophagales	Spirosomaceae	Spirosoma	Spirosoma_endophyticum	0.0	0.0	0.0	0.00028901734104046245	0.0	0.0	0.0	0.0	0.0	0.0	0.0	0.0	0.0	0.0	0.0	0.0	0.0	0.0	0.0	0.0	0.0	0.0	0.0	0.0	0.0	0.0	0.0	0.0	0.0	0.0	0.0	0.0	0.0	0.0	0.0	0.0	0.0	0.0	0.0	0.0	0.0	0.0	0.0	0.0	0.0
Bacteria	Bacteroidota	Bacteroidia	Flavobacteriales	Crocinitomicaceae	UBA5422	UBA5422_sp002409405	0.0	0.0	0.0	0.0	0.0	0.0	0.0	0.0	0.0	0.0	0.0	0.0	0.0	0.0	0.0	0.0	0.0	0.0	0.0	0.0	0.0	0.0	0.0	0.0	0.0	0.0	0.0	0.0	0.0	0.0	0.0	0.0	0.0	0.0	0.0	0.0	0.0	0.0	0.0	0.0	0.2103293413173652	0.0	0.0	0.0	0.0
Bacteria	Bacteroidota	Bacteroidia	Flavobacteriales	Flavobacteriaceae	Capnocytophaga	Capnocytophaga_gingivalis	0.0	0.0	0.0	0.0	0.0	0.0	0.0	0.0	0.0	0.0	0.0	0.0	0.0	0.0	0.0	0.0	0.0	0.0	0.0	0.0	0.0	0.0	0.0	0.0	0.0	0.0	0.0	0.0	0.0	0.0	0.0	0.0	0.0	0.0	0.0	0.0	0.0	0.0	0.0	0.0	0.1489520958083832	0.0	0.0	0.0	0.0
Bacteria	Bacteroidota	Bacteroidia	Flavobacteriales	Flavobacteriaceae	Capnocytophaga	Capnocytophaga_leadbetteri	0.0	0.0	0.0	0.0	0.0	0.0	0.0	0.0	0.0	0.0	0.0	0.0	0.0	0.0	0.0	0.0	0.0	0.0	0.0	0.0	0.0	0.0	0.0	0.0	0.0	0.0	0.0	0.0	0.0	0.0	0.0	0.0	0.0	0.0	0.0	0.0	0.0	0.0	0.0	0.0	0.23952095808383225	0.0	0.0	0.0	0.0
Bacteria	Bacteroidota	Bacteroidia	Flavobacteriales	Flavobacteriaceae	Capnocytophaga	Capnocytophaga_ochracea	0.0	0.0	0.0	0.0	0.0	0.0	0.0	0.0	0.0	0.0	0.0	0.0	0.0	0.0	0.0	0.0	0.0	0.0	0.0	0.0	0.0	0.025550035486160392	0.0	0.0	0.0	0.0	0.0	0.0	0.0	0.0	0.0	0.0	0.0	0.0	0.0	0.0	0.0	0.0	0.0	0.0	0.03143712574850298	0.0	0.0	0.0	0.0
Bacteria	Bacteroidota	Bacteroidia	Flavobacteriales	Flavobacteriaceae	Capnocytophaga	Capnocytophaga_sputigena	0.0	0.0	0.0	0.0	0.0	0.0	0.0	0.0	0.0	0.0	0.0	0.0	0.0	0.0	0.0	0.0	0.0	0.0	0.0	0.0	0.0	0.021646557842441443	0.0	0.0	0.0	0.0	0.0	0.0	0.0	0.0	0.0	0.0	0.0	0.0	0.0	0.0	0.0	0.0	0.0	0.0	0.3158682634730538	0.0	0.0	0.0	0.0
Bacteria	Bacteroidota	Bacteroidia	Flavobacteriales	Flavobacteriaceae	Maribacter	Maribacter_sp002742365	0.0	0.0	0.0	0.0	0.0	0.0	0.0	0.0	0.0	0.0	0.0	0.0	0.0	0.0	0.0	0.0	0.0	0.0	0.0	0.0	0.0	0.0	0.0	0.0	0.0	0.0	0.0	0.0	0.0	0.0	0.0	0.0	0.0	0.0	0.0	0.0	0.02504339201586908	0.0	0.0	0.0	0.0	0.0	0.0	0.0	0.0
Bacteria	Bacteroidota	Bacteroidia	Flavobacteriales	Weeksellaceae	Cloacibacterium	Cloacibacterium_normanense	0.0	0.0	0.0	0.0	0.0	0.0	0.0	0.0	0.0	0.0	0.0	0.0	0.0	0.0	0.0	0.0	0.046370967741935484	0.0	0.0	0.0	0.0	0.0	0.0	0.09951247490679668	0.0	0.0	0.0	0.0	0.0	0.0	0.0	0.0	0.0	0.0	0.0	0.0	0.0	0.0	0.0	0.0	0.0	0.0	0.0	0.0	0.0
Bacteria	Bacteroidota	Bacteroidia	Flavobacteriales	Weeksellaceae	Cloacibacterium	Cloacibacterium_sp002422665	0.0	0.0	0.0	0.0	0.0	0.0	0.04104410441044105	0.0	0.0	0.0	0.0	0.0	0.0	0.0	0.0	0.0	0.056451612903225805	0.0	0.0	0.0	0.0	0.0	0.0	0.0	0.0	0.0	0.0	0.0	0.0	0.0	0.0	0.0	0.0	0.0	0.0	0.0	0.0	0.0	0.0	0.0	0.0	0.0	0.0	0.0	0.0
Bacteria	Bacteroidota	Bacteroidia	Flavobacteriales	Weeksellaceae	Empedobacter	Empedobacter_falsenii_A	0.0	0.0	0.0	0.0	0.0	0.0	0.0	0.0	0.0	0.0	0.0	0.0	0.08939601921757036	0.0	0.0	0.0	0.0	0.0	0.0	0.0	0.0	0.0	0.0	0.0	0.0	0.0	0.0	0.0	0.0	0.0	0.0	0.0	0.0	0.0	0.0	0.0	0.0	0.0	0.0	0.0	0.370508982035928	0.0	0.0	0.0	0.0
Bacteria	Bacteroidota	Bacteroidia	Flavobacteriales	Weeksellaceae	Empedobacter	Empedobacter_sp002378465	0.0	0.0	0.0	0.0	0.0	0.0	0.0	0.0	0.0	0.0	0.0	0.0	0.018016472203157174	0.0	0.0	0.0	0.0	0.0	0.0	0.0	0.0	0.0	0.0	0.0	0.0	0.0	0.0	0.0	0.0	0.0	0.0	0.0	0.0	0.0	0.0	0.0	0.0	0.0	0.0	0.0	0.0	0.0	0.0	0.0	0.0
Bacteria	Bacteroidota	Bacteroidia	Flavobacteriales	Weeksellaceae	Epilithonimonas	Epilithonimonas_sp002391865	0.0	0.0	0.0	0.0	0.0	0.0	0.0	0.0	0.0	0.0	0.0	0.0	0.0	0.0	0.0	0.0	0.0	0.0	0.0	0.0	0.0	0.0	0.0	0.0	0.0	0.0	0.0	0.0	0.0	0.0	0.0	0.0	0.0	0.0	0.0	0.0	0.0	0.0	0.0	0.0	0.3869760479041915	0.0	0.0	0.0	0.0
Bacteria	Bacteroidota	Bacteroidia	Flavobacteriales	Weeksellaceae	Kaistella	Kaistella_haifensis	0.0	0.0	0.0	0.00838150289017341	0.0	0.0	0.0	0.0	0.0	0.0	0.0	0.1302390024246623	0.0	0.0	0.0	0.0	0.0	0.0	0.0	0.0	0.0	0.014194464158977996	0.0	0.0	0.0	0.0	0.0	0.0	0.006740058413839587	0.0	0.0	0.0	0.0	0.016646562123039808	0.0	0.0	0.0	0.0	0.0	0.0	0.0	0.0	0.0	0.0	0.0
Bacteria	Bacteroidota	Bacteroidia	Flavobacteriales	Weeksellaceae	Kaistella	Kaistella_sp001403755	0.0	0.0	0.0	0.002023121387283237	0.0	0.0	0.0	0.0	0.0	0.0	0.0	0.0	0.0	0.0	0.0	0.0	0.0	0.0	0.0	0.0	0.0	0.0	0.0	0.0	0.0	0.0	0.0	0.0	0.0	0.0	0.0	0.0	0.0	0.0	0.0	0.0	0.0	0.0	0.0	0.0	0.0	0.0	0.0	0.0	0.0
Bacteria	Bacteroidota	Bacteroidia	Sphingobacteriales	Sphingobacteriaceae	Pedobacter	Pedobacter_chitinilyticus	0.0	0.0	0.0	0.0	0.0	0.0	0.0	0.0	0.0	0.0	0.0	0.0	0.0	0.0	0.0	0.0	0.0	0.0	0.0	0.0	0.0	0.0	0.0	0.0	0.0	0.0	0.0	0.0	0.0	0.018807092960773774	0.0	0.0	0.0	0.0	0.0	0.0	0.0	0.0	0.0	0.0	0.0	0.0	0.0	0.0	0.0
Bacteria	Bacteroidota	Bacteroidia	Sphingobacteriales	Sphingobacteriaceae	Pedobacter	Pedobacter_helvus	0.0	0.0	0.0	0.0	0.0	0.0	0.0	0.0071907957813998075	0.0	0.0	0.0	0.0	0.0	0.0	0.0	0.0	0.0	0.0	0.0	0.0	0.0	0.0	0.0	0.0	0.0	0.0	0.0	0.0	0.0	0.0	0.0	0.0	0.0	0.0	0.0	0.0	0.0	0.0	0.0	0.0	0.0	0.0	0.0	0.0	0.0
Bacteria	Bacteroidota	Bacteroidia	Sphingobacteriales	Sphingobacteriaceae	Sphingobacterium	Sphingobacterium_siyangense	0.0	0.0	0.0	0.0	0.0	0.0	0.0	0.0	0.0	0.0	0.0	0.0	0.0	0.0	0.0	0.0	0.0	0.0	0.0	0.0	0.0	0.0	0.0	0.0	0.0	0.0	0.0	0.0	0.0	0.0	0.0	0.0	0.0	0.0	0.0	0.0	0.0	0.0	0.007686764352630314	0.0	0.0	0.0	0.0	0.0	0.0
Bacteria	Bacteroidota	Bacteroidia	Sphingobacteriales	Sphingobacteriaceae	Sphingobacterium	Sphingobacterium_sp002000245	0.0	0.0	0.0	0.0	0.0	0.0	0.0	0.0	0.0	0.0	0.0	0.0	0.0	0.0	0.0	0.0	0.0	0.0	0.0	0.0	0.0	0.0	0.0	0.0	0.0	0.0	0.0	0.0	0.0	0.0	0.0	0.0	0.0	0.0	0.0	0.0	0.0	0.0	0.0	0.0	0.0	0.02216960826517434	0.0	0.0	0.0
Bacteria	Bdellovibrionota	Bdellovibrionia	Bdellovibrionales	Bdellovibrionaceae	Bdellovibrio	Bdellovibrio_sp000786105	0.0	0.0	0.0	0.0	0.0	0.0	0.0	0.0	0.0	0.0	0.0	0.0	0.0	0.0	0.0	0.0	0.0	0.0	0.0	0.0	0.0	0.0	0.0	0.0028677946659019216	0.0	0.0	0.0	0.0	0.0	0.0	0.0	0.0	0.0	0.0	0.0	0.0	0.0	0.0	0.0	0.0	0.0	0.0	0.0	0.0	0.0
Bacteria	Chlamydiota	Chlamydiia	Chlamydiales	Chlamydiaceae	Chlamydophila	Chlamydophila_abortus	0.0	0.0	0.0	0.0	0.0	0.0	0.0	0.0	0.0	0.0	0.0	0.0	0.0	0.0	0.0	0.0	0.0	0.0	0.0	0.0	0.0	0.0	0.0	0.0	0.0	0.0	0.0	0.0	0.0	0.0	0.0	0.0	0.10359231411862992	0.0	0.0	0.0	0.0	0.0	0.0	0.0	0.0	0.0	0.0	0.0	0.0
Bacteria	Chlamydiota	Chlamydiia	Chlamydiales	Parachlamydiaceae	Rubidus	Rubidus_massiliensis	0.0	0.0	0.0	0.0	0.0	0.0	0.0	0.0	0.0	0.0	0.0	0.0	0.0	0.0	0.0	0.0	0.0	0.0	0.0	0.0	0.0	0.10716820440028386	0.0	0.0	0.0	0.0	0.0	0.0	0.0	0.0	0.0	0.0	0.0	0.0	0.0	0.0	0.0	0.0	0.0	0.0	0.0	0.0	0.0	0.0	0.0
Bacteria	Chlamydiota	Chlamydiia	Chlamydiales	SM23-39	PALSA-1448	PALSA-1448_sp003151315	0.0	0.0	0.0	0.0	0.0	0.0	0.0	0.0	0.0	0.0	0.0	0.0	0.0	0.0	0.0	0.0	0.0	0.0	0.0	0.0	0.0	0.0	0.0	0.0	0.0	0.0	0.0	0.0	0.0	0.0	0.0	0.0	0.0	0.0	0.0	0.0	0.0	0.0	0.0	0.0	0.0	0.0	0.0017614091273018414	0.0	0.0
Bacteria	Chloroflexota	Chloroflexia	Chloroflexales	Chloroflexaceae	Chloroploca	Chloroploca_sp004762035	0.0	0.0	0.0	0.0	0.0	0.0	0.0	0.0	0.0	0.0	0.0	0.0	0.0	0.0	0.0	0.0	0.0	0.0	0.0	0.0	0.0	0.0	0.0	0.0	0.0	0.0	0.0	0.0	0.0	0.0	0.0	0.0	0.0	0.0	0.0	0.0	0.001239771881973717	0.0	0.0	0.0	0.0	0.0	0.0	0.0	0.0
Bacteria	Chloroflexota	Dehalococcoidia	SM23-28-2	RBG-16-64-32	CF-163	CF-163_sp005880075	0.0	0.0	0.0	0.0	0.0	0.0	0.0007200720072007201	0.0009587727708533077	0.0	0.0	0.0	0.0	0.0006863417982155114	0.0	0.0	0.0	0.0	0.0	0.0	0.0010124019235636548	0.0	0.0014194464158977995	0.0	0.0	0.0	0.0	0.0	0.0	0.0	0.0	0.0011435105774728418	0.0	0.0008354218880534671	0.0	0.0008216926869350862	0.0	0.0	0.0	0.0	0.0	0.0	0.0	0.0	0.001397624039133473	0.0
Bacteria	Chloroflexota	FW602-bin22	FW602-bin22	FW602-bin22	FW602-bin22	FW602-bin22_sp004297775	0.0	0.0	0.0	0.00028901734104046245	0.0	0.0	0.0	0.00047938638542665386	0.0	0.0	0.0	0.0	0.0	0.0	0.0	0.0	0.0	0.0	0.0	0.0005062009617818274	0.0	0.0007097232079488997	0.0	0.0	0.0	0.0	0.0	0.0	0.0	0.0	0.0005717552887364209	0.0	0.0	0.0	0.0004108463434675431	0.0	0.0	0.00025290844714213456	0.0	0.0	0.0	0.0	0.0	0.0006988120195667365	0.0
Bacteria	Cyanobacteria	Cyanobacteriia	Cyanobacteriales	Nostocaceae	Anabaenopsis	Anabaenopsis_sp003990705	0.0	0.0	0.0	0.0	0.0	0.0	0.0	0.0	0.0	0.0	0.0	0.0	0.0	0.0	0.0028248587570621473	0.0	0.0	0.0	0.0	0.0	0.0	0.0	0.0	0.0	0.0	0.0	0.0	0.0	0.0	0.0	0.0	0.0	0.0	0.0024125452352231607	0.0	0.0	0.0	0.0	0.0	0.0	0.0	0.0	0.0	0.0	0.0
Bacteria	Cyanobacteria	Cyanobacteriia	Cyanobacteriales	Nostocaceae	Calothrix	Calothrix_sp002368415	0.0	0.0	0.0	0.0	0.0	0.0	0.0	0.0	0.0	0.0	0.0	0.0	0.0	0.0	0.0	0.0	0.0	0.0	0.0	0.0	0.0	0.0	0.0	0.0	0.0	0.0	0.0	0.0	0.0	0.0	0.0	0.0	0.0	0.0	0.0	0.0	0.0	0.0	0.016574585635359115	0.0	0.0	0.0	0.0	0.0	0.0
Bacteria	Cyanobacteria	Vampirovibrionia	Obscuribacterales	Obscuribacteraceae	Obscuribacter	Obscuribacter_phosphatis	0.6906614785992217	0.2067851373182552	0.4809828340626051	0.04841040462427746	0.20126267457432565	0.007540394973070018	0.08838883888388839	0.35762224352828376	0.03603603603603603	0.2878357030015798	0.030065109153581	0.41669553169379986	0.1810226492793411	0.576867469879518	0.3737288135593221	0.178553363682347	0.043234767025089604	0.007715213860314023	0.7285195643404598	0.434067324727917	0.10375541646605682	0.8303761533002127	0.014838367779544248	0.1505592199598509	0.08930356547817393	0.3091503267973856	0.05572884175504263	0.11630847029077117	0.13345315659402382	0.0827512090274046	0.3730703259005146	0.4677547770700637	0.19340016708437763	0.11194209891435465	0.20254724732949875	0.05809743252139566	0.20481031490205806	0.017956499747091556	0.12899351429257747	0.09500409500409501	0.17814371257485026	0.05639259578131726	0.03570856685348278	0.6285814116002795	0.19497307001795336
Bacteria	Cyanobacteria	Vampirovibrionia	Obscuribacterales	Obscuribacteraceae	QKMZ01	QKMZ01_sp003242885	0.0038910505836575876	0.0	0.0	0.0	0.0	0.0	0.0	0.0	0.0	0.0	0.0	0.0	0.0	0.0	0.0019774011299435027	0.0	0.0	0.0	0.0	0.0017717033662363957	0.0	0.0017743080198722495	0.0	0.0	0.0	0.0009803921568627449	0.0	0.0	0.0	0.0	0.0	0.0	0.0	0.0	0.0	0.0	0.0	0.0	0.0	0.0	0.0	0.0	0.0	0.0	0.0
Bacteria	Cyanobacteria	Vampirovibrionia	Obscuribacterales	Obscuribacteraceae	QKMZ01	QKMZ01_sp012965515	0.0	0.0	0.0	0.0	0.0	0.0	0.0	0.002157238734419942	0.0	0.0	0.0	0.0	0.0	0.0	0.0	0.0	0.0	0.0	0.0	0.0	0.0	0.0	0.0	0.0	0.0	0.0	0.0	0.0	0.0	0.0	0.0	0.0	0.0	0.0	0.0014379622021364008	0.0	0.0	0.0	0.0	0.0	0.0	0.0	0.0	0.0	0.0
Bacteria	Cyanobacteria	Vampirovibrionia	Obscuribacterales	Obscuribacteraceae	QKMZ01	QKMZ01_sp013997645	0.0	0.0	0.0	0.0	0.0	0.0	0.0	0.0	0.0	0.0	0.0	0.0	0.0	0.0	0.0	0.0	0.0	0.0	0.0028237192416296895	0.0	0.0	0.0	0.0	0.0	0.0	0.0	0.0	0.0	0.0	0.0	0.0	0.0	0.0	0.0	0.0	0.0	0.0	0.0	0.0	0.0	0.0	0.0	0.0	0.0	0.0
Bacteria	Deinococcota	Deinococci	Deinococcales	Deinococcaceae	Deinococcus	Deinococcus_fonticola	0.0	0.0	0.0	0.0	0.0	0.0	0.0	0.0	0.0	0.0	0.0	0.0	0.0	0.0	0.0	0.0	0.0	0.0	0.0	0.0	0.0	0.0	0.0	0.0	0.0	0.0	0.0	0.0	0.0	0.0	0.0	0.0	0.0	0.0016887816646562125	0.0	0.0	0.0	0.0	0.0	0.0	0.0	0.0	0.0	0.0	0.0
Bacteria	Deinococcota	Deinococci	Deinococcales	Deinococcaceae	Deinococcus	Deinococcus_geothermalis	0.0	0.0	0.0	0.0	0.0	0.0	0.041404140414041404	0.0	0.0	0.0	0.0	0.0	0.0	0.0	0.0	0.0	0.0	0.0	0.0	0.0	0.0	0.0	0.0	0.0	0.0	0.0	0.0	0.0	0.0	0.0	0.0	0.0	0.0	0.0	0.03553820870994248	0.0	0.0	0.0	0.0	0.0	0.0	0.0	0.0	0.0	0.0
Bacteria	Deinococcota	Deinococci	Deinococcales	Deinococcaceae	Deinococcus	Deinococcus_radiodurans	0.0	0.0	0.0	0.0	0.0	0.0	0.0	0.0	0.0	0.0	0.0	0.0	0.003260123541523679	0.0	0.0	0.0	0.0	0.0	0.033481242436466316	0.0	0.0	0.0	0.0	0.0	0.0	0.0	0.0	0.0	0.0	0.0	0.0	0.0	0.0	0.0	0.0	0.0	0.0	0.0	0.0	0.0	0.0	0.0	0.0	0.0	0.0
Bacteria	Deinococcota	Deinococci	Deinococcales	Deinococcaceae	Deinococcus	Deinococcus_radiophilus	0.0	0.0	0.0	0.0008670520231213873	0.0	0.0	0.0	0.0	0.0	0.0	0.0	0.0	0.0	0.0	0.0	0.0	0.0	0.0	0.0	0.0	0.0	0.0	0.0	0.0	0.0	0.0	0.0	0.0	0.0	0.0	0.0	0.0	0.0	0.0	0.0	0.0	0.0	0.0	0.0	0.0	0.0	0.0	0.0	0.0	0.0
Bacteria	Deinococcota	Deinococci	Deinococcales	Deinococcaceae	Deinococcus	Deinococcus_wulumuqiensis	0.0	0.0	0.005385392123864018	0.0	0.0036349722594222313	0.0	0.0144014401440144	0.0	0.0011031439602868173	0.0	0.0	0.0	0.15425531914893617	0.0	0.0028248587570621473	0.0	0.004256272401433692	0.0	0.011294876966518758	0.0	0.0038517091959557057	0.0	0.0	0.0	0.0	0.0	0.0	0.0	0.0	0.0	0.0	0.0	0.0	0.004825090470446321	0.0	0.0016458196181698488	0.0	0.0	0.003843382176315157	0.0	0.0	0.0	0.07061649319455564	0.0	0.0
Bacteria	Desulfobacterota	Desulfovibrionia	Desulfovibrionales	Desulfovibrionaceae	Bilophila	Bilophila_wadsworthia	0.0	0.0	0.0	0.0	0.0	0.0	0.0	0.0	0.0	0.0	0.0	0.0	0.0	0.0	0.0	0.0	0.0	0.0	0.0	0.0	0.05873856523832451	0.0	0.0003974562798092209	0.0	0.0	0.0	0.0	0.0	0.0	0.0	0.0	0.0	0.0	0.0	0.0	0.0	0.0	0.0	0.0	0.0	0.0	0.0	0.0	0.0	0.0
Bacteria	Desulfobacterota	Desulfovibrionia	Desulfovibrionales	Desulfovibrionaceae	Mailhella	Mailhella_sp003150275	0.0	0.0	0.0	0.0	0.0	0.0	0.0	0.0	0.0	0.0	0.0	0.0	0.0	0.0	0.0	0.0	0.0	0.0	0.0	0.0	0.001203659123736158	0.0	0.0	0.0	0.0	0.0	0.0	0.0	0.0	0.0	0.0	0.0	0.0	0.0	0.0	0.0	0.0	0.0	0.0	0.0	0.0	0.0	0.0	0.0	0.0
Bacteria	Desulfobacterota	Desulfovibrionia	Desulfovibrionales	Desulfovibrionaceae	Nitratidesulfovibrio	Nitratidesulfovibrio_vulgaris_A	0.0	0.0	0.0	0.0	0.0	0.0	0.0025202520252025204	0.0	0.0	0.0	0.0	0.0	0.0	0.0	0.0	0.0	0.0	0.0	0.0	0.0	0.0	0.0	0.0	0.0	0.0	0.0	0.0	0.0	0.0	0.0	0.0	0.0	0.0	0.0	0.0	0.0	0.0	0.0	0.0	0.0	0.0	0.0	0.0	0.0	0.0
Bacteria	Firmicutes	Bacilli	Bacillales	Bacillaceae	Bacillus	Bacillus_cabrialesii	0.0	0.0	0.0	0.0	0.0	0.0	0.0	0.0	0.0	0.0	0.0	0.0	0.0	0.0	0.033615819209039555	0.0	0.0	0.0	0.0	0.0	0.0	0.0	0.0	0.0	0.0	0.0	0.0	0.0	0.0	0.0	0.0	0.0	0.0	0.01109770808202654	0.0	0.0	0.0	0.0	0.0	0.0	0.0	0.0	0.0	0.0	0.0
Bacteria	Firmicutes	Bacilli	Bacillales	Bacillaceae	Bacillus	Bacillus_inaquosorum	0.0	0.0	0.0	0.0	0.0	0.0	0.0	0.0	0.0	0.0	0.0	0.0	0.0	0.0	0.028531073446327684	0.0	0.0	0.0	0.0	0.0	0.0	0.0	0.0	0.0	0.0	0.0	0.0	0.0	0.0	0.0	0.0	0.0	0.0	0.0	0.0	0.0	0.0	0.0	0.0	0.0	0.0	0.0	0.0	0.0	0.0
Bacteria	Firmicutes	Bacilli	Bacillales	Bacillaceae	Bacillus	Bacillus_intestinalis	0.0	0.0	0.0	0.0	0.0	0.0	0.0	0.0	0.0	0.0	0.0	0.0	0.0	0.0	0.03728813559322034	0.0	0.0	0.0	0.0	0.0	0.0	0.0	0.0	0.0	0.0	0.0	0.0	0.0	0.0	0.0	0.0	0.0	0.0	0.0	0.0	0.0	0.0	0.0	0.0	0.0	0.0	0.0	0.0	0.0	0.0
Bacteria	Firmicutes	Bacilli	Bacillales	Bacillaceae	Bacillus	Bacillus_licheniformis	0.0	0.0	0.0	0.0	0.0	0.0	0.0	0.0	0.0	0.021484992101105844	0.0	0.0	0.0	0.0	0.012146892655367232	0.0	0.0	0.0	0.01734570391286809	0.0	0.0	0.0	0.0	0.0	0.0	0.0	0.0	0.0	0.0	0.0	0.0	0.0	0.01211361737677527	0.01857659831121834	0.0	0.0	0.0	0.0	0.0	0.0	1.1961077844311374	0.0	0.0	0.0	0.0
Bacteria	Firmicutes	Bacilli	Bacillales	Bacillaceae	Bacillus	Bacillus_paralicheniformis	0.0	0.0	0.0	0.0	0.0	0.0	0.0	0.0	0.0	0.015165876777251184	0.0	0.0	0.0	0.0	0.024011299435028253	0.0	0.0	0.0	0.014521984671238402	0.0	0.004814636494944632	0.0	0.0	0.0	0.005331556147950683	0.0	0.0	0.006321112515802781	0.0	0.0	0.0	0.0	0.0	0.010132689987937274	0.0	0.0	0.0	0.0	0.0	0.0	0.0	0.0	0.0	0.0	0.0
Bacteria	Firmicutes	Bacilli	Bacillales	Bacillaceae	Bacillus	Bacillus_subtilis	1.0077821011673151	0.0	0.029283069673510596	0.3848265895953757	0.11574516931318157	0.019389587073608616	0.0	0.0	0.17429674572531711	3.100157977883096	0.5708540788969743	1.0689296847939038	0.04821551132463967	0.9633734939759034	2.824858757062147	0.0	0.33064516129032256	0.026394152680021658	3.8555869302137955	0.0	0.006259027443428021	2.2640170333569904	0.023052464228934814	0.5319759105248064	1.4761746084638452	0.5418300653594771	1.7286338116032438	1.4845132743362832	0.7863401482812851	0.0	0.0	0.3403662420382166	1.3333333333333333	2.4125452352231607	0.0	0.16408821593153392	1.0064468137862634	0.03136064744562468	0.0	0.3044635544635545	1.516467065868263	0.7815325010761944	0.010568454763811047	0.44304682040531096	1.3824057450628369
Bacteria	Firmicutes	Bacilli	Bacillales	Bacillaceae	Bacillus	Bacillus_tequilensis	0.0	0.0	0.0	0.0	0.0	0.0	0.0	0.0	0.0	0.0	0.0	0.0	0.0	0.0	0.0172316384180791	0.0	0.0	0.0	0.0	0.0	0.0	0.0	0.0	0.0	0.0	0.0	0.0	0.0	0.0	0.0	0.0	0.0	0.0	0.0	0.0	0.0	0.0	0.0	0.0	0.0	0.0	0.0	0.0	0.0	0.0
Bacteria	Firmicutes	Bacilli	Bacillales	Bacillaceae	Bacillus	Bacillus_velezensis	0.6648832684824901	0.43820678513731814	0.4469875462807135	0.00823699421965318	0.8316433900899178	0.5539198084979055	0.34113411341134114	0.3516299137104506	0.0	0.7624012638230647	0.40022979701263883	0.17907862833391067	0.892072752230611	0.7383132530120481	0.9293785310734465	1.122407688416793	0.3245967741935484	0.7024905251759611	0.8140379185155304	0.3252341179448241	1.0105922002888783	0.34740951029098643	0.640169581346052	0.48895899053627767	0.0	0.0	0.2959035142441256	0.00979772439949431	0.1264884295663896	1.6114991939817298	0.8133218982275585	0.0	0.7740183792815372	0.7476477683956575	0.4854149548069022	0.0	0.0	0.5929438543247345	1.089598846985347	0.26494676494676495	1.2537425149700596	0.11450710288420145	0.810248198558847	0.5195667365478686	0.0
Bacteria	Firmicutes	Bacilli	Bacillales	Bacillaceae	Bacillus_P	Bacillus_P_idriensis	0.0	0.0	0.0	0.0	0.0	0.0	0.0	0.0	0.0	0.0	0.0	0.0	0.0	0.0	0.0	0.0	0.0	0.0	0.0	0.0	0.0	0.0	0.0	0.02380269572698595	0.0	0.0	0.0	0.0	0.0	0.0	0.0	0.0	0.0	0.0	0.0	0.0	0.0	0.0	0.0	0.0	0.0	0.0	0.0	0.0	0.0
Bacteria	Firmicutes	Bacilli	Bacillales	Bacillaceae_G	Bacillus_A	Bacillus_A_bombysepticus	0.14591439688715951	0.0989499192245557	0.020195220464490068	0.026878612716763006	0.004782858236081883	0.003830041891083184	0.018001800180018002	0.07358581016299137	0.04578047435190292	0.18135860979462876	0.060896208349291464	0.052303429165223424	0.004289636238846946	0.14987951807228914	0.06186440677966102	0.015427415275670209	0.022625448028673834	0.016783974011911208	0.04033884630899556	0.0777018476335105	0.0746268656716418	0.07168204400283887	0.0	0.0183538858617723	0.08330556481172942	0.10163398692810456	0.017051362029527967	0.03160556257901391	0.10020220175241519	0.0429876410531972	0.0877644368210406	0.10151273885350319	0.018379281537176276	0.01881785283474065	0.050328677074774036	0.041968400263331145	0.06322836598065956	0.025290844714213456	0.03338938265673792	0.038083538083538086	0.06437125748502992	0.04304778303917348	0.04019215372297838	0.10866526904262752	0.08904847396768403
Bacteria	Firmicutes	Bacilli	Bacillales	Bacillaceae_G	Bacillus_A	Bacillus_A_cereus	0.03599221789883268	0.03675282714054926	0.0	0.006647398843930636	0.0	0.0	0.0	0.03307766059443911	0.008457437028865599	0.015165876777251184	0.018192263500574492	0.03775545549012817	0.0	0.06602409638554216	0.02457627118644068	0.0	0.0	0.012317271250676774	0.0	0.023032143761073147	0.021906596051998076	0.02590489709013484	0.0	0.0	0.012329223592135953	0.030065359477124177	0.0	0.02338811630847029	0.021343518310492023	0.0	0.03916523727844483	0.037818471337579616	0.0	0.0	0.018693508627773213	0.007899934167215274	0.02355566575750062	0.009231158320687912	0.0	0.01883701883701884	0.0	0.015927679724494187	0.014731785428342673	0.03179594689028652	0.033034111310592466
Bacteria	Firmicutes	Bacilli	Bacillales	Bacillaceae_G	Bacillus_A	Bacillus_A_nitratireducens	0.0	0.0	0.0	0.0	0.0	0.0	0.0	0.0	0.0	0.00315955766192733	0.0019149751053236309	0.0	0.0	0.0	0.0	0.0	0.0	0.0	0.0	0.0	0.0	0.0	0.0	0.0025810151993117293	0.0	0.0	0.0	0.0	0.0022466861379465287	0.0	0.0	0.003980891719745223	0.0018796992481203009	0.0	0.0	0.0016458196181698488	0.004711133151500124	0.0	0.0	0.0	0.006736526946107782	0.0	0.0	0.0	0.0
Bacteria	Firmicutes	Bacilli	Bacillales	Bacillaceae_G	Bacillus_A	Bacillus_A_paranthracis	0.0	0.0	0.0	0.0	0.0	0.0	0.0	0.0	0.0	0.0	0.0	0.0	0.0	0.0	0.05169491525423729	0.0	0.0	0.0	0.0	0.0	0.0	0.0	0.0	0.0	0.0	0.0	0.0	0.0	0.0	0.0	0.0	0.0	0.0	0.03956574185765984	0.0	0.0	0.0	0.0	0.0	0.0	0.0	0.0	0.0	0.0	0.0
Bacteria	Firmicutes	Bacilli	Bacillales	Bacillaceae_G	Bacillus_A	Bacillus_A_thuringiensis_S	0.0	0.031098546042003225	0.013800067317401549	0.0037572254335260114	0.0	0.0	0.007380738073807382	0.012224352828379673	0.014157014157014156	0.008846761453396525	0.01053236307927997	0.0	0.0	0.025060240963855417	0.0	0.01568032372281234	0.013888888888888888	0.007038440714672442	0.0	0.01316122500632751	0.012518054886856042	0.0	0.0	0.012905075996558647	0.0	0.008496732026143788	0.017259305468912453	0.0	0.012356773758705909	0.033315421816227826	0.014865637507146942	0.021894904458598725	0.009398496240601503	0.0	0.00534100246507806	0.004443712969058592	0.013637490701710886	0.0	0.00984866682680759	0.010647010647010648	0.03368263473053891	0.0	0.00832666132906325	0.01816911250873515	0.009335727109515262
Bacteria	Firmicutes	Bacilli	Bacillales_A	Planococcaceae	Planococcus	Planococcus_glaciei	0.0	0.0	0.0	0.0	0.0	0.0	0.0	0.0	0.0	0.0	0.0	0.0	0.0	0.0	0.0	0.0	0.0	0.0	0.0	0.0	0.0	0.0	0.0	0.0	0.0	0.0	0.0	0.0	0.0015726802965625702	0.0	0.0	0.0	0.0	0.0	0.0	0.0	0.0	0.0	0.0	0.0	0.0	0.0	0.0	0.0	0.0
Bacteria	Firmicutes	Bacilli	Bacillales_A	Planococcaceae	Planococcus	Planococcus_okeanokoites	0.0	0.0	0.0	0.0	0.0	0.0	0.0	0.0	0.0	0.0	0.0	0.0	0.0	0.0	0.0	0.0	0.0	0.0	0.0	0.0	0.0	0.0	0.0	0.0	0.0	0.0	0.0	0.0	0.0	0.0	0.0	0.0035828025477707007	0.0	0.0	0.0	0.0	0.0	0.0	0.0	0.0	0.0	0.0	0.0	0.0	0.0
Bacteria	Firmicutes	Bacilli	Bacillales_A	Planococcaceae	Solibacillus	Solibacillus_silvestris	0.0	0.0	0.0	0.0	0.0	0.0	0.0	0.0	0.0	0.0	0.0	0.0	0.0	0.0	0.0	0.0	0.0	0.0	0.0	0.0	0.0	0.0	0.0	0.0	0.0	0.0	0.0	0.0	0.0	0.0	0.005431675242995998	0.0	0.0	0.0	0.0	0.0	0.007686585668237045	0.0	0.0	0.0	0.0	0.0	0.0	0.0	0.0
Bacteria	Firmicutes	Bacilli	Bacillales_B	DSM-18226	Niallia	Niallia_circulans	0.0	0.0	0.0	0.0	0.0	0.0	0.0	0.0	0.0	0.022116903633491312	0.0	0.0	0.0	0.0	0.024011299435028253	0.0	0.0	0.0	0.03590157321500605	0.0	0.0	0.0	0.0	0.0	0.0	0.0	0.0	0.0	0.0	0.0	0.0	0.0	0.0	0.0135102533172497	0.0	0.0	0.0	0.0	0.0	0.0	0.0	0.0	0.0	0.0	0.0
Bacteria	Firmicutes	Bacilli	Bacillales_B	DSM-18226	Niallia	Niallia_circulans_A	0.0	0.0	0.0	0.0	0.0	0.0	0.0	0.0	0.0	0.009162717219589257	0.0	0.0	0.0	0.0	0.029096045197740113	0.0	0.0	0.0	0.0	0.0	0.0	0.0	0.0	0.0	0.0	0.0	0.0056144728633811605	0.0	0.0	0.0	0.0	0.0	0.0	0.014234016887816647	0.0	0.0	0.0	0.0	0.0	0.0	0.0	0.0	0.0	0.0	0.0
Bacteria	Firmicutes	Bacilli	Bacillales_B	Jeotgalibacillaceae	Jeotgalibacillus	Jeotgalibacillus_malaysiensis	0.0	0.0	0.0	0.0	0.0	0.0	0.0	0.0	0.0	0.0	0.0	0.0	0.0	0.0	0.0	0.0	0.0	0.0	0.0	0.0	0.0	0.0	0.0	0.0	0.0	0.0	0.0	0.0	0.0	0.0	0.0	0.0	0.0	0.0	0.0	0.0	0.0	0.0	0.0	0.0	0.13697604790419157	0.0	0.0	0.0	0.0
Bacteria	Firmicutes	Bacilli	Brevibacillales	Brevibacillaceae	Brevibacillus	Brevibacillus_agri	0.01215953307392996	0.0	0.012790306294177043	0.0	0.006504687201071361	0.0	0.0	0.0	0.0	0.004739336492890996	0.0	0.0	0.0017158544955387786	0.0	0.003389830508474576	0.0	0.0	0.0	0.0	0.0	0.0009629272989889264	0.0	0.0	0.0	0.0033322225924691767	0.0	0.0	0.0	0.0	0.029554003224073068	0.0	0.0	0.0012531328320802004	0.003377563329312425	0.0	0.0	0.0	0.0	0.002402113860196973	0.0	0.03667664670658681	0.0	0.0006405124099279423	0.0	0.0
Bacteria	Firmicutes	Bacilli	Brevibacillales	Brevibacillaceae	Brevibacillus	Brevibacillus_borstelensis	0.0	0.0	0.0	0.0	0.0	0.0	0.0	0.0	0.0	0.0	0.0	0.0	0.0	0.0	0.0005649717514124294	0.0	0.0	0.0	0.0	0.0	0.0	0.0	0.0	0.0	0.0	0.0	0.0	0.0	0.0	0.0	0.0	0.0	0.0	0.0	0.0	0.0	0.0	0.0	0.0	0.0	0.0	0.0	0.0	0.0	0.0
Bacteria	Firmicutes	Bacilli	Brevibacillales	Brevibacillaceae	Brevibacillus_B	Brevibacillus_B_laterosporus	0.0	0.0	0.0	0.0	0.0	0.0	0.0	0.0	0.0	0.0	0.0	0.0	0.0	0.0	0.007344632768361582	0.0	0.0	0.0	0.0	0.0	0.0	0.0	0.0	0.0	0.0	0.0	0.0	0.0	0.0	0.0	0.0	0.0	0.0	0.0031363088057901087	0.0	0.0	0.0	0.0	0.0	0.0	0.0	0.0	0.0	0.0	0.0
Bacteria	Firmicutes	Bacilli	Erysipelotrichales	Erysipelotrichaceae	Bulleidia	Bulleidia_moorei	0.0	0.0	0.0	0.0	0.0	0.0	0.0	0.0	0.0	0.0	0.0	0.0	0.0	0.0	0.0	0.0	0.0	0.0	0.0	0.0	0.01612903225806452	0.0	0.0	0.0	0.0	0.0	0.0	0.0	0.0	0.0	0.0	0.0	0.0	0.0	0.0	0.0	0.0	0.0	0.0	0.0	0.0	0.0	0.0	0.0	0.0
Bacteria	Firmicutes	Bacilli	Erysipelotrichales	Erysipelotrichaceae	Longicatena	Longicatena_caecimuris	0.0	0.0	0.0	0.0073699421965317926	0.0	0.0	0.0	0.0	0.004596433167861739	0.0	0.0	0.0	0.0	0.0	0.0	0.0	0.0	0.0	0.0	0.0	0.0	0.0	0.0	0.0	0.0509830056647784	0.0	0.0	0.06858407079646017	0.0	0.0	0.0	0.0	0.0	0.0	0.0	0.0	0.01909248698239524	0.0	0.0	0.0	0.0	0.0	0.0	0.0	0.027648114901256737
Bacteria	Firmicutes	Bacilli	Exiguobacterales	Exiguobacteraceae	Exiguobacterium	Exiguobacterium_chiriqhucha	0.0	0.0	0.0	0.0	0.0	0.0	0.0	0.0	0.0	0.0	0.0	0.0	0.0	0.0	0.0	0.0	0.0	0.0	0.0	0.0	0.0	0.0	0.0	0.0	0.0	0.0	0.0	0.0	0.0	0.0	0.0	0.0	0.0	0.0	0.0	0.0	0.0	0.0	0.0	0.0	0.018712574850299396	0.0	0.0	0.0	0.0
Bacteria	Firmicutes	Bacilli	Exiguobacterales	Exiguobacteraceae	Exiguobacterium	Exiguobacterium_profundum_A	0.0	0.0	0.0	0.0	0.0	0.0	0.0	0.0	0.0	0.0	0.0	0.0	0.0	0.0	0.0	0.0	0.0	0.0	0.0	0.0	0.0	0.0	0.0	0.0	0.0	0.0	0.0	0.0	0.0	0.0	0.0	0.0	0.0	0.0	0.0	0.0	0.0	0.0	0.0	0.0	0.1511976047904191	0.0	0.0	0.0	0.0
Bacteria	Firmicutes	Bacilli	Exiguobacterales	Exiguobacteraceae	Exiguobacterium	Exiguobacterium_sp003331145	0.0	0.0	0.0	0.0	0.0	0.0	0.0	0.0	0.0	0.0	0.0	0.0	0.0	0.0	0.0	0.0	0.0	0.0	0.0	0.0	0.0	0.0	0.0	0.0	0.0	0.0	0.0	0.0	0.0	0.0	0.0	0.0	0.0	0.0	0.0	0.0	0.0	0.0	0.0	0.0	0.0464071856287425	0.0	0.0	0.0	0.0
Bacteria	Firmicutes	Bacilli	Exiguobacterales	Exiguobacteraceae	Exiguobacterium_A	Exiguobacterium_A_acetylicum	0.0	0.0	0.0	0.0	0.0	0.0	0.0	0.0	0.0	0.0	0.0	0.0	0.0	0.0	0.0	0.0	0.0	0.0	0.0	0.0	0.0	0.0	0.0	0.0	0.0	0.0	0.0	0.0	0.0	0.0	0.0	0.0	0.0	0.0	0.0	0.0	0.0	0.0	0.0	0.0	0.048652694610778424	0.0030133448127421434	0.0	0.0	0.0
Bacteria	Firmicutes	Bacilli	Exiguobacterales	Exiguobacteraceae	Exiguobacterium_A	Exiguobacterium_A_indicum	0.0	0.0	0.0	0.0	0.0	0.0	0.0	0.0	0.0	0.0	0.0	0.0	0.0	0.0	0.0	0.0	0.0	0.0	0.0	0.0	0.0	0.0	0.0	0.0	0.0	0.0	0.0	0.0	0.0	0.0	0.0	0.0	0.0	0.0	0.0	0.0	0.0	0.0	0.0	0.0	0.059131736526946095	0.0	0.0	0.0	0.0
Bacteria	Firmicutes	Bacilli	Lactobacillales	Aerococcaceae	Abiotrophia	Abiotrophia_defectiva	0.0	0.0	0.0	0.0	0.0	0.0	0.0	0.0	0.0	0.0	0.0	0.0	0.0	0.0	0.0	0.0	0.0	0.0	0.0	0.0	0.0	0.0	0.0	0.0	0.0	0.0	0.0	0.0	0.0	0.0	0.0	0.0	0.0	0.0	0.0	0.0	0.0	0.0	0.0	0.0	0.5329341317365268	0.0	0.0	0.0	0.0
Bacteria	Firmicutes	Bacilli	Lactobacillales	Aerococcaceae	Abiotrophia	Abiotrophia_sp001815865	0.0	0.0	0.0	0.0	0.0	0.0	0.0	0.0	0.0	0.0	0.0	0.0	0.0	0.0	0.0	0.0	0.0	0.0	0.0	0.0	0.0	0.0	0.0	0.0	0.0	0.0	0.0	0.0	0.0	0.0	0.0	0.0	0.0	0.0	0.0	0.0	0.0	0.0	0.0	0.0	0.49700598802395196	0.0	0.0	0.0	0.0
Bacteria	Firmicutes	Bacilli	Lactobacillales	Aerococcaceae	Aerococcus	Aerococcus_sp002440555	0.0	0.0	0.0	0.009104046242774567	0.0	0.0	0.0	0.0	0.0	0.0	0.0	0.0	0.0	0.0	0.0	0.0	0.0	0.0	0.0	0.0	0.0	0.0	0.0	0.0	0.0	0.0	0.0	0.0	0.0	0.0	0.0	0.0	0.0	0.0	0.0	0.0	0.0	0.0	0.0	0.0	0.0	0.0	0.0	0.0	0.0
Bacteria	Firmicutes	Bacilli	Lactobacillales	Aerococcaceae	Aerococcus	Aerococcus_urinaeequi	0.0	0.0	0.0	0.03641618497109827	0.0	0.0	0.0	0.0	0.0	0.0	0.0	0.0	0.0	0.0	0.0	0.0	0.0	0.0	0.0	0.0	0.0	0.0	0.0	0.0	0.0	0.0	0.0	0.0	0.0	0.0	0.0	0.0	0.0	0.0	0.0	0.0	0.0	0.0	0.0	0.0	0.0	0.0	0.0	0.0	0.0
Bacteria	Firmicutes	Bacilli	Lactobacillales	Aerococcaceae	Aerococcus	Aerococcus_viridans_C	0.0	0.0	0.0	0.034248554913294794	0.0	0.0	0.0	0.0	0.0	0.0	0.0	0.0	0.0	0.0	0.0	0.0	0.0	0.0	0.0	0.0	0.0	0.0	0.0	0.0	0.0	0.0	0.0	0.0	0.0	0.0	0.0	0.0	0.0	0.0	0.0	0.0	0.0	0.0	0.0	0.0	0.0	0.0	0.0	0.0	0.0
Bacteria	Firmicutes	Bacilli	Lactobacillales	Aerococcaceae	Dolosicoccus	Dolosicoccus_paucivorans	0.0	0.0	0.0	0.0	0.0	0.0	0.0	0.0	0.0	0.0	0.0	0.0	0.0	0.0	0.0	0.0	0.0	0.0	0.0	0.0	0.0	0.0	0.0	0.0	0.0	0.0	0.0	0.0	0.031902943158840714	0.0	0.0	0.0	0.0	0.0	0.0	0.0	0.0	0.0	0.0	0.0	0.0	0.0	0.0	0.0	0.0
Bacteria	Firmicutes	Bacilli	Lactobacillales	Aerococcaceae	Facklamia_A	Facklamia_A_tabacinasalis	0.0	0.0	0.0	0.0	0.0	0.0	0.0	0.0	0.0	0.0	0.0	0.0	0.0	0.0	0.0	0.0	0.0	0.0	0.0	0.0	0.0	0.0	0.0	0.0	0.0	0.0	0.0	0.0	0.0	0.0	0.0	0.0	0.0	0.0	0.0	0.0	0.0	0.0	0.0	0.0	0.14595808383233527	0.0	0.0	0.0	0.0
Bacteria	Firmicutes	Bacilli	Lactobacillales	Aerococcaceae	Fundicoccus	Fundicoccus_ignavus	0.0	0.0	0.0	0.0	0.0	0.0	0.0	0.0	0.0	0.0	0.0	0.0	0.0	0.0	0.0	0.0	0.0	0.0	0.0	0.0	0.0	0.0	0.0	0.0	0.0	0.0	0.0	0.0	0.0056167153448663226	0.0	0.0	0.0	0.0	0.0	0.0	0.0	0.0	0.0	0.0	0.0	0.0	0.0	0.0	0.0	0.0
Bacteria	Firmicutes	Bacilli	Lactobacillales	Aerococcaceae	Granulicatella	Granulicatella_adiacens	0.0	0.0	0.0	0.0	0.0	0.0	0.0	0.0	0.0	0.0	0.0	0.0	0.0	0.0	0.0	0.0	0.0	0.0	0.0	0.0	0.0	0.0	0.0	0.0	0.0	0.0	0.0	0.0	0.0	0.0	0.0	0.0	0.0	0.0	0.0	0.0	0.0	0.0	0.0	0.0	0.680389221556886	0.0	0.0	0.0	0.0
Bacteria	Firmicutes	Bacilli	Lactobacillales	Carnobacteriaceae	Dolosigranulum	Dolosigranulum_pigrum	0.0	0.0	0.0	0.0	0.0	0.0	0.0	0.0	0.0	0.0	0.0	0.0	0.0	0.0	0.0	0.0	0.011200716845878136	0.0	0.0	0.0	0.0	0.0	0.0	0.0	0.0	0.0	0.0	0.0	0.011233430689732645	0.0	0.0	0.0	0.006892230576441103	0.0	0.0	0.0	0.0	0.0	0.0	0.006756756756756758	0.0	0.0	0.0052842273819055235	0.0	0.0
Bacteria	Firmicutes	Bacilli	Lactobacillales	Enterococcaceae	Enterococcus	Enterococcus_faecalis	0.0	0.0	0.0	0.0	0.0	0.05864751645721125	0.0	0.0	0.0	0.0	0.0	0.0	0.0	0.0	0.0	0.0	0.0	0.057390362750406064	0.07664380798709157	0.0	0.05247953779489649	0.0	0.062268150503444614	0.0	0.0	0.0	0.0	0.0	0.0	0.08973670069854914	0.0	0.0	0.037385129490392646	0.0	0.0	0.0	0.0	0.06006575619625696	0.0	0.0	0.0	0.0	0.0	0.0	0.0
Bacteria	Firmicutes	Bacilli	Lactobacillales	Enterococcaceae	Enterococcus_A	Enterococcus_A_avium	0.0	0.0	0.0	0.0	0.0	0.0	0.0	0.0	0.0	0.04265402843601896	0.0	0.0	0.0	0.0	0.05254237288135593	0.0	0.0	0.0	0.05163372327551432	0.0	0.0	0.004613200851667848	0.0	0.0	0.0	0.0	0.011021002287377832	0.0	0.0	0.0	0.0	0.0	0.0	0.0344993968636912	0.0	0.0	0.0	0.0	0.0	0.0	0.0	0.0	0.0	0.0	0.0
Bacteria	Firmicutes	Bacilli	Lactobacillales	Enterococcaceae	Enterococcus_A	Enterococcus_A_devriesei	0.0	0.0	0.0	0.0	0.0	0.0	0.0	0.0	0.0	0.0	0.0	0.0	0.0	0.0	0.0	0.0	0.0	0.0	0.0	0.0	0.0	0.0	0.0	0.0	0.008330556481172941	0.0	0.0	0.0	0.0	0.0	0.0	0.0	0.0	0.0	0.0	0.0	0.010414083808579222	0.0	0.0	0.0	0.0	0.0	0.0	0.0	0.017953321364452428
Bacteria	Firmicutes	Bacilli	Lactobacillales	Enterococcaceae	Enterococcus_A	Enterococcus_A_gilvus	0.0	0.0	0.0	0.0	0.0	0.0	0.0	0.0	0.0	0.0	0.0	0.0	0.0	0.0	0.0	0.0	0.0	0.0	0.0	0.0	0.0	0.0	0.0	0.0	0.0056647784071976	0.00718954248366013	0.0	0.0	0.0	0.0	0.0	0.0	0.0	0.0	0.0	0.0	0.0	0.0	0.0	0.0	0.0	0.0	0.0	0.0	0.0
Bacteria	Firmicutes	Bacilli	Lactobacillales	Enterococcaceae	Enterococcus_A	Enterococcus_A_malodoratus	0.0	0.0	0.0	0.0	0.0	0.0	0.0	0.0	0.0	0.007582938388625592	0.0	0.0	0.0	0.0	0.0	0.0	0.0	0.0	0.0	0.0	0.0	0.0	0.0	0.0	0.0	0.0	0.0	0.007269279393173198	0.0	0.0	0.0	0.0	0.0	0.0043425814234016894	0.0	0.0	0.0	0.0	0.0	0.0	0.0	0.0	0.0	0.0	0.0
Bacteria	Firmicutes	Bacilli	Lactobacillales	Enterococcaceae	Enterococcus_A	Enterococcus_A_raffinosus	0.0	0.0	0.0	0.0	0.0	0.0	0.0	0.0	0.0	0.0	0.0	0.0	0.0	0.0	0.004519774011299435	0.0	0.0	0.0	0.0	0.0	0.0	0.0	0.0	0.0	0.0	0.0	0.0	0.0	0.0	0.0	0.0	0.0	0.0	0.0	0.0	0.0	0.0	0.0	0.0	0.0	0.0	0.0	0.0	0.0	0.0
Bacteria	Firmicutes	Bacilli	Lactobacillales	Enterococcaceae	Enterococcus_B	Enterococcus_B_lactis	0.0	0.0	0.0	0.0	0.0	0.0	0.0	0.0	0.0	0.0	0.0	0.0	0.0	0.0	0.014406779661016951	0.0	0.0	0.0	0.0	0.0	0.0	0.0	0.0	0.0	0.0	0.0	0.0	0.0	0.0	0.0	0.0	0.0	0.0	0.0	0.0	0.0	0.0	0.0	0.0	0.0	0.0	0.0	0.019695756605284224	0.0	0.0
Bacteria	Firmicutes	Bacilli	Lactobacillales	Enterococcaceae	Enterococcus_B	Enterococcus_B_phoeniculicola	0.0	0.0	0.0	0.0	0.0	0.0	0.0	0.0	0.0	0.0	0.0	0.0	0.0	0.0	0.0	0.0	0.0	0.0	0.0	0.0	0.0	0.0	0.0	0.0	0.0	0.0	0.0	0.0	0.0	0.0	0.0	0.0	0.0	0.006272617611580217	0.0	0.0	0.0	0.0	0.0	0.0	0.0	0.0	0.0	0.0	0.0
Bacteria	Firmicutes	Bacilli	Lactobacillales	Enterococcaceae	Enterococcus_C	Enterococcus_C_asini	0.0	0.0	0.0	0.0	0.0	0.0	0.0	0.0	0.0	0.0	0.0	0.0	0.0	0.0	0.0025423728813559325	0.0	0.0	0.0	0.0	0.0	0.0	0.0	0.0	0.0	0.0	0.0	0.0	0.0	0.0	0.0	0.0	0.0	0.0	0.0	0.0	0.0	0.0	0.0	0.0	0.0	0.0	0.0	0.0	0.0	0.0
Bacteria	Firmicutes	Bacilli	Lactobacillales	Enterococcaceae	Enterococcus_C	Enterococcus_C_diestrammenae	0.0	0.0	0.0	0.0	0.0	0.0	0.0	0.0	0.0	0.01358609794628752	0.0	0.0	0.0	0.0	0.022033898305084745	0.0	0.0	0.0	0.024203307785397338	0.0	0.0	0.0	0.0	0.0	0.0	0.0	0.005406529423996672	0.0	0.0	0.0	0.0	0.0	0.0	0.014475271411338964	0.0	0.0	0.0	0.0	0.0	0.0	0.0	0.0	0.0	0.0	0.0
Bacteria	Firmicutes	Bacilli	Lactobacillales	Enterococcaceae	Enterococcus_D	Enterococcus_D_gallinarum	0.0	0.0	0.0	0.0	0.0	0.0	0.0	0.0	0.0	0.0	0.0	0.0	0.0	0.0	0.007344632768361582	0.0	0.0	0.0	0.0	0.0	0.0	0.0	0.0	0.0	0.0	0.0	0.0	0.0	0.0	0.0	0.0	0.0	0.0	0.006272617611580217	0.0	0.0	0.0	0.0	0.0	0.0	0.0	0.0	0.0	0.0	0.0
Bacteria	Firmicutes	Bacilli	Lactobacillales	Enterococcaceae	Enterococcus_E	Enterococcus_E_cecorum	0.0	0.0	0.0	0.0	0.0	0.0	0.0	0.0	0.0	0.0	0.0	0.0	0.0	0.0	0.0	0.0	0.0	0.0	0.0	0.0	0.0	0.0	0.0	0.024663034126756526	0.0	0.0	0.0	0.0	0.0	0.0	0.0	0.0	0.0	0.0	0.0	0.0	0.0	0.0	0.0	0.0	0.0	0.0	0.0	0.0	0.0
Bacteria	Firmicutes	Bacilli	Lactobacillales	Enterococcaceae	Enterococcus_F	Enterococcus_F_sp009933335	0.0	0.0	0.0	0.0	0.0	0.0	0.0	0.0	0.0	0.0	0.0	0.0	0.0	0.0	0.01977401129943503	0.0	0.0	0.0	0.014118596208148447	0.0	0.0	0.0	0.0	0.0	0.0	0.0	0.0	0.0	0.0	0.0	0.0	0.0	0.0	0.011338962605548855	0.0	0.0	0.0	0.0	0.0	0.0	0.0	0.0	0.0	0.0	0.0
Bacteria	Firmicutes	Bacilli	Lactobacillales	Lactobacillaceae	Lacticaseibacillus	Lacticaseibacillus_manihotivorans	0.0	0.0	0.0	0.0	0.007652573177731013	0.004189108318372233	0.0	0.0	0.0	0.0	0.0	0.0	0.0	0.0	0.0	0.0	0.0	0.00676773145641581	0.0	0.0	0.0060182956186807905	0.0	0.005961844197138314	0.0	0.00999666777740753	0.0	0.0	0.007901390644753477	0.0	0.0	0.0	0.0	0.005221386800334169	0.0	0.0	0.0	0.008678403173816018	0.0037936267071320183	0.0	0.0	0.0	0.0	0.0	0.0	0.0
Bacteria	Firmicutes	Bacilli	Lactobacillales	Lactobacillaceae	Lacticaseibacillus	Lacticaseibacillus_pantheris	0.0	0.0	0.0	0.0	0.0	0.0	0.0	0.0	0.0	0.0	0.0	0.0	0.0	0.0	0.0	0.0	0.0	0.0	0.0	0.0	0.0	0.0	0.0	0.0	0.004998333888703765	0.0	0.0	0.0	0.0	0.0	0.0	0.0	0.0	0.0	0.0	0.0	0.005454996280684354	0.0	0.0	0.0	0.0	0.0	0.0	0.0	0.0
Bacteria	Firmicutes	Bacilli	Lactobacillales	Lactobacillaceae	Lacticaseibacillus	Lacticaseibacillus_paracasei	1.1464007782101167	0.8893376413570272	1.1844496802423425	1.0586705202312139	1.214654677635355	0.7314183123877918	0.7272727272727273	0.7006232023010546	0.77293620150763	2.2951026856240127	0.5691306013021831	0.6598545202632492	1.4567604667124228	0.908433734939759	2.3045197740112995	1.879615579160344	0.38261648745519716	0.8906334596643206	2.8838241226300925	0.6504682358896482	1.9282619162253252	1.5518097941802693	0.8638049814520402	0.5784341841124175	2.8997000999666773	2.1388888888888884	1.2403826159284674	2.8561946902654864	0.4900022466861379	3.4873723804406227	1.753859348198971	1.3212579617834395	1.2825814536340852	1.8718938480096505	1.1045603944124895	0.6267281105990785	2.065955864121002	0.7940060698027315	1.7643526303146768	0.3400900900900901	1.6908682634730532	0.5034438226431338	1.3008807045636508	0.6355695317959469	2.991382405745063
Bacteria	Firmicutes	Bacilli	Lactobacillales	Lactobacillaceae	Lacticaseibacillus	Lacticaseibacillus_sharpeae	0.0	0.0	0.0	0.0	0.0	0.0	0.0	0.0	0.0	0.0	0.0	0.0	0.0	0.0	0.0	0.0	0.0	0.0	0.0	0.0	0.0	0.0	0.0	0.0	0.0	0.0	0.0	0.0	0.0	0.0	0.0	0.0	0.005430242272347535	0.0	0.0	0.0	0.0	0.0	0.0	0.0	0.0	0.0	0.0	0.0	0.0
Bacteria	Firmicutes	Bacilli	Lactobacillales	Lactobacillaceae	Lacticaseibacillus	Lacticaseibacillus_sp003946405	0.0	0.0	0.0	0.00592485549132948	0.0	0.0	0.0	0.0	0.0	0.0	0.0	0.0	0.0	0.0	0.0	0.0	0.0	0.0	0.0	0.0	0.0	0.0	0.0	0.0	0.03265578140619793	0.012091503267973855	0.0	0.029709228824273074	0.0	0.0	0.0	0.0	0.0	0.0	0.0	0.0	0.0262831638978428	0.0	0.0	0.0	0.0	0.0	0.0	0.0	0.036624775583482955
Bacteria	Firmicutes	Bacilli	Lactobacillales	Lactobacillaceae	Lacticaseibacillus	Lacticaseibacillus_sp900540605	0.0	0.0	0.0	0.0	0.0	0.0	0.0	0.0	0.0	0.0	0.0	0.0	0.0	0.0	0.0	0.0	0.0	0.0	0.0	0.0	0.0	0.0	0.0	0.0	0.0	0.0	0.0	0.005372945638432364	0.0	0.0	0.0	0.0	0.0	0.0	0.0	0.0	0.0	0.0	0.0	0.0	0.0	0.0	0.0	0.0	0.006104129263913825
Bacteria	Firmicutes	Bacilli	Lactobacillales	Lactobacillaceae	Lacticaseibacillus	Lacticaseibacillus_zeae	0.0	0.0	0.0	0.0	0.0	0.0	0.0	0.0	0.0	0.0	0.0	0.0	0.0	0.0	0.0	0.0	0.0	0.0	0.0	0.0	0.0	0.0	0.0	0.0	0.0	0.0	0.0	0.004424778761061947	0.0	0.0	0.0	0.0	0.0	0.0	0.0	0.0	0.0	0.0	0.0	0.0	0.0	0.0	0.0	0.0	0.0
Bacteria	Firmicutes	Bacilli	Lactobacillales	Lactobacillaceae	Lactiplantibacillus	Lactiplantibacillus_pentosus	0.0	0.0	0.0	0.0	0.046106753395829356	0.03518850987432675	0.0	0.0	0.0	0.0	0.010149368058215244	0.0	0.0	0.0	0.0	0.0	0.0	0.04778018408229561	0.0	0.011895722601872943	0.060905151661049595	0.0	0.05140434552199258	0.0	0.0	0.0	0.0	0.0	0.0	0.06018269747447607	0.038593481989708404	0.0	0.03675856307435255	0.0	0.0	0.0	0.0	0.03793626707132018	0.0	0.0	0.05314371257485029	0.0	0.0	0.01222921034241789	0.0
Bacteria	Firmicutes	Bacilli	Lactobacillales	Lactobacillaceae	Lactiplantibacillus	Lactiplantibacillus_plantarum	0.09922178988326848	0.050080775444264924	0.054190508246381684	0.0	0.17313946814616418	0.1080789946140036	0.0	0.0	0.0	0.050236966824644555	0.06338567598621217	0.0	0.006005490734385725	0.0944578313253012	0.08785310734463277	0.0	0.037410394265232974	0.16811044937736871	0.10810810810810811	0.032649962034927864	0.2164179104477612	0.03016323633782824	0.13685744568097508	0.04846572985374247	0.018993668777074306	0.0	0.017883135787065917	0.015486725663716814	0.00471804088968771	0.20687802256851148	0.10806174957118354	0.0	0.17815371762740184	0.06272617611580217	0.0	0.0	0.010662038184973965	0.13884673748103188	0.0	0.05098280098280099	0.10928143712574846	0.0	0.007846277021617292	0.03773584905660377	0.01759425493716338
Bacteria	Firmicutes	Bacilli	Lactobacillales	Lactobacillaceae	Lactobacillus	Lactobacillus_amylovorus	0.0	0.0	0.0	0.0	0.03041897838148078	0.02286056253740275	0.0	0.0	0.0	0.0	0.0	0.0	0.0	0.0	0.0	0.0	0.0	0.03451543042772063	0.0	0.0	0.04236880115551277	0.0	0.040143084260731314	0.0	0.0	0.0	0.0	0.0	0.0	0.0	0.0137221269296741	0.0	0.023391812865497078	0.0	0.0	0.0	0.0	0.022129489124936775	0.0	0.0	0.0	0.0	0.0	0.0	0.0
Bacteria	Firmicutes	Bacilli	Lactobacillales	Lactobacillaceae	Lactobacillus	Lactobacillus_crispatus	0.0	0.0	0.0	0.0	0.0	0.0	0.01512151215121512	0.0	0.03695532266960838	0.0	0.0	0.022861101489435404	0.0	0.0	0.0	0.0	0.0	0.0	0.645824929407019	0.0	0.0	0.0	0.0	0.0	0.0	0.01633986928104575	0.0	0.0	0.0	0.0	0.0	0.0	0.0	0.028468033775633294	0.0	0.008229098090849244	0.0	0.0	0.0	0.0	0.0	0.043263021954369346	0.0	0.0	0.0
Bacteria	Firmicutes	Bacilli	Lactobacillales	Lactobacillaceae	Lactobacillus	Lactobacillus_delbrueckii	0.0	0.0	0.0	0.0	0.0	0.0	0.0	0.0	0.0	0.0	0.0	0.0	0.0	0.0	0.0	0.0	0.0	0.0	0.0	0.0	0.0	0.0	0.0	0.0	0.0	0.0	0.0	0.0	0.0	0.0	0.0	0.0	0.0	0.0	0.0	0.0	0.0	0.0	0.0	0.0	0.0	0.0	0.0	0.0	0.7698384201077201
Bacteria	Firmicutes	Bacilli	Lactobacillales	Lactobacillaceae	Lactobacillus	Lactobacillus_iners	0.0	0.0	0.0	0.012861271676300579	0.07729098909508324	0.0	0.07344734473447345	0.0	0.016547159404302257	0.0	0.0	0.0	0.07017844886753603	0.0	0.0	0.0	0.0	0.0	0.0	0.0	0.0	0.0	0.0	0.0	0.0	0.0	0.0	0.0	0.0	0.0	0.0	0.0	0.0	0.0	0.0	0.0	0.0	0.0	0.0	0.0	0.0	0.0	0.0	0.0	0.0
Bacteria	Firmicutes	Bacilli	Lactobacillales	Lactobacillaceae	Lapidilactobacillus	Lapidilactobacillus_dextrinicus	0.0	0.0	0.0	0.0	0.0	0.0	0.0	0.0	0.0	0.0	0.0	0.0	0.0	0.0	0.020056497175141245	0.0	0.0	0.0	0.0	0.0	0.0	0.0	0.0	0.0	0.0	0.0	0.0	0.0	0.0	0.0	0.0	0.0	0.0	0.008443908323281063	0.0	0.0	0.0	0.0	0.0	0.0	0.0	0.0	0.0	0.0	0.0
Bacteria	Firmicutes	Bacilli	Lactobacillales	Lactobacillaceae	Latilactobacillus	Latilactobacillus_curvatus	0.0	0.0	0.0	0.011705202312138728	0.0	0.0	0.0	0.0	0.0	0.0	0.0	0.0	0.0	0.0	0.0	0.0	0.0	0.0	0.0	0.0	0.0	0.0	0.0	0.0	0.05431522825724757	0.0	0.0	0.04740834386852086	0.0	0.0	0.0	0.0	0.008563074352548038	0.0	0.0	0.0	0.03719315645921151	0.0	0.0	0.0	0.0	0.0	0.0	0.0	0.03411131059245961
Bacteria	Firmicutes	Bacilli	Lactobacillales	Lactobacillaceae	Levilactobacillus	Levilactobacillus_brevis	0.05642023346303501	0.0	0.0	0.004190751445086705	0.053950640903003645	0.0357869539198085	0.0	0.0	0.0	0.08278041074249605	0.014745308310991958	0.0	0.0	0.03228915662650602	0.12881355932203392	0.0	0.0	0.06402273957769357	0.1290843081887858	0.0	0.06307173808377468	0.03442157558552164	0.0613407525172231	0.024949813593346717	0.012995668110629788	0.0	0.028280307756290285	0.018331226295828066	0.0	0.07254164427727026	0.04173813607775872	0.0	0.07497911445279867	0.09360675512665864	0.0	0.0	0.01190181006694768	0.04147698533131007	0.0	0.0	0.07934131736526943	0.006241928540680154	0.0	0.023410202655485674	0.014003590664272892
Bacteria	Firmicutes	Bacilli	Lactobacillales	Lactobacillaceae	Limosilactobacillus	Limosilactobacillus_fermentum	0.18968871595330739	0.0	0.05890272635476271	0.034682080924855495	0.020661947579873736	0.0	0.01908190819081908	0.022291466922339402	0.0	0.012954186413902054	0.0	0.0	0.05301990391214825	0.0	0.12994350282485875	1.0093576125442592	0.0	0.0	1.6587333602258976	0.0	0.0556090515166105	0.05713271823988643	0.0	0.0	0.12129290236587803	0.0	0.07548346849656892	0.12800252844500631	0.054369804538306	0.0	0.038593481989708404	0.0	0.028195488721804513	0.0718938480096502	0.016433853738701727	0.045918367346938785	1.1304240019836351	0.0	0.02233965889983185	0.0	0.0	0.00581145071028842	0.06741393114491592	0.0	0.0
Bacteria	Firmicutes	Bacilli	Lactobacillales	Lactobacillaceae	Limosilactobacillus	Limosilactobacillus_mucosae	0.0	0.0	0.0	0.0	0.0	0.0	0.0	0.0	0.0	0.03380726698262243	0.0	0.0	0.0	0.0	0.045480225988700565	0.0	0.0	0.0	0.04679306171843485	0.0	0.0	0.0	0.0	0.0	0.0	0.0	0.0	0.0	0.0	0.0	0.0	0.0	0.0	0.021712907117008445	0.0	0.0	0.0	0.0	0.0	0.0	0.0	0.0	0.0	0.0	0.0
Bacteria	Firmicutes	Bacilli	Lactobacillales	Lactobacillaceae	Limosilactobacillus	Limosilactobacillus_panis	0.0	0.0	0.0	0.0	0.0	0.0	0.0	0.0	0.0	0.0	0.0	0.0	0.0	0.0	0.0	0.0	0.0	0.0	0.0	0.0	0.012277323062108813	0.0	0.0	0.0	0.0	0.0	0.0	0.0	0.0	0.0	0.0	0.0	0.0	0.0	0.0	0.0	0.0	0.0	0.0	0.0	0.0	0.0	0.0	0.0	0.0
Bacteria	Firmicutes	Bacilli	Lactobacillales	Lactobacillaceae	Limosilactobacillus	Limosilactobacillus_vaginalis	0.0	0.0	0.0	0.0	0.0	0.0	0.0	0.0	0.0	0.0	0.0	0.0	0.0	0.0	0.0	0.0	0.0	0.0	0.0	0.0	0.012999518536350507	0.0	0.0	0.0	0.0	0.0	0.0	0.0	0.0	0.0	0.0	0.0	0.0	0.0	0.0	0.0	0.0	0.0	0.0	0.0	0.0	0.0	0.0	0.0	0.0
Bacteria	Firmicutes	Bacilli	Lactobacillales	Lactobacillaceae	Loigolactobacillus	Loigolactobacillus_coryniformis	0.0	0.0	0.0	0.0	0.0	0.0	0.0	0.0	0.0	0.0	0.0	0.0	0.0	0.0	0.0	0.0	0.0	0.0	0.0	0.0	0.0	0.0	0.0	0.0	0.005331556147950683	0.0	0.0	0.012958280657395703	0.0	0.0	0.0	0.0	0.0	0.0	0.0	0.0	0.003967270022315894	0.0	0.0	0.0	0.0	0.0	0.0	0.0	0.0
Bacteria	Firmicutes	Bacilli	Lactobacillales	Lactobacillaceae	Paucilactobacillus	Paucilactobacillus_nenjiangensis	0.0	0.0	0.0	0.0	0.0	0.0	0.0	0.0	0.0	0.0	0.0	0.0	0.0	0.0	0.0	0.0	0.0	0.0	0.0	0.0	0.0	0.0	0.0	0.0	0.0	0.0	0.0	0.0	0.0	0.0	0.0	0.0	0.0	0.003860072376357057	0.0	0.0	0.0	0.0	0.0	0.0	0.0	0.0	0.0	0.0	0.0
Bacteria	Firmicutes	Bacilli	Lactobacillales	Lactobacillaceae	Paucilactobacillus	Paucilactobacillus_vaccinostercus	0.0	0.0	0.0	0.0	0.019131432944327533	0.016995810891681628	0.0	0.0	0.0	0.0	0.0	0.0	0.0	0.0	0.0	0.0	0.0	0.02138603140227396	0.0	0.0	0.013962445835339432	0.0	0.017620561738208796	0.0	0.0	0.0	0.0	0.0	0.0	0.04459967759269209	0.0	0.0	0.010442773600668339	0.0	0.0	0.0	0.0	0.023141122913505313	0.0	0.0	0.0	0.0	0.0	0.0	0.0
Bacteria	Firmicutes	Bacilli	Lactobacillales	Lactobacillaceae	Pediococcus	Pediococcus_acidilactici	0.0	0.0	0.03231235274318411	0.0	0.05528984120910657	0.04225014961101137	0.0	0.0	0.0	0.015165876777251184	0.0	0.0	0.004118050789293068	0.028915662650602407	0.0	0.0	0.013440860215053764	0.06497022198159177	0.0	0.0240445456846368	0.06836783822821378	0.0	0.052199258081611015	0.03412675652423287	0.0	0.0	0.0	0.0	0.0	0.09887157442235354	0.03430531732418525	0.0	0.04385964912280702	0.017370325693606758	0.0	0.0	0.0	0.046408700050581696	0.0	0.0	0.07185628742514967	0.0	0.0	0.0	0.0
Bacteria	Firmicutes	Bacilli	Lactobacillales	Lactobacillaceae	Pediococcus	Pediococcus_pentosaceus	0.0	0.0	0.0	0.0	0.021044576238760285	0.018432076600837823	0.0	0.0	0.0	0.07646129541864138	0.0	0.0	0.03431708991077557	0.0	0.11694915254237288	0.04400606980273141	0.0	0.035733622089875475	0.07018959257765227	0.0	0.026480500722195474	0.04613200851667848	0.017488076311605722	0.0	0.0	0.0	0.01351632355999168	0.0	0.0	0.0	0.018867924528301886	0.0	0.05075187969924812	0.05838359469240049	0.0	0.0	0.0	0.0	0.05765073264472736	0.0	0.0	0.0	0.042594075260208156	0.0	0.0
Bacteria	Firmicutes	Bacilli	Lactobacillales	Lactobacillaceae	Pediococcus	Pediococcus_stilesii	0.0	0.0	0.0	0.0	0.0	0.0	0.0	0.0	0.0	0.0	0.0	0.0	0.02779684282772821	0.0	0.0	0.03262518968133536	0.0	0.0	0.0	0.0	0.0	0.0	0.0	0.0	0.0	0.0	0.0	0.0	0.0	0.0	0.0	0.0	0.0	0.0	0.012941659819227609	0.0	0.0	0.0	0.01153014652894547	0.0	0.0	0.0	0.02065652522017614	0.0	0.0
Bacteria	Firmicutes	Bacilli	Lactobacillales	Lactobacillaceae	Schleiferilactobacillus	Schleiferilactobacillus_harbinensis	0.0	0.0	0.0	0.0	0.0	0.0	0.0	0.0	0.0	0.0	0.0	0.0	0.0	0.0	0.0	0.0	0.0	0.0	0.0	0.0	0.0	0.0	0.0	0.0	0.0033322225924691767	0.0	0.0	0.0	0.0	0.0	0.0	0.0	0.0	0.0	0.0	0.0	0.0	0.0	0.0	0.0	0.0	0.0	0.0	0.0	0.0
Bacteria	Firmicutes	Bacilli	Lactobacillales	Lactobacillaceae	Weissella	Weissella_cibaria	0.0	0.0	0.0	0.0	0.0	0.0	0.0	0.0	0.0	0.0	0.0	0.0	0.0	0.0	0.0	0.0	0.0	0.0	0.0	0.0	0.0	0.0	0.0	0.0	0.0	0.0	0.0	0.0	0.0	0.0	0.0	0.0	0.0	0.0	0.0	0.0	0.0	0.0	0.0	0.0	0.0	0.0	0.0028823058446757403	0.0	0.0
Bacteria	Firmicutes	Bacilli	Lactobacillales	Lactobacillaceae	Weissella	Weissella_confusa	0.0	0.0	0.0	0.009682080924855492	0.0	0.0	0.0	0.0	0.0	0.0	0.0	0.0	0.0	0.0	0.0	0.0	0.0	0.0	0.0	0.0	0.0	0.0	0.0	0.0	0.0	0.0	0.0	0.0	0.0	0.0	0.0	0.0	0.0	0.0	0.0	0.06895984200131666	0.0	0.0	0.0	0.0	0.0	0.0	0.0	0.0	0.0
Bacteria	Firmicutes	Bacilli	Lactobacillales	Lactobacillaceae	Weissella	Weissella_paramesenteroides	0.0	0.0	0.0	0.0	0.08283910464893822	0.05864751645721125	0.0	0.0	0.0	0.07140600315955765	0.0	0.0	0.0	0.0	0.16977401129943503	0.0	0.0	0.08662696264212237	0.1589350544574425	0.0	0.1133846894559461	0.03335699077359829	0.09234234234234233	0.0	0.0	0.0	0.03119151590767311	0.0	0.0	0.0	0.08604917095483133	0.0	0.04741019214703426	0.1365500603136309	0.0	0.0	0.0	0.08573596358118361	0.0	0.0	0.0	0.0	0.0	0.0	0.0
Bacteria	Firmicutes	Bacilli	Lactobacillales	Lactobacillaceae	Weissella	Weissella_soli	0.0	0.0	0.0	0.0	0.0	0.0	0.0	0.0	0.0	0.0	0.0	0.0	0.0	0.0	0.007909604519774011	0.0	0.0	0.0	0.0	0.0	0.0	0.0	0.0	0.0	0.0	0.0	0.0	0.0	0.0	0.0	0.0	0.0	0.0	0.0	0.0	0.0	0.0	0.0	0.0	0.0	0.0	0.0	0.0	0.0	0.0
Bacteria	Firmicutes	Bacilli	Lactobacillales	Listeriaceae	Listeria	Listeria_monocytogenes	0.0	0.0	0.0	0.0	0.0	0.0	0.0	0.0	0.0	0.0	0.0	0.0	0.0	0.0	0.0	0.0	0.0	0.0	0.0	0.0	0.0	0.0	0.0	0.0	0.0	0.0	0.0022873778332293615	0.0	0.0	0.0	0.0	0.0	0.0	0.0	0.0	0.0	0.0	0.0	0.0	0.0	0.0	0.0	0.0	0.0	0.0
Bacteria	Firmicutes	Bacilli	Lactobacillales	Streptococcaceae	Lactococcus	Lactococcus_garvieae	0.0	0.0	0.0	0.0	0.0	0.0	0.0	0.0	0.0	0.0	0.0	0.0	0.0	0.0	0.023728813559322035	0.0	0.0	0.0	0.0	0.0	0.0	0.0	0.0	0.0	0.0	0.0	0.0	0.02654867256637168	0.0	0.0	0.0	0.0	0.0	0.0	0.0	0.0	0.0	0.0	0.0	0.0	0.0	0.0	0.0	0.0	0.0
Bacteria	Firmicutes	Bacilli	Lactobacillales	Streptococcaceae	Lactococcus	Lactococcus_garvieae_A	0.0	0.0	0.0	0.0	0.0	0.0	0.0	0.0	0.0	0.0	0.0	0.0	0.0	0.0	0.0	0.0	0.0	0.0	0.0	0.0	0.0	0.0	0.0	0.0	0.02732422525824725	0.0	0.0	0.0	0.0	0.0	0.0	0.0	0.0	0.0	0.0	0.0	0.020332258864368957	0.0	0.0	0.0	0.0	0.0	0.0	0.0	0.02944344703770198
Bacteria	Firmicutes	Bacilli	Lactobacillales	Streptococcaceae	Lactococcus	Lactococcus_lactis	0.0	0.0	0.0	0.028323699421965318	0.0	0.0	0.0	0.0	0.013421584850156277	0.16682464454976303	0.0	0.0	0.012525737817433083	0.0819277108433735	0.2214689265536723	0.018462316641375823	0.0	0.0	0.07462686567164178	0.0	0.0	0.0	0.0	0.0	0.24491836054648447	0.08725490196078431	0.038677479725514656	0.3350189633375474	0.0	0.0	0.0	0.0	0.2009189640768588	0.17249698431845598	0.0	0.0	0.14604512769650385	0.0	0.029305789094403074	0.0	0.1639221556886227	0.0	0.01953562850280224	0.0	0.22836624775583486
Bacteria	Firmicutes	Bacilli	Lactobacillales	Streptococcaceae	Lactococcus	Lactococcus_lactis_A	0.0	0.0	0.0	0.0	0.012818060072699448	0.0	0.0	0.0	0.0	0.9273301737756714	0.0	0.04641496363006582	0.0	0.0	1.1576271186440679	0.0	0.0	0.0	1.0786607503025414	0.0	0.0	0.26082327892122065	0.0	0.0	0.0	0.0	0.31773757537949676	0.0	0.03504830375196585	0.0	0.0	0.0	0.0	0.8731001206272618	0.0	0.0	0.0	0.0	0.0	0.0	0.0	0.028842014636246232	0.0	0.0	0.0
Bacteria	Firmicutes	Bacilli	Lactobacillales	Streptococcaceae	Lactococcus	Lactococcus_lactis_E	0.0	0.0	0.0	0.0	0.0	0.0	0.0	0.0	0.0	0.0	0.0	0.0	0.0	0.0	0.037005649717514126	0.0	0.0	0.0	0.0	0.0	0.0	0.0	0.0	0.0	0.0	0.0	0.0	0.0	0.0	0.0	0.0	0.0	0.0	0.0	0.0	0.0	0.0	0.0	0.0	0.0	0.0	0.0	0.0	0.0	0.0
Bacteria	Firmicutes	Bacilli	Lactobacillales	Streptococcaceae	Lactococcus	Lactococcus_petauri	0.0	0.0	0.0	0.01907514450867052	0.007078630189401187	0.0	0.0	0.0	0.0	0.0	0.039256989659134434	0.0	0.0	0.0	0.029943502824858758	0.0	0.0	0.0	0.0	0.0	0.022388059701492536	0.0	0.0	0.06395182104961285	0.06464511829390203	0.0	0.0	0.10050568900126423	0.0	0.0	0.0	0.0	0.20405179615705932	0.00916767189384801	0.0	0.0	0.05802132407636995	0.0	0.0	0.0	0.0	0.0	0.0	0.0	0.06929982046678637
Bacteria	Firmicutes	Bacilli	Lactobacillales	Streptococcaceae	Streptococcus	Streptococcus_agalactiae	0.23540856031128402	0.0	0.0	0.0	0.0	0.0	0.01638163816381638	0.02181208053691275	0.0	0.03823064770932069	0.0	0.0	0.04169526424159231	0.0	0.15451977401129943	0.9615579160343956	0.0	0.0	1.835014118596208	0.0	0.04381319210399615	0.0	0.00397456279809221	0.0	0.1206264578473842	0.0	0.05032231233104595	0.08628318584070797	0.04740507751067176	0.0	0.0	0.0	0.08291562238930661	0.13196622436670688	0.0	0.05480579328505597	1.109347879990082	0.0037936267071320183	0.0	0.0	0.0	0.019586741282823936	0.05828662930344275	0.0	0.03267504488330342
Bacteria	Firmicutes	Bacilli	Lactobacillales	Streptococcaceae	Streptococcus	Streptococcus_alactolyticus	0.0	0.0	0.0	0.0	0.0	0.0	0.0	0.0	0.0	0.0	0.0	0.0	0.0	0.0	0.01807909604519774	0.0	0.0	0.0	0.0	0.0	0.0	0.0	0.0	0.0	0.0	0.0	0.0	0.0	0.0	0.0	0.0	0.0	0.0	0.0	0.0	0.0	0.0	0.0	0.0	0.0	0.0	0.0	0.0	0.0	0.0
Bacteria	Firmicutes	Bacilli	Lactobacillales	Streptococcaceae	Streptococcus	Streptococcus_cristatus	0.0	0.0	0.0	0.01184971098265896	0.0	0.0	0.0	0.0	0.0	0.0	0.0	0.0	0.0	0.0	0.0	0.0	0.0	0.0	0.0	0.0	0.0	0.0	0.0	0.0	0.0	0.0	0.0	0.0	0.0	0.0	0.0	0.0	0.0	0.0	0.0	0.0	0.0	0.0	0.0	0.0	0.0	0.0	0.0	0.0	0.0
Bacteria	Firmicutes	Bacilli	Lactobacillales	Streptococcaceae	Streptococcus	Streptococcus_gordonii	0.0	0.0	0.0	0.0	0.0	0.0	0.0	0.0	0.0	0.0	0.0	0.0	0.0	0.0	0.0	0.0	0.0	0.0	0.0	0.0	0.0	0.0	0.0	0.0	0.0	0.0	0.0	0.0	0.0	0.0	0.0	0.0	0.0	0.0	0.0	0.0	0.0	0.0	0.0	0.0	1.42065868263473	0.0	0.0	0.0	0.0
Bacteria	Firmicutes	Bacilli	Lactobacillales	Streptococcaceae	Streptococcus	Streptococcus_mutans	0.0	0.0	0.0	0.0	0.016644346661564953	0.0	0.0	0.0	0.0	0.03665086887835703	0.0	0.0	0.01990391214824983	0.0	0.07372881355932204	0.8151239251390996	0.0	0.0	1.3001210165389268	0.0	0.0	0.0	0.0	0.0	0.06764411862712429	0.0284313725490196	0.04824287793720108	0.09134007585335019	0.0	0.0	0.0	0.0	0.0	0.06996381182147167	0.0	0.03818301514154049	0.7775849243739152	0.0	0.0	0.0	0.0	0.0	0.03250600480384307	0.0	0.0
Bacteria	Firmicutes	Bacilli	Lactobacillales	Streptococcaceae	Streptococcus	Streptococcus_oralis	0.0	0.0	0.0	0.0	0.0	0.0	0.0	0.0	0.0	0.0	0.0	0.0	0.0	0.0	0.0	0.0	0.0	0.0	0.0	0.0	0.0	0.0	0.0	0.0	0.0	0.0	0.0	0.0	0.0	0.0	0.0	0.0	0.0	0.0	0.0	0.0	0.0	0.0	0.0	0.0	3.670658682634729	0.0	0.0	0.0	0.0
Bacteria	Firmicutes	Bacilli	Lactobacillales	Streptococcaceae	Streptococcus	Streptococcus_ratti	0.0	0.0	0.0	0.0	0.0	0.0	0.0	0.0	0.0	0.0	0.0	0.0	0.0	0.0	0.0	0.0	0.0	0.0	0.0	0.0	0.0	0.0	0.0	0.31402351591626043	0.0	0.0	0.0	0.0	0.0	0.0	0.0	0.0	0.0	0.0	0.0	0.0	0.0	0.0	0.0	0.0	0.0	0.0	0.0	0.0	0.0
Bacteria	Firmicutes	Bacilli	Lactobacillales	Streptococcaceae	Streptococcus	Streptococcus_sanguinis	0.0	0.0	0.0	0.0	0.0	0.0	0.0	0.0	0.0	0.0	0.0	0.0	0.0	0.0	0.0	0.0	0.0	0.0	0.0	0.0	0.0	0.0	0.0	0.0	0.0	0.0	0.0	0.0	0.0	0.0	0.0	0.0	0.0	0.0	0.0	0.0	0.0	0.0	0.0	0.0	0.927395209580838	0.0	0.0	0.0	0.0
Bacteria	Firmicutes	Bacilli	Lactobacillales	Streptococcaceae	Streptococcus	Streptococcus_sanguinis_E	0.0	0.0	0.0	0.0	0.0	0.0	0.0	0.0	0.0	0.0	0.0	0.0	0.0	0.0	0.0	0.0	0.0	0.0	0.0	0.0	0.0	0.0	0.0	0.0	0.0	0.0	0.0	0.0	0.0	0.0	0.0	0.0	0.0	0.0	0.0	0.0	0.0	0.0	0.0	0.0	0.46931137724550887	0.0	0.0	0.0	0.0
Bacteria	Firmicutes	Bacilli	Lactobacillales	Streptococcaceae	Streptococcus	Streptococcus_sanguinis_H	0.0	0.0	0.0	0.0	0.0	0.0	0.0	0.0	0.0	0.0	0.0	0.0	0.0	0.0	0.0	0.0	0.0	0.0	0.0	0.0	0.0	0.0	0.0	0.0	0.0	0.0	0.0	0.0	0.0	0.0	0.0	0.0	0.0	0.0	0.0	0.0	0.0	0.0	0.0	0.0	1.0800898203592812	0.0	0.0	0.0	0.0
Bacteria	Firmicutes	Bacilli	Lactobacillales	Streptococcaceae	Streptococcus	Streptococcus_sp001587175	0.0	0.0	0.0	0.0	0.0	0.0	0.0	0.0	0.0	0.0	0.0	0.0	0.0	0.0	0.0	0.0	0.0	0.0	0.0	0.0	0.0	0.0	0.0	0.0	0.0	0.0	0.0	0.0	0.0	0.0	0.0	0.0	0.0	0.0	0.0	0.0	0.0	0.0	0.0	0.0	0.5673652694610777	0.0	0.0	0.0	0.0
Bacteria	Firmicutes	Bacilli	Lactobacillales	Streptococcaceae	Streptococcus	Streptococcus_sp001811505	0.0	0.0	0.0	0.0	0.0	0.0	0.0	0.0	0.0	0.0	0.0	0.0	0.0	0.0	0.0	0.0	0.0	0.0	0.0	0.0	0.0	0.0	0.0	0.0	0.0	0.0	0.0	0.0	0.0	0.0	0.0	0.0	0.0	0.005307599517490953	0.0	0.0	0.0	0.0	0.0	0.0	0.0	0.0	0.0	0.0	0.0
Bacteria	Firmicutes	Bacilli	Lactobacillales	Vagococcaceae	Vagococcus	Vagococcus_fluvialis	0.0	0.0	0.0	0.0	0.0	0.0	0.0	0.0	0.0	0.0	0.0	0.0	0.0	0.0	0.04406779661016949	0.0	0.0	0.0	0.0	0.0	0.0	0.0	0.0	0.0	0.0	0.0	0.0	0.0	0.0	0.0	0.0	0.0	0.0	0.01857659831121834	0.0	0.0	0.0	0.0	0.0	0.0	0.0	0.0	0.0	0.0	0.0
Bacteria	Firmicutes	Bacilli	Mycoplasmatales	Mycoplasmoidaceae	Ureaplasma	Ureaplasma_parvum	0.0	0.0	0.0	0.0	0.0	0.0	0.0	0.0	0.0	0.0	0.0	0.0	0.0	0.0	0.0	0.0	0.0	0.0	0.0	0.0	0.0	0.8062455642299502	0.0	0.0	0.0	0.0	0.0	0.0	0.0	0.0	0.0	0.0	0.0	0.0	0.0	0.0	0.0	0.0	0.0	0.0	0.0	0.0	0.0	0.0	0.0
Bacteria	Firmicutes	Bacilli	Paenibacillales	Paenibacillaceae	Paenibacillus_O	Paenibacillus_O_humicus	0.0	0.0	0.002692696061932009	0.0	0.0	0.0	0.0	0.0	0.0	0.0	0.0	0.0	0.0	0.0	0.0	0.0	0.0	0.0	0.0	0.0	0.0	0.0	0.0	0.0	0.0	0.0	0.0	0.0	0.0	0.0	0.0	0.0	0.0	0.0012062726176115804	0.0	0.0	0.0	0.0	0.0	0.0	0.0	0.0	0.0	0.0	0.0
Bacteria	Firmicutes	Bacilli	Paenibacillales	Paenibacillaceae	Saccharibacillus	Saccharibacillus_brassicae	0.0	0.0	0.0	0.0	0.0	0.0	0.0	0.0	0.0	0.0	0.0	0.0	0.0	0.0	0.0	0.0	0.0	0.0	0.0	0.0	0.0	0.0	0.0	0.0	0.0	0.0	0.0	0.0	0.0	0.0	0.0	0.0	0.0	0.0	0.0	0.0	0.0	0.0	0.0	0.0	0.0	0.0	0.00016012810248198557	0.0	0.0
Bacteria	Firmicutes	Bacilli	Staphylococcales	DSM-29158	Abyssicoccus	Abyssicoccus_albus	0.0	0.0	0.0	0.0036127167630057807	0.0	0.0	0.0	0.0	0.0	0.0	0.0	0.0	0.0	0.0	0.0	0.0	0.0	0.0	0.0	0.0	0.0	0.0	0.0	0.0	0.0	0.0	0.0	0.0	0.0	0.0	0.0	0.0	0.031119465329991648	0.0	0.0	0.0	0.0	0.0	0.0	0.0	0.0	0.0	0.0	0.0	0.0
Bacteria	Firmicutes	Bacilli	Staphylococcales	Gemellaceae	Gemella	Gemella_morbillorum	0.0	0.0	0.0	0.0	0.0	0.0	0.0	0.0	0.0	0.0	0.0	0.0	0.0	0.0	0.0	0.0	0.0	0.0	0.0	0.0	0.0	0.0	0.0	0.0	0.0	0.0	0.0	0.0	0.0	0.0	0.0	0.0	0.0	0.0	0.0	0.0	0.0	0.0	0.0	0.0	0.19985029940119756	0.0	0.0	0.0	0.0
Bacteria	Firmicutes	Bacilli	Staphylococcales	Salinicoccaceae	Jeotgalicoccus	Jeotgalicoccus_aerolatus	0.0	0.0	0.0	0.0	0.0	0.0	0.0	0.0	0.0	0.0	0.0	0.0	0.0	0.0	0.0	0.0	0.008288530465949821	0.0	0.0	0.0	0.0	0.0	0.0	0.0	0.0	0.0	0.0	0.0	0.0	0.0	0.0	0.0	0.0	0.0	0.0	0.0	0.0	0.0	0.0	0.0	0.0	0.0	0.0	0.0	0.0
Bacteria	Firmicutes	Bacilli	Staphylococcales	Salinicoccaceae	Jeotgalicoccus	Jeotgalicoccus_halotolerans	0.0	0.0	0.0	0.0	0.0	0.0	0.0	0.0	0.0	0.0	0.0	0.0169726359542778	0.0	0.0	0.0	0.0	0.0	0.0	0.023396530859217425	0.0	0.0	0.0	0.0	0.0	0.0	0.0	0.009149511332917446	0.0	0.0	0.0	0.0	0.0	0.0	0.0	0.0	0.0	0.0	0.0	0.0	0.0	0.0	0.0	0.0	0.0	0.0
Bacteria	Firmicutes	Bacilli	Staphylococcales	Salinicoccaceae	Jeotgalicoccus	Jeotgalicoccus_marinus	0.0	0.0	0.0	0.0	0.0	0.0	0.0	0.0	0.0	0.0	0.0	0.0	0.007035003431708992	0.0	0.0	0.0	0.0	0.0	0.0	0.0	0.0	0.0	0.0	0.0	0.0	0.0	0.0	0.0	0.0	0.0	0.0	0.0	0.0	0.0	0.0	0.0	0.0	0.0	0.0	0.0	0.0	0.0	0.0	0.0	0.0
Bacteria	Firmicutes	Bacilli	Staphylococcales	Salinicoccaceae	Jeotgalicoccus	Jeotgalicoccus_nanhaiensis	0.0	0.0	0.0	0.0	0.0	0.0	0.0	0.0	0.0	0.0	0.0	0.0	0.0	0.0	0.0	0.0	0.0	0.0	0.027833803953206938	0.0	0.0	0.0	0.0	0.0	0.0	0.0	0.01434809731752963	0.0	0.0	0.0	0.0	0.0	0.0	0.0	0.0	0.0	0.0	0.0	0.0	0.0	0.0	0.0	0.0	0.0	0.0
Bacteria	Firmicutes	Bacilli	Staphylococcales	Salinicoccaceae	Salinicoccus	Salinicoccus_qingdaonensis	0.0	0.0	0.013463480309660046	0.0	0.0	0.0	0.0	0.0	0.0	0.0	0.0	0.0	0.0	0.0	0.0	0.0	0.0	0.0	0.0	0.0	0.0	0.0	0.0	0.0	0.0	0.0	0.0	0.0	0.0	0.0	0.0	0.0	0.0	0.0	0.0	0.0	0.0	0.0	0.0	0.0	0.0	0.0	0.0	0.0	0.0
Bacteria	Firmicutes	Bacilli	Staphylococcales	Staphylococcaceae	Macrococcus_B	Macrococcus_B_caseolyticus	0.0	0.0	0.0	0.0	0.0	0.0	0.0	0.0	0.0	0.0	0.0	0.0	0.0	0.0	0.0	0.0	0.0	0.0	0.0	0.0	0.0	0.0	0.0	0.0	0.0	0.0	0.0	0.0	0.0	0.0	0.0	0.0	0.033416875522138685	0.0	0.0	0.0	0.0	0.0	0.0	0.0	0.0	0.0	0.0	0.0	0.0
Bacteria	Firmicutes	Bacilli	Staphylococcales	Staphylococcaceae	Staphylococcus	Staphylococcus_aureus	0.36867704280155644	0.0	0.0	0.0	0.0	0.0	0.04608460846084609	0.06399808245445829	0.03125574554145982	0.11532385466034754	0.0	0.0	0.12954701441317776	0.0	0.3833333333333333	1.4615579160343957	0.0	0.0	2.572408229124647	0.0	0.0	0.0	0.0	0.0	0.2879040319893369	0.04117647058823529	0.0	0.30783817951959547	0.0	0.0	0.0	0.02388535031847134	0.15664160401002505	0.2817852834740652	0.0	0.08508887425938119	1.8023803620133896	0.018335862417804757	0.0	0.047502047502047506	0.0	0.052087817477399906	0.20912730184147313	0.0	0.1213644524236984
Bacteria	Firmicutes	Bacilli	Staphylococcales	Staphylococcaceae	Staphylococcus	Staphylococcus_auricularis	0.0	0.0	0.0	0.0	0.0	0.0	0.02808280828082808	0.0	0.0	0.0	0.0	0.0	0.0	0.0	0.0	0.0	0.010528673835125449	0.0	0.0	0.0	0.0	0.0	0.0	0.0	0.0	0.0	0.0	0.0	0.0	0.0	0.0	0.0	0.0	0.0	0.0	0.0	0.0	0.0	0.0	0.0	0.0	0.0	0.0	0.0	0.0
Bacteria	Firmicutes	Bacilli	Staphylococcales	Staphylococcaceae	Staphylococcus	Staphylococcus_capitis	0.0	0.0	0.0	0.0	0.0	0.0	0.0	0.0	0.0	0.0	0.0	0.0	0.0	0.0	0.0	0.0	0.0	0.0	0.0	0.0	0.0	0.0	0.0	0.0	0.0	0.0	0.0	0.07206068268015171	0.0	0.0	0.016009148084619784	0.047372611464968156	0.0	0.0	0.0	0.0	0.0	0.0	0.0	0.0	0.0	0.17800258286698234	0.09111289031224978	0.0	0.0
Bacteria	Firmicutes	Bacilli	Staphylococcales	Staphylococcaceae	Staphylococcus	Staphylococcus_caprae	0.0	0.0	0.0	0.012716763005780347	0.0	0.0	0.0	0.0	0.0	0.0	0.0	0.0	0.0	0.0	0.0	0.0	0.0	0.0	0.0	0.0	0.0	0.0	0.0	0.0	0.0	0.0	0.0	0.0	0.0	0.0	0.0	0.0	0.0	0.0	0.0	0.0	0.0	0.0	0.0	0.0	0.0	0.0	0.0	0.0	0.0
Bacteria	Firmicutes	Bacilli	Staphylococcales	Staphylococcaceae	Staphylococcus	Staphylococcus_cohnii	0.0	0.0	0.0	0.003323699421965318	0.0	0.0	0.0	0.0	0.0	0.0	0.0	0.04710772428126083	0.0	0.0	0.0	0.0	0.0	0.0	0.0	0.0	0.0	0.0	0.0	0.058503011184399205	0.0	0.0	0.0	0.0	0.0	0.0	0.0	0.18232484076433123	0.2769423558897243	0.0	0.0	0.0	0.0	0.0	0.0	0.0	0.0	0.0	0.0	0.0	0.0
Bacteria	Firmicutes	Bacilli	Staphylococcales	Staphylococcaceae	Staphylococcus	Staphylococcus_epidermidis	0.0	0.0	0.0	0.05115606936416185	0.0	0.0	0.07290729072907291	0.1210450623202301	0.0	0.0	0.0	0.368895046761344	0.0	0.0	0.11327683615819209	0.0	0.0	0.0	0.18636546994755948	0.0	0.0	0.07381121362668557	0.0	0.06079724691712074	0.0	0.0	0.21875649823248075	0.0	0.027409570882947654	0.0	0.0	0.08399681528662421	0.0	0.06586248492159229	0.0	0.017445687952600396	0.0	0.0	0.0	0.0	0.0	0.0	0.22433947157726178	0.0	0.0
Bacteria	Firmicutes	Bacilli	Staphylococcales	Staphylococcaceae	Staphylococcus	Staphylococcus_equorum	0.0	0.0	0.0	0.0	0.0	0.0	0.0	0.0	0.0	0.0	0.0	0.0	0.0	0.0	0.0	0.0	0.0	0.0	0.0	0.0	0.0	0.0	0.0	0.0	0.0	0.0	0.0	0.0	0.0	0.0	0.0	0.0	0.009189640768588138	0.0	0.0	0.0	0.0	0.0	0.0	0.0	0.0	0.0	0.0	0.0	0.0
Bacteria	Firmicutes	Bacilli	Staphylococcales	Staphylococcaceae	Staphylococcus	Staphylococcus_haemolyticus	0.0	0.0	0.0	0.045231213872832375	0.0	0.0	0.0	0.0	0.0	0.0	0.0	0.0	0.0	0.0	0.0	0.0	0.0	0.0	0.0	0.0	0.0	0.0	0.0	0.0	0.0	0.0	0.0	0.0	0.0	0.0	0.0	0.0	0.25375939849624063	0.0	0.0	0.0	0.0	0.0	0.0	0.0	0.4468562874251496	0.0	0.0	0.0	0.0
Bacteria	Firmicutes	Bacilli	Staphylococcales	Staphylococcaceae	Staphylococcus	Staphylococcus_hominis	0.0	0.0	0.0	0.0	0.0	0.0	0.0	0.0	0.0	0.0	0.0	0.06027017665396606	0.0	0.0	0.0	0.0	0.0	0.0	0.0	0.0	0.0	0.10716820440028386	0.0	0.0	0.0	0.0	0.04574755666458723	0.0	0.0	0.0	0.0	0.0	0.026942355889724313	0.0	0.0	0.0	0.0	0.0	0.0	0.0	0.3742514970059879	0.0	0.02898318654923939	0.0	0.0
Bacteria	Firmicutes	Bacilli	Staphylococcales	Staphylococcaceae	Staphylococcus	Staphylococcus_pasteuri_A	0.0	0.0	0.0	0.004913294797687861	0.0	0.0	0.0	0.0	0.0	0.0	0.0	0.0	0.0	0.0	0.0	0.0	0.0	0.0	0.0	0.0	0.0	0.0	0.0	0.0	0.0	0.0	0.0	0.0	0.0	0.0	0.0	0.0	0.0	0.0	0.0	0.0	0.0	0.0	0.0	0.0	0.0	0.0	0.0	0.0	0.0
Bacteria	Firmicutes	Bacilli	Staphylococcales	Staphylococcaceae	Staphylococcus	Staphylococcus_pettenkoferi	0.0	0.0	0.0	0.0015895953757225434	0.0	0.0	0.01404140414041404	0.0	0.0	0.0	0.0	0.042258399722895745	0.0	0.0	0.0	0.0	0.0	0.0	0.0	0.0	0.0	0.0	0.0	0.0	0.0	0.0	0.018506966105219378	0.0	0.0	0.0	0.0	0.05334394904458599	0.0	0.0	0.0	0.0	0.0	0.0	0.0	0.00900900900900901	0.08308383233532932	0.0	0.04643714971977582	0.0	0.0
Bacteria	Firmicutes	Bacilli	Staphylococcales	Staphylococcaceae	Staphylococcus	Staphylococcus_saccharolyticus	0.0	0.0	0.0	0.0050578034682080926	0.0	0.0	0.0	0.0	0.0	0.0	0.0	0.09698649116730171	0.0	0.0	0.0	0.0	0.0	0.0	0.0	0.0	0.0	0.0	0.0	0.0	0.0	0.0	0.0	0.0	0.0	0.0	0.0	0.0	0.0	0.0	0.0	0.0	0.0	0.0	0.0	0.0	0.0	0.0	0.0	0.0	0.0
Bacteria	Firmicutes	Bacilli	Staphylococcales	Staphylococcaceae	Staphylococcus	Staphylococcus_saprophyticus	0.0	0.0	0.0	0.0	0.0	0.0	0.0	0.0	0.0	0.9355450236966824	0.0	0.0	0.0	0.0	0.0	0.0	0.0	0.0	0.0	0.0	0.0	0.0	0.0	0.0	0.0	0.0	0.0	0.12768647281921616	0.0	0.0	0.0	0.0	0.05075187969924812	0.0	0.0	0.0	0.0	0.0	0.0	0.0	0.0	0.0	0.0	0.0	0.0
Bacteria	Firmicutes	Bacilli	Staphylococcales	Staphylococcaceae	Staphylococcus	Staphylococcus_succinus	0.0	0.0	0.0	0.0	0.0	0.0	0.0	0.0	0.0	0.0	0.0	0.0	0.0	0.0	0.0	0.0	0.0	0.0	0.0	0.0	0.0	0.0	0.0	0.0	0.0	0.0	0.0	0.0	0.0	0.0	0.0	0.0	0.08688387635756056	0.0	0.0	0.0	0.0	0.0	0.0	0.0	0.0	0.0	0.0	0.0	0.0
Bacteria	Firmicutes	Bacilli	Staphylococcales	Staphylococcaceae	Staphylococcus	Staphylococcus_warneri	0.0	0.0	0.0	0.0	0.0	0.0	0.0	0.0	0.0	0.0	0.0	0.0	0.0	0.0	0.0	0.0	0.022625448028673834	0.0	0.0	0.0	0.0	0.0	0.0	0.0	0.0	0.0	0.0	0.0	0.0	0.0	0.0	0.0	0.0	0.0	0.0	0.0	0.0	0.0	0.0	0.0	0.0	0.0	0.0	0.0	0.0
Bacteria	Firmicutes	Bacilli	Staphylococcales	Staphylococcaceae	Staphylococcus	Staphylococcus_warneri_A	0.0	0.0	0.0	0.0	0.0	0.0	0.0	0.0	0.0	0.0	0.0	0.0	0.0	0.0	0.0	0.0	0.0	0.0	0.0	0.0	0.0	0.0	0.0	0.0	0.0	0.0	0.0	0.0	0.03437429791058189	0.0	0.0	0.0	0.0	0.0	0.0	0.0	0.0	0.0	0.0	0.0	0.0	0.0	0.0	0.0	0.0
Bacteria	Firmicutes	Bacilli	Staphylococcales	Staphylococcaceae	Staphylococcus	Staphylococcus_xylosus	0.0	0.0	0.0	0.0	0.0	0.0	0.0	0.0	0.0	0.0	0.12102642665645348	0.0	0.0	0.0	0.0	0.0	0.013664874551971327	0.0	0.0	0.0	0.0	0.0	0.0	0.0	0.0	0.0	0.0	0.0	0.0	0.0	0.0	0.0	0.0	0.0	0.0	0.0	0.0	0.0	0.0	0.0	0.0	0.0	0.0	0.0	0.0
Bacteria	Firmicutes_A	Clostridia	Clostridiales	Clostridiaceae	Clostridium	Clostridium_beijerinckii	0.0	0.0	0.0	0.0	0.0	0.0	0.0	0.0	0.0	0.0	0.0	0.0	0.0	0.0	0.0	0.0	0.0	0.0	0.07301331181928197	0.0	0.0	0.0	0.0	0.0	0.0	0.0	0.0	0.0	0.0	0.0	0.0	0.0	0.0	0.0	0.0	0.0	0.014877262583684603	0.0	0.0	0.0	0.0	0.0	0.0	0.0	0.0
Bacteria	Firmicutes_A	Clostridia	Clostridiales	Clostridiaceae	Clostridium_B	Clostridium_B_tyrobutyricum	0.0	0.0	0.0	0.014306358381502892	0.0	0.0	0.0	0.0	0.0	0.0	0.0	0.0	0.0	0.0	0.0	0.0	0.0	0.0	0.0	0.0	0.0	0.0	0.0	0.0	0.016327890703098966	0.0	0.0	0.0	0.0	0.0	0.0	0.0	0.0	0.0	0.0	0.0	0.024547483263079598	0.0	0.0	0.0	0.0	0.0	0.0	0.0	0.0
Bacteria	Firmicutes_A	Clostridia	Eubacteriales	Eubacteriaceae	Pseudoramibacter	Pseudoramibacter_alactolyticus	0.0	0.0	0.0	0.0	0.0	0.0	0.0	0.0	0.0	0.0	0.0	0.0	0.0	0.0	0.0	0.0	0.0	0.0	0.0	0.0	0.022147327876745306	0.0	0.0	0.0	0.0	0.0	0.0	0.0	0.0	0.0	0.0	0.0	0.0	0.0	0.0	0.0	0.0	0.0	0.0	0.0	0.0	0.0	0.0	0.0	0.0
Bacteria	Firmicutes_A	Clostridia	Lachnospirales	Lachnospiraceae	CAG-81	CAG-81_sp900066785	0.0	0.0	0.0	0.0	0.0	0.0	0.0	0.0	0.0	0.0	0.0	0.0	0.0	0.0	0.0	0.0	0.0	0.0	0.0	0.0	0.0	0.0	0.0	0.0	0.0	0.0	0.0	0.0	0.014154122669063131	0.0	0.0	0.0	0.0	0.0	0.0	0.0	0.0	0.0	0.0	0.0	0.0	0.0	0.0	0.0	0.0
Bacteria	Firmicutes_A	Clostridia	Lachnospirales	Lachnospiraceae	Coprococcus_A	Coprococcus_A_catus	0.0	0.0	0.0	0.0	0.0	0.0	0.0	0.0	0.0	0.0	0.0	0.0	0.0	0.0	0.0	0.0	0.0	0.0	0.0	0.0	0.009388541165142032	0.0	0.0	0.0	0.0	0.0	0.0	0.0	0.0	0.0	0.0	0.0	0.0	0.0	0.0	0.0	0.0	0.0	0.0	0.0	0.0	0.0	0.0	0.0	0.0
Bacteria	Firmicutes_A	Clostridia	Lachnospirales	Lachnospiraceae	Enterocloster	Enterocloster_sp900540675	0.0	0.0	0.0	0.0	0.0	0.0	0.0	0.0	0.0	0.0	0.0	0.0	0.0	0.0	0.007344632768361582	0.0	0.0	0.0	0.0	0.0	0.0	0.0	0.0	0.0	0.0	0.0	0.0	0.0	0.0	0.0	0.0	0.0	0.0	0.0	0.0	0.0	0.0	0.0	0.0	0.0	0.0	0.0	0.0	0.0	0.0
Bacteria	Firmicutes_A	Clostridia	Lachnospirales	Lachnospiraceae	Fusicatenibacter	Fusicatenibacter_saccharivorans	0.0	0.0	0.0	0.0	0.0	0.0	0.0	0.0	0.0	0.0	0.0	0.008313127814340146	0.0	0.0	0.0	0.0	0.0	0.0	0.0	0.0	0.0	0.0	0.0	0.0	0.0	0.0	0.0	0.0	0.0	0.0	0.0	0.0	0.0	0.0	0.0	0.0	0.0	0.0	0.0	0.0	0.0	0.0	0.0	0.0	0.0
Bacteria	Firmicutes_A	Clostridia	Lachnospirales	Lachnospiraceae	Hungatella	Hungatella_effluvii	0.0	0.0	0.0	0.0	0.0	0.0	0.0	0.0	0.0	0.0	0.0	0.0	0.0	0.0	0.0	0.0	0.0	0.0	0.0	0.0	0.002648050072219548	0.0	0.0	0.0	0.0	0.0	0.0	0.0	0.0	0.0	0.0	0.0	0.0	0.0	0.0	0.0	0.0	0.0	0.0	0.0	0.0	0.0	0.0	0.0	0.0
Bacteria	Firmicutes_A	Clostridia	Lachnospirales	Lachnospiraceae	TF01-11	TF01-11_sp003524945	0.0	0.0	0.0	0.0	0.0	0.0	0.0	0.0	0.0	0.0	0.0	0.0	0.0	0.0	0.0	0.0	0.0	0.0	0.0	0.0	0.0	0.0	0.0025172231054583992	0.0	0.0	0.0	0.0	0.0	0.0	0.0	0.0	0.0	0.0	0.0	0.0	0.0	0.0	0.0	0.0	0.0	0.0	0.0	0.0	0.0	0.0
Bacteria	Firmicutes_A	Clostridia	Oscillospirales	Acutalibacteraceae	CAG-177	CAG-177_sp003538135	0.0	0.0	0.0	0.0	0.0	0.0	0.0	0.0	0.0	0.0	0.0	0.0	0.0	0.0	0.0	0.0	0.0	0.0	0.0	0.0	0.014443909484833897	0.0	0.0	0.0	0.0	0.0	0.0	0.0	0.0	0.0	0.0	0.0	0.0	0.0	0.0	0.0	0.0	0.0	0.0	0.0	0.0	0.0	0.0	0.0	0.0
Bacteria	Firmicutes_A	Clostridia	Oscillospirales	Oscillospiraceae	CAG-83	CAG-83_sp900756715	0.0	0.0	0.0	0.0	0.0	0.0	0.0	0.0	0.0	0.0	0.0	0.0	0.0	0.0	0.0	0.0	0.0	0.0	0.0	0.0	0.0	0.0	0.0	0.0	0.0	0.0	0.0	0.0	0.0	0.0	0.0	0.0	0.0	0.006031363088057902	0.0	0.0	0.0	0.0	0.0	0.0	0.0	0.0	0.0	0.0	0.0
Bacteria	Firmicutes_A	Clostridia	Oscillospirales	Oscillospiraceae	Intestinimonas	Intestinimonas_butyriciproducens	0.0	0.0	0.0	0.0	0.0	0.0	0.0	0.0	0.0	0.0	0.0	0.0	0.0	0.0	0.0	0.0	0.0	0.0	0.0	0.0	0.006981222917669716	0.0	0.0	0.0	0.0	0.0	0.0	0.0	0.0	0.0	0.0	0.0	0.0	0.0	0.0	0.0	0.0	0.0	0.0	0.0	0.0	0.0	0.0	0.0	0.0
Bacteria	Firmicutes_A	Clostridia	Oscillospirales	Ruminococcaceae	Ruminiclostridium_E	Ruminiclostridium_E_siraeum	0.0	0.0	0.0	0.0	0.0	0.0	0.0	0.0	0.0	0.0	0.007276905400229797	0.0	0.0	0.0	0.0	0.0	0.0	0.0	0.0	0.0	0.0	0.0	0.0	0.0	0.0	0.0	0.0	0.0	0.0	0.0	0.0	0.0	0.0	0.0	0.0	0.0	0.0	0.0	0.0	0.0	0.0	0.0	0.0	0.0	0.0
Bacteria	Firmicutes_A	Clostridia	Oscillospirales	Ruminococcaceae	Ruthenibacterium	Ruthenibacterium_lactatiformans	0.0	0.0	0.0	0.0	0.0	0.0	0.0	0.0	0.0	0.0	0.0	0.0	0.0	0.0	0.0	0.0	0.0	0.0	0.0	0.0	0.005296100144439096	0.0	0.0	0.0	0.0	0.0	0.0	0.0	0.0	0.0	0.0	0.0	0.0	0.0	0.0	0.0	0.0	0.0	0.0	0.0	0.0	0.0	0.0	0.0	0.0
Bacteria	Firmicutes_A	Clostridia	Peptostreptococcales	Anaerovoracaceae	Eubacterium_A	Eubacterium_A_nodatum	0.0	0.0	0.0	0.0	0.0	0.0	0.0	0.0	0.0	0.0	0.0	0.0	0.0	0.0	0.0	0.0	0.0	0.0	0.0	0.0	0.0	0.0	0.0	0.0	0.0	0.0	0.0	0.0	0.0	0.0	0.0	0.0	0.0	0.011338962605548855	0.0	0.0	0.0	0.0	0.0	0.0	0.0	0.0	0.0	0.0	0.0
Bacteria	Firmicutes_A	Clostridia	Peptostreptococcales	Anaerovoracaceae	Mogibacterium	Mogibacterium_timidum	0.0	0.0	0.0	0.0	0.0	0.0	0.0	0.0	0.0	0.0	0.0	0.0	0.0	0.0	0.0	0.0	0.0	0.0	0.0	0.0	0.01781415503129514	0.0	0.0	0.0	0.0	0.0	0.0	0.0	0.0	0.0	0.0	0.0	0.0	0.0	0.0	0.0	0.0	0.0	0.0	0.0	0.0	0.0	0.0	0.0	0.0
Bacteria	Firmicutes_A	Clostridia	Peptostreptococcales	Peptostreptococcaceae	Clostridioides	Clostridioides_difficile	0.0	0.0	0.0	0.0	0.0	0.007420706163973668	0.0	0.0	0.0	0.0	0.0	0.0	0.0	0.0	0.11271186440677966	0.0	0.0	0.0	0.0	0.0	0.0	0.0	0.0	0.0	0.0	0.0	0.0	0.0	0.0	0.0	0.0	0.0	0.0	0.0	0.0	0.0	0.0	0.0	0.0	0.0	0.0	0.0	0.0	0.0	0.0
Bacteria	Firmicutes_A	Clostridia	Tissierellales	Peptoniphilaceae	Anaerococcus	Anaerococcus_senegalensis	0.0	0.0	0.0	0.011994219653179192	0.0	0.0	0.0	0.0	0.0	0.0	0.0	0.0	0.0	0.0	0.0	0.0	0.0	0.0	0.0	0.0	0.0	0.0	0.0	0.0	0.0	0.0	0.0	0.0	0.0	0.0	0.0	0.0	0.0	0.0	0.0	0.0	0.0	0.0	0.0	0.0	0.0	0.0	0.0	0.0	0.0
Bacteria	Firmicutes_A	Clostridia	Tissierellales	Peptoniphilaceae	Fenollaria	Fenollaria_massiliensis	0.0	0.0	0.0	0.0	0.0	0.01436265709156194	0.0	0.0	0.0	0.0	0.0	0.0	0.0	0.0	0.0	0.0	0.0	0.0	0.0	0.0	0.0	0.0	0.0	0.0	0.0	0.0	0.0	0.0	0.0	0.0	0.0	0.0	0.0	0.0	0.0	0.0	0.0	0.0	0.0	0.0	0.0	0.0	0.0	0.0	0.0
Bacteria	Firmicutes_A	Clostridia	Tissierellales	Peptoniphilaceae	Finegoldia	Finegoldia_magna	0.0	0.0	0.0	0.0	0.0	0.0	0.0	0.0	0.0	0.0	0.0	0.0	0.0	0.0	0.0	0.0	0.0	0.0	0.0	0.0	0.0	0.0	0.0	0.0	0.0	0.0	0.0	0.0	0.09054145135924511	0.0	0.0	0.0	0.0	0.0	0.0	0.0	0.0	0.0	0.0	0.0	0.0	0.0	0.0	0.0	0.0
Bacteria	Firmicutes_A	Clostridia	Tissierellales	Peptoniphilaceae	Peptoniphilus_C	Peptoniphilus_C_pacaensis	0.0	0.0	0.0	0.0	0.0	0.0	0.0	0.0	0.0	0.0	0.009574875526618154	0.0	0.0	0.0	0.0	0.0	0.0	0.0	0.0	0.0	0.0	0.0	0.0	0.0	0.0	0.0	0.0	0.0	0.0	0.0	0.0	0.0	0.0	0.0	0.0	0.0	0.0	0.0	0.0	0.0	0.0	0.0	0.0	0.0	0.0
Bacteria	Firmicutes_A	Clostridia_A	Christensenellales	CAG-138	SFEL01	SFEL01_sp004557245	0.0	0.0	0.0	0.0	0.0	0.0	0.0	0.0	0.0	0.0	0.0	0.0	0.0	0.0	0.0	0.0	0.018817204301075266	0.0	0.0	0.0	0.0	0.0	0.0	0.0	0.0	0.0	0.0	0.0	0.0	0.0	0.0	0.0	0.0	0.0	0.0	0.0	0.0	0.0	0.0	0.0	0.0	0.0	0.0	0.0	0.0
Bacteria	Firmicutes_C	Negativicutes	Acidaminococcales	Acidaminococcaceae	Acidaminococcus	Acidaminococcus_provencensis	0.0	0.0	0.0	0.0	0.0	0.0	0.0	0.0	0.0	0.0	0.0	0.0	0.0	0.0	0.0	0.0	0.0	0.0	0.0	0.0	0.0	0.0	0.0	0.0	0.0	0.0	0.0	0.01327433628318584	0.0	0.0	0.0	0.0	0.0	0.0	0.0	0.0	0.0	0.0	0.0	0.0	0.0	0.0	0.0	0.0	0.0
Bacteria	Firmicutes_C	Negativicutes	Selenomonadales	Selenomonadaceae	Centipeda	Centipeda_felix	0.0	0.0	0.0	0.0	0.0	0.0	0.0	0.0	0.0005515719801434087	0.0	0.0	0.0	0.0	0.0	0.0	0.0	0.0	0.0	0.0	0.0	0.0	0.0	0.0	0.0	0.0	0.0	0.0	0.0	0.0	0.0	0.0	0.0	0.0	0.0	0.0	0.0	0.0	0.0	0.0	0.0	0.0	0.0	0.00048038430744595665	0.0	0.0
Bacteria	Firmicutes_C	Negativicutes	Selenomonadales	Selenomonadaceae	Centipeda	Centipeda_noxia	0.0	0.0	0.0	0.0	0.0	0.0	0.0	0.0	0.0	0.0	0.0	0.0	0.0	0.0	0.0028248587570621473	0.0	0.0	0.0	0.0	0.0	0.0	0.0	0.0	0.0	0.0	0.0	0.0	0.0	0.0	0.0	0.0	0.0	0.0	0.0	0.0	0.0	0.0	0.0	0.0	0.0	0.020209580838323346	0.0	0.0	0.0	0.0
Bacteria	Firmicutes_C	Negativicutes	Selenomonadales	Selenomonadaceae	Pectinatus	Pectinatus_frisingensis	0.0	0.0	0.0	0.006502890173410404	0.0	0.0	0.0	0.0	0.0	0.0	0.0	0.0	0.0	0.0	0.0	0.0	0.0	0.0	0.0	0.0	0.0	0.0	0.0	0.0	0.029990003332222587	0.0	0.0	0.035398230088495575	0.0	0.0	0.0	0.0	0.0	0.0	0.0	0.0	0.022315893875526904	0.0	0.0	0.0	0.0	0.0	0.0	0.0	0.06032315978456015
Bacteria	Firmicutes_C	Negativicutes	Veillonellales	Dialisteraceae	Allisonella	Allisonella_histaminiformans	0.0	0.0	0.0	0.0	0.0	0.0	0.0	0.0	0.0	0.0	0.0	0.0	0.0	0.0	0.0	0.0	0.0	0.0	0.0	0.0	0.0	0.0	0.0	0.0	0.0	0.0	0.0	0.014854614412136537	0.0	0.0	0.0	0.0	0.0	0.0	0.0	0.0	0.0	0.0	0.0	0.0	0.0	0.0	0.0	0.0	0.0
Bacteria	Firmicutes_C	Negativicutes	Veillonellales	Dialisteraceae	Dialister	Dialister_hominis	0.0	0.0	0.0	0.04190751445086706	0.0	0.0	0.0	0.0	0.012502298216583928	0.0	0.0	0.0	0.0	0.0	0.0	0.0	0.0	0.0	0.0	0.0	0.0	0.0	0.0	0.0	0.16861046317894032	0.044117647058823525	0.0	0.17351453855878635	0.0	0.0	0.0	0.0338375796178344	0.0	0.0	0.0	0.009710335747202108	0.09942970493429208	0.0	0.0	0.0	0.0	0.0	0.0	0.0	0.1199281867145422
Bacteria	Firmicutes_C	Negativicutes	Veillonellales	Dialisteraceae	Dialister_B	Dialister_B_micraerophilus	0.0	0.0	0.0	0.0	0.0	0.0	0.0	0.023010546500479383	0.0	0.0	0.0	0.0	0.0	0.0	0.0	0.0	0.0	0.0	0.0	0.0	0.0	0.0	0.0	0.0	0.0	0.0	0.0	0.0	0.0	0.0	0.0	0.0	0.0	0.0	0.0	0.0	0.0	0.0	0.0	0.0	0.0	0.0	0.0	0.0	0.0
Bacteria	Firmicutes_C	Negativicutes	Veillonellales	Megasphaeraceae	Megasphaera	Megasphaera_cerevisiae	0.0	0.0	0.0	0.0021676300578034684	0.0	0.0	0.0	0.0	0.0	0.0	0.0	0.0	0.0	0.0	0.0	0.0	0.0	0.0	0.0	0.0	0.0	0.0	0.0	0.0	0.012329223592135953	0.0	0.0	0.01643489254108723	0.0	0.0	0.0	0.0	0.0	0.0	0.0	0.0	0.012893627572526656	0.0	0.0	0.0	0.0	0.0	0.0	0.0	0.013285457809694796
Bacteria	Firmicutes_C	Negativicutes	Veillonellales	Veillonellaceae	F0422	F0422_sp001553345	0.0	0.0	0.0	0.0	0.0	0.0	0.0	0.0	0.0	0.0	0.0	0.0	0.0	0.0	0.0	0.0	0.0	0.0	0.0	0.0	0.0	0.0	0.0	0.0	0.0	0.0	0.0	0.0	0.10829027184902269	0.0	0.0	0.0	0.0	0.0	0.0	0.0	0.0	0.0	0.0	0.0	0.0	0.0	0.0	0.0	0.0
Bacteria	Firmicutes_C	Negativicutes	Veillonellales	Veillonellaceae	Veillonella	Veillonella_atypica	0.0	0.0	0.0	0.0	0.0	0.0	0.0	0.0	0.0	0.0	0.0	0.0	0.0	0.0	0.0	0.0	0.0	0.0	0.0	0.0	0.0	0.0	0.0	0.0	0.0	0.0	0.0	0.0	0.0	0.0	0.0	0.0	0.0	0.0	0.0	0.0	0.014381353830895114	0.0	0.0	0.0	0.0	0.0	0.0	0.0	0.0
Bacteria	Firmicutes_C	Negativicutes	Veillonellales	Veillonellaceae	Veillonella	Veillonella_parvula_A	0.0	0.0	0.0	0.0	0.0	0.0	0.0	0.0	0.0	0.0	0.0	0.0	0.0	0.0	0.0	0.0	0.0	0.0	0.0	0.0	0.0	0.0	0.0	0.0	0.0	0.0	0.0	0.0	0.0	0.0	0.0	0.0	0.0	0.0629674306393245	0.0	0.0	0.0	0.0	0.0	0.0	1.764970059880239	0.0	0.0	0.0	0.0
Bacteria	Firmicutes_C	Negativicutes	Veillonellales	Veillonellaceae	Veillonella	Veillonella_sp900757715	0.0	0.0	0.0	0.0	0.0	0.0	0.0	0.0	0.0	0.0	0.0	0.0	0.0	0.0	0.0	0.0	0.0	0.0	0.0	0.0	0.0	0.0	0.0	0.0	0.0	0.0	0.0	0.0	0.0	0.0	0.0	0.0	0.0	0.0	0.0	0.0	0.0	0.0	0.0	0.0	0.6729041916167662	0.0	0.0	0.0	0.0
Bacteria	Fusobacteriota	Fusobacteriia	Fusobacteriales	Fusobacteriaceae	Fusobacterium	Fusobacterium_animalis	0.0	0.0	0.0	0.0	0.0	0.0	0.0	0.0	0.0	0.0	0.0	0.0	0.0	0.0	0.0	0.0	0.0	0.0	0.0	0.0	0.12325469427058258	0.0	0.0	0.0	0.0	0.0	0.0	0.0	0.0	0.0	0.0	0.0	0.0	0.0	0.0	0.0	0.0	0.0	0.0	0.0	0.0	0.0	0.0	0.0	0.0
Bacteria	Fusobacteriota	Fusobacteriia	Fusobacteriales	Leptotrichiaceae	JABCPH02	JABCPH02_sp013333235	0.0	0.0	0.0	0.0	0.0	0.0	0.0	0.0	0.0	0.0	0.0	0.0	0.0	0.0	0.0	0.0	0.0	0.0	0.0	0.0	0.0	0.0	0.0	0.0	0.0	0.0	0.0	0.0	0.0	0.0	0.0	0.0	0.0	0.0	0.0	0.0	0.0	0.0	0.0	0.0	0.558383233532934	0.0	0.0	0.0	0.0
Bacteria	Gemmatimonadota	Gemmatimonadetes	Gemmatimonadales	Gemmatimonadaceae	SCN-70-22	SCN-70-22_sp902826615	0.0	0.0	0.0	0.0	0.0	0.0	0.0	0.0	0.0	0.0	0.0	0.0	0.0	0.0	0.0	0.0	0.0	0.0	0.0	0.0	0.0	0.0	0.0	0.0	0.0	0.0	0.0	0.0	0.0006740058413839586	0.0	0.0	0.0	0.0	0.0	0.0	0.0	0.0	0.0	0.0	0.0	0.0	0.0	0.0	0.0	0.0
Bacteria	Myxococcota	Myxococcia	Myxococcales	Myxococcaceae	Myxococcus	Myxococcus_fulvus	0.0	0.0	0.0	0.0	0.0	0.0	0.0	0.00047938638542665386	0.0	0.0	0.0	0.0	0.0	0.0	0.0	0.0	0.0	0.0	0.0	0.0	0.0	0.0	0.0	0.0	0.0	0.0	0.0	0.0	0.0	0.0	0.0	0.0	0.0	0.0	0.0	0.0	0.0	0.0	0.0	0.0	0.0	0.0	0.0	0.0	0.0
Bacteria	Myxococcota	Polyangia	Polyangiales	SG8-38	GCA-2699025	GCA-2699025_sp002699025	0.0	0.0	0.0	0.0	0.0007652573177731013	0.0	0.0	0.0016778523489932883	0.0	0.0	0.0	0.0	0.0	0.0	0.0	0.0	0.0	0.0	0.0	0.0	0.0	0.0	0.0	0.0	0.0	0.0	0.0	0.0	0.0	0.0	0.0	0.0	0.0	0.0	0.00020542317173377156	0.0	0.0	0.0	0.0	0.0	0.0	0.0	0.0	0.0	0.0
Bacteria	Myxococcota	Polyangia	Polyangiales	SG8-38	SG8-38	SG8-38_sp013002645	0.0	0.0	0.0	0.0	0.0	0.0	0.0	0.0	0.0	0.0	0.0	0.0	0.0	0.0	0.0	0.0	0.0	0.0	0.0	0.0	0.0	0.0	0.0	0.0	0.0	0.0	0.0	0.0	0.0	0.0	0.0	0.0	0.0	0.0	0.0	0.0	0.0	0.0	0.0	0.0	0.0	0.0008609556607834697	0.0	0.0	0.0
Bacteria	Myxococcota	Polyangia	Polyangiales	Sandaracinaceae	Sandaracinus	Sandaracinus_amylolyticus	0.0	0.0	0.0	0.0	0.00038262865888655066	0.0	0.0	0.0	0.0	0.0	0.0	0.0	0.0	0.0	0.0	0.0	0.0	0.0	0.0	0.0	0.0	0.0	0.0	0.0	0.0	0.0	0.0	0.0	0.0	0.0	0.0	0.0	0.0	0.0	0.0	0.0	0.0	0.0	0.0	0.0	0.0	0.0	0.0	0.0	0.0
Bacteria	Nitrospirota	Nitrospiria	Nitrospirales	Nitrospiraceae	Nitrospira_A	Nitrospira_A_sp900170025	0.0	0.0	0.0	0.0	0.0	0.0	0.0	0.0	0.0	0.0	0.0	0.0	0.0	0.0	0.0	0.0	0.0	0.0	0.0	0.0	0.0	0.0	0.0	0.0	0.0	0.0	0.0	0.0	0.0	0.0	0.0	0.0	0.0	0.0	0.0	0.0	0.0	0.0	0.0	0.0	0.0	0.0	0.0009607686148919133	0.0	0.0
Bacteria	Nitrospirota	Nitrospiria	Nitrospirales	Nitrospiraceae	Nitrospira_E	Nitrospira_E_moscoviensis	0.0	0.0	0.0	0.0	0.0	0.0	0.0	0.0	0.0	0.0	0.0	0.0	0.0	0.0	0.0	0.0	0.0	0.0	0.0	0.002277904328018223	0.0	0.0	0.0	0.0	0.0	0.0	0.0	0.0	0.0	0.0	0.001429388221841052	0.0	0.0	0.0	0.0	0.0	0.0	0.0	0.0	0.0	0.0	0.0	0.0	0.0	0.0
Bacteria	Planctomycetota	Phycisphaerae	Phycisphaerales	SM1A02	SLJD01	SLJD01_sp007135295	0.0	0.0	0.0	0.00043352601156069364	0.0	0.0	0.0	0.0	0.0	0.0	0.0	0.0	0.0	0.0	0.0	0.0	0.0	0.0	0.0	0.0	0.0	0.0	0.0	0.0	0.0	0.0	0.0	0.0	0.0	0.0	0.0	0.0	0.0	0.0	0.0	0.0	0.0	0.0	0.0	0.0	0.0	0.0	0.0	0.0	0.0
Bacteria	Planctomycetota	Phycisphaerae	Phycisphaerales	SM1A02	UBA5793	UBA5793_sp900696685	0.0	0.0	0.0	0.0	0.0	0.0	0.0	0.0	0.0	0.0	0.0	0.0	0.0	0.0	0.0	0.0	0.0	0.0	0.0	0.000759301442672741	0.0	0.0	0.0	0.0	0.0	0.0	0.0	0.0	0.0	0.0	0.0	0.0	0.0	0.0	0.0	0.0	0.0	0.0	0.0	0.0	0.0	0.0	0.0	0.0	0.0
Bacteria	Planctomycetota	Planctomycetes	Gemmatales	Gemmataceae	Gemmata	Gemmata_obscuriglobus	0.0	0.0	0.0	0.0	0.0	0.0	0.0	0.0	0.0	0.0	0.0	0.0	0.0	0.0	0.0	0.0	0.0	0.0	0.0	0.0	0.0	0.0	0.0	0.0	0.0	0.0	0.0	0.0	0.0	0.0	0.0	0.0	0.0	0.0	0.0	0.0	0.00148772625836846	0.0	0.0	0.0	0.0	0.0	0.0	0.0	0.0
Bacteria	Planctomycetota	Planctomycetes	Pirellulales	Pirellulaceae	Pirellula_B	Pirellula_B_sp001610875	0.0	0.0	0.0	0.0	0.0	0.0	0.0	0.0	0.0	0.0	0.0	0.0	0.0	0.0	0.0	0.0	0.0	0.0	0.0	0.0	0.0	0.0	0.0	0.0	0.0	0.0	0.0	0.0	0.0	0.0	0.0	0.0	0.0006265664160401002	0.0	0.0	0.0	0.0	0.0	0.0	0.0	0.0	0.0	0.0	0.0	0.0
Bacteria	Planctomycetota	UBA1135	UBA2386	UBA2386	UBA2386	UBA2386_sp002343845	0.0	0.0	0.0	0.0	0.002295771953319304	0.0	0.0	0.0	0.0	0.0	0.0	0.0	0.0	0.0	0.0	0.0	0.0	0.0	0.0	0.0	0.0	0.0	0.0	0.0	0.0	0.0	0.0	0.0	0.0	0.0	0.0	0.0	0.0	0.0	0.0	0.0	0.0	0.0	0.0	0.0	0.0	0.0	0.0	0.0	0.0
Bacteria	Planctomycetota	UBA1135	UBA2386	UBA2386	UBA2386	UBA2386_sp005776475	0.0	0.0	0.0	0.0	0.0013392003061029273	0.0	0.0	0.0	0.0	0.0	0.0	0.0	0.0	0.0	0.0	0.0	0.0	0.0	0.0	0.0	0.0	0.0	0.0	0.0	0.0	0.0	0.0	0.0	0.0	0.0	0.0	0.0	0.0	0.0	0.0	0.0	0.0	0.0	0.0	0.0	0.0	0.0	0.0	0.0	0.0
Bacteria	Proteobacteria	Alphaproteobacteria	Acetobacterales	Acetobacteraceae	Acidibrevibacterium	Acidibrevibacterium_fodinaquatile	0.0	0.0	0.0	0.0	0.00038262865888655066	0.0	0.0003600360036003601	0.0	0.0	0.0	0.0	0.0	0.0003431708991077557	0.0	0.0	0.0	0.0	0.0	0.0	0.0005062009617818274	0.0	0.0	0.0	0.0	0.0	0.0	0.0	0.0	0.0	0.0	0.0	0.0	0.0	0.0	0.0	0.0	0.0	0.00025290844714213456	0.00048042277203939464	0.0	0.0	0.0	0.00032025620496397113	0.0	0.0
Bacteria	Proteobacteria	Alphaproteobacteria	Acetobacterales	Acetobacteraceae	Acidiphilium	Acidiphilium_rubrum	0.0	0.0	0.0	0.0	0.0	0.0	0.0	0.00047938638542665386	0.0	0.0	0.0	0.0	0.0	0.0	0.0	0.0	0.0	0.0002707092582566324	0.0	0.0	0.0	0.0007097232079488997	0.0	0.0	0.0	0.0	0.0	0.0	0.0	0.0	0.0	0.0007961783439490446	0.0	0.0	0.0004108463434675431	0.0	0.0	0.0	0.0	0.0	0.0	0.0	0.0	0.0	0.0
Bacteria	Proteobacteria	Alphaproteobacteria	Acetobacterales	Acetobacteraceae	Belnapia	Belnapia_rosea	0.0	0.0	0.0	0.0	0.0	0.0	0.0	0.0	0.0	0.0	0.0	0.0	0.0	0.0	0.0	0.0	0.0	0.0	0.0	0.0	0.0	0.0	0.0	0.0	0.0	0.0	0.0	0.0	0.0	0.0	0.0	0.0	0.0	0.0	0.0008216926869350862	0.0	0.0	0.0	0.0	0.0	0.0	0.0	0.0	0.0	0.0
Bacteria	Proteobacteria	Alphaproteobacteria	Acetobacterales	Acetobacteraceae	Crenalkalicoccus	Crenalkalicoccus_roseus	0.0	0.0	0.0	0.0	0.0	0.0	0.0	0.0009587727708533077	0.0	0.0	0.0	0.0	0.0	0.0	0.0	0.0	0.0	0.0	0.0	0.0	0.0	0.0	0.0	0.0	0.0	0.0	0.0	0.0	0.0	0.0	0.0	0.0	0.0	0.0	0.0	0.0	0.0	0.0	0.0	0.0	0.0	0.0	0.0	0.0	0.0
Bacteria	Proteobacteria	Alphaproteobacteria	Acetobacterales	Acetobacteraceae	Gluconobacter	Gluconobacter_albidus	0.0	0.0	0.0	0.0	0.0	0.0	0.0	0.0	0.0	0.0	0.0	0.0	0.0	0.0	0.0	0.0	0.0	0.0	0.0	0.0	0.0	0.0	0.0	0.0	0.0	0.0	0.0	0.0	0.0	0.0	0.0	0.0	0.0	0.0	0.0	0.0	0.0	0.0	0.0	0.0	0.07335329341317362	0.0	0.0	0.0	0.0
Bacteria	Proteobacteria	Alphaproteobacteria	Acetobacterales	Acetobacteraceae	Gluconobacter	Gluconobacter_kondonii	0.0	0.0	0.0	0.0	0.0	0.0	0.0	0.0	0.0	0.0	0.0	0.0	0.0	0.0	0.0	0.0	0.0	0.0	0.0	0.0	0.0	0.0	0.0	0.0	0.0	0.0	0.0	0.0	0.0	0.0	0.0	0.0	0.0	0.0	0.0	0.0	0.0	0.0	0.0	0.0	0.5613772455089818	0.0	0.0	0.0	0.0
Bacteria	Proteobacteria	Alphaproteobacteria	Acetobacterales	Acetobacteraceae	Paracraurococcus	Paracraurococcus_ruber	0.0	0.0	0.0	0.0	0.0	0.0	0.0	0.0011984659635666346	0.0	0.0	0.0	0.0	0.0	0.0	0.0	0.0	0.0	0.0	0.0	0.0	0.0	0.0	0.0	0.0	0.0	0.0	0.0	0.0	0.0	0.0	0.0	0.0	0.0	0.0	0.0	0.0	0.0	0.0	0.0	0.0	0.0	0.0	0.0	0.0	0.0
Bacteria	Proteobacteria	Alphaproteobacteria	Acetobacterales	Acetobacteraceae	Paracraurococcus	Paracraurococcus_ruber_A	0.0	0.0	0.0	0.0	0.0	0.0	0.0	0.0	0.0007354293068578782	0.0	0.0	0.0	0.0	0.0	0.0	0.0	0.0	0.0	0.0	0.0	0.0	0.0	0.0	0.0	0.0	0.0	0.0	0.0	0.0	0.0	0.0	0.0	0.0	0.0	0.0	0.0	0.0	0.0	0.0	0.0	0.0	0.0	0.0	0.0	0.0
Bacteria	Proteobacteria	Alphaproteobacteria	Acetobacterales	Acetobacteraceae	Roseomonas	Roseomonas_mucosa	0.0	0.0	0.0	0.0	0.0	0.0	0.0	0.0	0.0	0.0	0.0	0.0	0.0	0.0	0.0	0.0	0.0	0.0	0.0	0.0	0.0	0.0	0.0	0.0	0.0	0.0	0.0	0.0	0.0	0.009672219236969369	0.0	0.0	0.0	0.0	0.0	0.0	0.0	0.0	0.0	0.0	0.0	0.0	0.0	0.0	0.0
Bacteria	Proteobacteria	Alphaproteobacteria	Acetobacterales	Acetobacteraceae	Roseomonas_A	Roseomonas_A_frigidaquae	0.0	0.0	0.0	0.0	0.0	0.0	0.0	0.0	0.0	0.0	0.0	0.0	0.0	0.0	0.0	0.0	0.0	0.0	0.0	0.0	0.0	0.0	0.0	0.0	0.0	0.0	0.0	0.0	0.0	0.0	0.0	0.0	0.0	0.0	0.0012325390304026291	0.0	0.0	0.0	0.0	0.0	0.0	0.0	0.0	0.0	0.0
Bacteria	Proteobacteria	Alphaproteobacteria	Acetobacterales	Acetobacteraceae	Roseomonas_A	Roseomonas_A_sp012103215	0.0	0.0	0.0	0.0	0.0	0.0	0.0	0.0	0.0	0.0	0.0	0.0	0.0	0.0	0.0	0.0	0.0	0.0	0.0	0.002531004808909137	0.0	0.0	0.0	0.0	0.0	0.0	0.0	0.0	0.0	0.0	0.0	0.0	0.0	0.0	0.0	0.0	0.0	0.0	0.0	0.0	0.0	0.0	0.0	0.0	0.0
Bacteria	Proteobacteria	Alphaproteobacteria	Acetobacterales	Acetobacteraceae	Roseomonas_B	Roseomonas_B_sp005222755	0.0	0.0	0.0	0.0	0.0	0.0	0.0	0.0	0.0	0.0	0.0	0.0	0.0	0.0	0.0	0.0	0.0	0.0	0.0	0.0	0.0	0.0	0.0	0.0	0.0	0.0	0.0	0.0	0.0	0.0	0.0	0.0	0.0	0.0	0.0	0.0	0.0	0.0	0.0009608455440787893	0.0	0.0	0.0	0.0	0.0	0.0
Bacteria	Proteobacteria	Alphaproteobacteria	Azospirillales	Azospirillaceae	Skermanella	Skermanella_aerolata	0.0	0.0	0.0	0.0	0.0	0.0	0.0	0.00047938638542665386	0.0	0.0	0.0	0.0	0.0	0.0	0.0	0.0	0.0	0.0	0.0	0.0	0.0	0.0	0.0	0.0	0.0	0.0	0.0	0.0	0.0	0.0	0.0	0.0	0.0	0.0	0.0	0.0	0.0	0.0	0.0	0.0	0.0	0.0	0.0	0.0	0.0
Bacteria	Proteobacteria	Alphaproteobacteria	Bin65	Bin65	SBBV01	SBBV01_thessalonicensis_A	0.0	0.0	0.0	0.00028901734104046245	0.0	0.0	0.0	0.0	0.0	0.0	0.0	0.0	0.0	0.0	0.0	0.0	0.0	0.0	0.0024203307785397336	0.0005062009617818274	0.0	0.0	0.0	0.0	0.0	0.0	0.0	0.0	0.0004493372275893058	0.0	0.0	0.0	0.0	0.0	0.0	0.00032916392363396976	0.0	0.0	0.0	0.0	0.0	0.0	0.0	0.0	0.0
Bacteria	Proteobacteria	Alphaproteobacteria	Caulobacterales	Caulobacteraceae	Asticcacaulis	Asticcacaulis_excentricus	0.0	0.0	0.0	0.0	0.0	0.0	0.0	0.0	0.0	0.002843601895734597	0.0	0.0	0.0	0.0	0.0	0.0	0.0	0.0	0.0	0.0	0.003610977371208474	0.0	0.0	0.0	0.0	0.0	0.0	0.0	0.0	0.0	0.0	0.0	0.0	0.0	0.0	0.0	0.0	0.0	0.0	0.0	0.0	0.0	0.0	0.0	0.0
Bacteria	Proteobacteria	Alphaproteobacteria	Caulobacterales	Caulobacteraceae	Asticcacaulis	Asticcacaulis_excentricus_A	0.0	0.0	0.0	0.0	0.002295771953319304	0.0021543985637342907	0.0016201620162016202	0.0	0.0	0.018325434439178515	0.0	0.0	0.0	0.0	0.0	0.0	0.0	0.0	0.0	0.0	0.04453538757823784	0.0	0.0	0.0	0.0	0.0	0.0	0.0	0.0	0.0	0.0	0.0	0.0	0.0021712907117008447	0.0	0.0	0.0	0.0	0.0	0.0	0.0	0.0	0.0	0.0	0.0
Bacteria	Proteobacteria	Alphaproteobacteria	Caulobacterales	Caulobacteraceae	Asticcacaulis	Asticcacaulis_sp000495855	0.0	0.0	0.0	0.0	0.0	0.0	0.0	0.0	0.0	0.0	0.0	0.0	0.0	0.0	0.0	0.0	0.0	0.0	0.0	0.0	0.0	0.0	0.0	0.0	0.0	0.0	0.0	0.0	0.0	0.0	0.0	0.0	0.0	0.0	0.0	0.0	0.0	0.0	0.0	0.0	0.0	0.0015066724063710717	0.0	0.0	0.0
Bacteria	Proteobacteria	Alphaproteobacteria	Caulobacterales	Caulobacteraceae	Brevundimonas	Brevundimonas_aurantiaca	0.02091439688715953	0.0	0.037697744867048126	0.006358381502890174	0.019705375932657358	0.0	0.00936093609360936	0.019654841802492808	0.0	0.021169036334913113	0.0	0.0	0.007549759780370625	0.034216867469879515	0.040395480225988704	0.010875063227111787	0.0	0.0	0.0318676885841065	0.015186028853454821	0.01757342320654791	0.03548616039744499	0.0011923688394276629	0.017780326928591914	0.0	0.0	0.009981285090455394	0.012642225031605562	0.007414064255223545	0.0	0.014865637507146942	0.024681528662420384	0.01545530492898914	0.028226779252110982	0.006778964667214462	0.005431204739960501	0.0	0.0	0.01249099207302426	0.008804258804258806	0.03742514970059879	0.0	0.00864691753402722	0.0	0.0
Bacteria	Proteobacteria	Alphaproteobacteria	Caulobacterales	Caulobacteraceae	Brevundimonas	Brevundimonas_bullata	0.0	0.0	0.0	0.0	0.0	0.0	0.0	0.0	0.0007354293068578782	0.0	0.0	0.0	0.0	0.0	0.0	0.0	0.007392473118279569	0.0	0.0	0.0	0.0	0.0	0.0	0.0	0.0	0.0	0.0	0.0	0.0	0.0	0.0	0.0	0.0	0.0	0.0	0.0	0.0	0.0	0.0	0.0	0.0	0.0	0.0	0.0	0.0
Bacteria	Proteobacteria	Alphaproteobacteria	Caulobacterales	Caulobacteraceae	Brevundimonas	Brevundimonas_diminuta	0.0	0.0	0.0	0.0	0.0	0.0	0.0	0.0	0.005331862474719617	0.0	0.0	0.05057152753723589	0.0	0.0	0.0	0.0	0.0	0.0	0.0	0.0	0.0	0.0	0.0	0.0	0.0	0.0	0.0	0.0	0.0	0.0	0.0	0.0	0.0	0.0	0.0	0.0	0.0	0.0	0.0	0.0	0.17440119760479036	0.0	0.0	0.0	0.0
Bacteria	Proteobacteria	Alphaproteobacteria	Caulobacterales	Caulobacteraceae	Brevundimonas	Brevundimonas_diminuta_A	0.0	0.0	0.0	0.0	0.0	0.0	0.0	0.0	0.006067291781577495	0.0	0.0	0.0	0.0	0.0	0.0	0.0	0.006048387096774193	0.0	0.0	0.006580612503163755	0.0	0.0	0.0	0.0	0.0	0.0	0.0	0.0	0.0	0.0	0.0	0.0	0.0	0.0	0.0	0.0	0.0	0.0	0.0	0.0	0.0	0.0	0.0	0.0	0.0
Bacteria	Proteobacteria	Alphaproteobacteria	Caulobacterales	Caulobacteraceae	Brevundimonas	Brevundimonas_sp000335735	0.0	0.0	0.0	0.0	0.0	0.0	0.0	0.0	0.0	0.0	0.002680965147453083	0.0	0.0	0.0	0.0	0.0	0.0024641577060931902	0.0	0.01371520774505849	0.0027841052898000505	0.0	0.0	0.0	0.0	0.0	0.0	0.0	0.0	0.0	0.0	0.0	0.0	0.0	0.0	0.0	0.0	0.0	0.0	0.0	0.0	0.0	0.0	0.0	0.0	0.007540394973070018
Bacteria	Proteobacteria	Alphaproteobacteria	Caulobacterales	Caulobacteraceae	Brevundimonas	Brevundimonas_sp001295975	0.0	0.0	0.0	0.0	0.0	0.0	0.0	0.0	0.0020224305938591654	0.0	0.0	0.0	0.0	0.0	0.0	0.0	0.0	0.0	0.0	0.0	0.0	0.0	0.0	0.0	0.0	0.0	0.0	0.0	0.0	0.0	0.0	0.0	0.0	0.0	0.0	0.0	0.0	0.0	0.0	0.0	0.0	0.0	0.0017614091273018414	0.0	0.0
Bacteria	Proteobacteria	Alphaproteobacteria	Caulobacterales	Caulobacteraceae	Brevundimonas	Brevundimonas_sp002386585	0.0	0.0	0.0	0.002023121387283237	0.0	0.0	0.0	0.0	0.0	0.0	0.0	0.0	0.0	0.0	0.0	0.0	0.006048387096774193	0.0	0.0	0.0	0.0	0.0	0.0	0.0	0.0	0.0	0.0	0.0	0.0	0.0	0.0	0.0	0.0	0.0	0.0	0.0	0.0	0.0	0.0	0.0	0.0	0.0	0.0	0.0	0.0
Bacteria	Proteobacteria	Alphaproteobacteria	Caulobacterales	Caulobacteraceae	Brevundimonas	Brevundimonas_sp002419815	0.0	0.0	0.0	0.0	0.0	0.0	0.0	0.0	0.0	0.0	0.0	0.0	0.0	0.0	0.0	0.0	0.0	0.0	0.0	0.0	0.0	0.0	0.0	0.0	0.0	0.0	0.0	0.0	0.0	0.0	0.0	0.0	0.0	0.0	0.0	0.0	0.0	0.0	0.0	0.0	0.020209580838323346	0.0	0.0	0.0	0.0
Bacteria	Proteobacteria	Alphaproteobacteria	Caulobacterales	Caulobacteraceae	Brevundimonas	Brevundimonas_sp003248925	0.0	0.0	0.02389767754964658	0.0	0.015113832026018752	0.0	0.0	0.0	0.0	0.0	0.0	0.0	0.007206588881262869	0.0	0.013276836158192092	0.0	0.0	0.0	0.0	0.0	0.0050553683196918634	0.0	0.0	0.0	0.0	0.0	0.0	0.0	0.0	0.05427189682966146	0.0	0.0	0.0066833751044277365	0.0	0.0	0.0	0.0	0.0	0.0	0.0	0.02844311377245508	0.0	0.0	0.0	0.0
Bacteria	Proteobacteria	Alphaproteobacteria	Caulobacterales	Caulobacteraceae	Brevundimonas	Brevundimonas_sp003938605	0.0	0.0	0.0	0.0	0.0	0.0	0.0	0.0	0.0	0.0	0.0	0.0	0.0	0.0	0.0	0.0	0.0	0.0	0.0	0.0	0.0	0.0	0.0	0.0	0.0	0.0	0.0	0.0	0.0	0.0	0.0	0.0	0.0	0.005066344993968637	0.0	0.0	0.0	0.0	0.0	0.0	0.0	0.0	0.0033626901521216965	0.0	0.0
Bacteria	Proteobacteria	Alphaproteobacteria	Caulobacterales	Caulobacteraceae	Brevundimonas	Brevundimonas_sp013912065	0.0	0.0	0.0	0.0	0.0	0.0	0.0	0.0	0.0	0.0	0.0	0.0	0.0	0.0	0.0	0.0	0.0	0.0	0.0	0.0	0.0	0.0	0.0	0.0	0.0	0.0	0.0	0.00663716814159292	0.0	0.0	0.0	0.0	0.0	0.0	0.0	0.0	0.0	0.0	0.0	0.0	0.0	0.0	0.0	0.0	0.0
Bacteria	Proteobacteria	Alphaproteobacteria	Caulobacterales	Caulobacteraceae	Brevundimonas	Brevundimonas_vesicularis	0.0	0.01292407108239095	0.019522046449007065	0.0	0.0	0.0	0.0	0.0	0.0	0.0	0.0	0.0	0.0	0.0	0.0	0.0	0.0	0.0	0.0	0.0	0.0	0.0	0.0	0.0	0.0	0.0	0.0	0.0	0.0	0.07791509940891991	0.0	0.0	0.0	0.0	0.0	0.0	0.0	0.0	0.0	0.0	0.0	0.0	0.0	0.0	0.0
Bacteria	Proteobacteria	Alphaproteobacteria	Caulobacterales	Caulobacteraceae	Brevundimonas	Brevundimonas_vesicularis_A	0.0	0.0	0.0	0.0	0.0	0.0	0.0	0.0	0.0	0.0	0.0	0.0	0.0	0.0	0.0	0.0	0.0	0.0	0.0	0.0	0.0	0.0	0.0	0.0	0.0	0.0	0.0	0.0	0.0	0.013970983342289087	0.0	0.0	0.0	0.0	0.0	0.0	0.0	0.0	0.0	0.0	0.0	0.0	0.0	0.0	0.0
Bacteria	Proteobacteria	Alphaproteobacteria	Caulobacterales	Caulobacteraceae	Caulobacter	Caulobacter_sp013181195	0.0	0.0	0.0	0.0	0.0	0.0	0.0	0.0	0.0	0.0	0.0	0.0	0.0	0.0	0.0	0.0	0.0	0.0	0.0	0.0	0.0	0.0	0.0	0.0	0.0	0.0	0.0	0.0	0.0	0.0	0.0	0.0	0.0	0.0	0.0	0.0	0.0	0.0	0.0	0.0	0.011976047904191614	0.0	0.0	0.0	0.0
Bacteria	Proteobacteria	Alphaproteobacteria	Caulobacterales	Caulobacteraceae	Caulobacter	Caulobacter_sp014207215	0.0	0.0	0.0	0.0	0.0	0.0	0.0	0.0	0.0	0.0	0.0	0.0	0.0	0.0	0.0	0.0	0.0	0.0	0.0	0.0	0.0	0.0	0.0	0.0	0.0	0.0	0.0	0.0	0.0	0.0	0.0	0.0	0.0	0.0	0.0	0.0	0.0	0.0	0.0	0.0	0.01571856287425149	0.0	0.0	0.0	0.0
Bacteria	Proteobacteria	Alphaproteobacteria	Caulobacterales	Hyphomonadaceae	Terricaulis	Terricaulis_sp000974665	0.0	0.0	0.0	0.0	0.0	0.0	0.0	0.0	0.0	0.0	0.0	0.0	0.0	0.0	0.0	0.0	0.0	0.0	0.0	0.0	0.0	0.0	0.0	0.0	0.0	0.0	0.0	0.0	0.0	0.0	0.0	0.0	0.0008354218880534671	0.0	0.0	0.0	0.0	0.0	0.0	0.0	0.0	0.0	0.0	0.0	0.0
Bacteria	Proteobacteria	Alphaproteobacteria	Caulobacterales	Hyphomonadaceae	Terricaulis	Terricaulis_sp004634425	0.0	0.0	0.0	0.0014450867052023123	0.003443657929978956	0.0	0.0	0.0014381591562799615	0.0	0.008214849921011059	0.0	0.0	0.0	0.0	0.003389830508474576	0.0	0.0	0.0	0.0	0.0	0.0	0.0	0.0	0.0	0.0	0.0	0.0	0.0	0.0	0.0	0.0	0.0	0.0029239766081871348	0.0	0.0	0.0	0.0	0.0	0.0	0.0	0.0	0.0	0.0	0.0	0.0
Bacteria	Proteobacteria	Alphaproteobacteria	Caulobacterales	Hyphomonadaceae	Terricaulis	Terricaulis_sp902826245	0.0	0.0	0.0	0.0	0.0	0.0	0.0	0.0	0.0	0.0034755134281200637	0.0	0.002771042604780049	0.0	0.0	0.0	0.0	0.0	0.0	0.0	0.0	0.0	0.0	0.0	0.0014338973329509608	0.0	0.0	0.0	0.0	0.0	0.0	0.0	0.0	0.0	0.0	0.0	0.0	0.0	0.0	0.0	0.0	0.0	0.0	0.0	0.0	0.0
Bacteria	Proteobacteria	Alphaproteobacteria	Caulobacterales	Hyphomonadaceae	UBA4763	UBA4763_sp002403455	0.0	0.0	0.0	0.0	0.0	0.0	0.0	0.0	0.0	0.0	0.0	0.005542085209560098	0.0	0.009638554216867469	0.0	0.0	0.0	0.0	0.01290843081887858	0.005062009617818274	0.0	0.005677785663591198	0.0	0.0	0.0	0.0	0.0	0.0	0.0	0.0	0.005717552887364208	0.0	0.0	0.0	0.0	0.0	0.0	0.0	0.0	0.0	0.0	0.0	0.0	0.0	0.0
Bacteria	Proteobacteria	Alphaproteobacteria	Caulobacterales	Parvularculaceae	CV81	CV81_sp003506635	0.004377431906614785	0.0	0.0	0.0	0.0	0.0	0.0	0.003835091083413231	0.0	0.0	0.0	0.0	0.0	0.0	0.0	0.0	0.0	0.0	0.007664380798709157	0.0032903062515818775	0.0	0.0	0.0	0.0	0.0	0.0	0.0	0.0	0.0	0.0	0.004574042309891367	0.0	0.0	0.0	0.0024650780608052583	0.0	0.0	0.0	0.0	0.0	0.0	0.0	0.0	0.0	0.0
Bacteria	Proteobacteria	Alphaproteobacteria	Dongiales	Dongiaceae	Hypericibacter	Hypericibacter_terrae	0.0	0.0	0.0	0.0	0.0	0.0	0.0	0.0014381591562799615	0.0	0.0	0.0	0.0	0.001029512697323267	0.0	0.0	0.0	0.0	0.0	0.0	0.0	0.0	0.0	0.0	0.0	0.0	0.0	0.0	0.0	0.0	0.0	0.0	0.0	0.0	0.0	0.0	0.0	0.0	0.0	0.0	0.0	0.0	0.0	0.0	0.0	0.0
Bacteria	Proteobacteria	Alphaproteobacteria	Elsterales	Elsteraceae	Elstera	Elstera_cyanobacteriorum	0.0	0.0	0.0	0.0	0.0	0.0	0.0	0.0	0.0	0.0	0.0	0.0	0.0	0.0	0.0	0.0	0.0	0.0	0.0	0.0	0.0	0.0	0.0	0.0	0.0	0.0	0.0	0.0	0.0	0.0	0.0	0.0051751592356687895	0.0018796992481203009	0.0	0.0	0.0	0.0	0.0	0.0	0.0	0.0	0.0	0.0	0.0	0.0
Bacteria	Proteobacteria	Alphaproteobacteria	Elsterales	Elsteraceae	Elstera	Elstera_litoralis	0.0	0.0	0.0	0.0	0.0	0.0	0.0	0.0	0.0	0.0	0.0	0.0	0.0	0.0	0.0	0.0	0.0	0.0	0.0	0.0	0.0	0.0	0.0	0.0	0.0	0.0	0.0	0.0	0.0	0.0	0.0	0.0	0.0	0.0	0.0	0.0	0.0	0.0	0.0	0.0	0.0	0.019586741282823936	0.0	0.0	0.0
Bacteria	Proteobacteria	Alphaproteobacteria	Ferrovibrionales	Ferrovibrionaceae	Ferrovibrio	Ferrovibrio_sp002482765	0.0	0.0	0.0	0.0	0.0	0.0	0.0	0.0	0.0	0.0	0.0	0.0	0.0	0.0	0.0	0.0	0.0	0.0	0.0	0.0017717033662363957	0.0	0.003193754435770049	0.0	0.0	0.0	0.0	0.0	0.0	0.0	0.0	0.0	0.0	0.0	0.0	0.0	0.0	0.0	0.0	0.0	0.0	0.0	0.0	0.0	0.0	0.0
Bacteria	Proteobacteria	Alphaproteobacteria	Ferrovibrionales	Ferrovibrionaceae	Ferrovibrio	Ferrovibrio_sp002796975	0.036964980544747075	0.020193861066235858	0.03567822282059912	0.005635838150289017	0.025444805815955616	0.0	0.00702070207020702	0.022531160115052733	0.0018385732671446955	0.030331753554502367	0.0032554576790501722	0.026324904745410466	0.01183939601921757	0.056867469879518066	0.031355932203389836	0.01871522508851796	0.006048387096774193	0.0	0.03791851553045583	0.023791445203745886	0.012036591237361581	0.03655074520936834	0.002252252252252252	0.015486091195870378	0.013328890369876707	0.016993464052287577	0.008317737575379496	0.012642225031605562	0.015951471579420357	0.00537345513164965	0.025157232704402517	0.036226114649681534	0.01294903926482874	0.011821471652593486	0.012530813475760065	0.006583278472679395	0.012397718819737169	0.004046535154274153	0.014652894547201537	0.009623259623259625	0.011227544910179637	0.006241928540680154	0.004643714971977581	0.035290006988120196	0.033034111310592466
Bacteria	Proteobacteria	Alphaproteobacteria	Ferrovibrionales	Ferrovibrionaceae	Ferrovibrio	Ferrovibrio_terrae	0.025778210116731516	0.02382875605815831	0.04005385392123864	0.00476878612716763	0.02467954849818252	0.002034709754637941	0.00864086408640864	0.025167785234899327	0.003125574554145982	0.036334913112164295	0.0038299502106472617	0.025285763768617946	0.014756348661633495	0.06554216867469878	0.029943502824858758	0.017956499747091556	0.005152329749103943	0.0012181916621548457	0.04033884630899556	0.027081751455327763	0.009870004814636497	0.03938963804116394	0.002252252252252252	0.015772870662460567	0.00999666777740753	0.015686274509803918	0.006862133499688085	0.011378002528445006	0.013030779600089866	0.0037614185921547544	0.025728987993138934	0.03941082802547771	0.01211361737677527	0.014716525934861282	0.012325390304026294	0.006254114549045425	0.016364988842053063	0.0032878098128477492	0.016334374249339416	0.012285012285012288	0.011227544910179637	0.007533362031855359	0.0028823058446757403	0.035290006988120196	0.024775583482944348
Bacteria	Proteobacteria	Alphaproteobacteria	Micavibrionales	Micavibrionaceae	Micavibrio	Micavibrio_aeruginosavorus_A	0.0	0.0	0.0	0.0	0.0	0.0	0.0	0.0	0.0	0.0	0.0	0.0	0.0	0.0	0.0	0.0	0.0	0.0	0.0	0.0	0.0	0.0	0.0	0.0	0.0	0.0	0.0	0.0	0.0	0.0	0.0	0.0	0.0	0.0	0.0	0.0	0.0	0.0	0.0	0.0	0.09206586826347303	0.0	0.0	0.0	0.0
Bacteria	Proteobacteria	Alphaproteobacteria	Micavibrionales	Micavibrionaceae	TMED27	TMED27_sp002167715	0.0	0.0	0.0	0.0	0.0	0.0	0.0	0.0	0.0	0.0	0.0	0.0	0.0	0.0	0.0	0.0	0.0	0.0	0.0	0.0	0.0	0.0	0.0	0.0	0.0	0.0	0.0	0.0	0.0	0.0	0.0	0.0	0.0	0.0	0.0	0.0	0.0	0.0	0.0	0.0	0.025449101796407175	0.0	0.0	0.0	0.0
Bacteria	Proteobacteria	Alphaproteobacteria	Minwuiales	Minwuiaceae	Minwuia	Minwuia_thermotolerans	0.0	0.0	0.0	0.0	0.0	0.0	0.0	0.00047938638542665386	0.0	0.0	0.0	0.0	0.0	0.0	0.0	0.0	0.0	0.0	0.0	0.0005062009617818274	0.0	0.0	0.0	0.0	0.0	0.0	0.0	0.0	0.0	0.0	0.0	0.0	0.0	0.0	0.0	0.0	0.0	0.0	0.0	0.0	0.0	0.0	0.0	0.0	0.0
Bacteria	Proteobacteria	Alphaproteobacteria	Reyranellales	Reyranellaceae	Reyranella	Reyranella_sp001557035	0.0	0.0	0.0	0.0	0.0	0.0	0.0	0.0	0.0	0.0	0.0	0.0	0.0	0.0	0.0	0.0	0.0	0.0	0.0	0.0	0.0	0.0	0.0	0.0	0.0	0.0	0.0	0.0	0.0	0.0	0.0	0.0	0.001044277360066834	0.0	0.0	0.0	0.0	0.0	0.0	0.0	0.0	0.0	0.0	0.0	0.0
Bacteria	Proteobacteria	Alphaproteobacteria	Reyranellales	Reyranellaceae	Reyranella	Reyranella_sp009377525	0.0	0.0	0.0	0.00014450867052023122	0.0	0.0	0.0	0.00023969319271332693	0.0	0.0	0.0	0.0	0.0003431708991077557	0.0	0.0	0.0	0.0	0.0	0.0	0.0	0.0	0.0	0.0	0.0	0.0	0.0	0.0	0.0	0.0	0.0	0.0	0.0	0.0	0.0	0.0	0.00016458196181698488	0.0	0.0	0.0	0.0	0.0	0.0	0.0	0.0	0.0
Bacteria	Proteobacteria	Alphaproteobacteria	Reyranellales	Reyranellaceae	Reyranella	Reyranella_sp009772935	0.0	0.0	0.0	0.0	0.0	0.0	0.0	0.0	0.0	0.0	0.0	0.0	0.0	0.0	0.0	0.0	0.0	0.0	0.0	0.0	0.0	0.0	0.0	0.0	0.0	0.0	0.0	0.0	0.0	0.0	0.0	0.0	0.0006265664160401002	0.0	0.0	0.0	0.0	0.0	0.0	0.0	0.0	0.0	0.0	0.0	0.0
Bacteria	Proteobacteria	Alphaproteobacteria	Reyranellales	Reyranellaceae	Reyranella	Reyranella_sp902825855	0.0	0.0	0.0	0.0	0.0	0.0	0.0	0.0	0.0	0.0022116903633491313	0.0	0.0	0.0	0.0	0.0	0.0	0.0	0.0	0.0	0.0	0.0	0.0	0.0	0.0	0.0	0.0	0.0	0.0	0.0	0.0	0.0	0.0	0.0	0.0	0.0	0.0	0.0	0.0	0.0	0.0	0.0	0.0	0.0	0.0	0.0
Bacteria	Proteobacteria	Alphaproteobacteria	Rhizobiales	Beijerinckiaceae	Bosea	Bosea_sp001509835	0.0	0.0	0.0	0.0	0.0	0.0	0.0	0.0	0.0	0.0	0.0	0.002771042604780049	0.0	0.0	0.0	0.0	0.0	0.0	0.0	0.0	0.0	0.0	0.0	0.0	0.0	0.0	0.0	0.0	0.0	0.0	0.0	0.0	0.0	0.00048250904704463213	0.0	0.0	0.0	0.0	0.0	0.0	0.005988023952095807	0.0	0.0	0.0	0.0
Bacteria	Proteobacteria	Alphaproteobacteria	Rhizobiales	Beijerinckiaceae	Bosea	Bosea_sp001556025	0.0	0.0	0.0	0.0	0.0	0.0	0.0	0.0	0.0	0.0	0.0	0.0	0.0	0.0	0.0	0.0	0.0	0.0	0.0	0.000759301442672741	0.0	0.0	0.0	0.0	0.0	0.0	0.0	0.0	0.0	0.0	0.0	0.0	0.0	0.0	0.0	0.0	0.0	0.0	0.0	0.0	0.0	0.0	0.0	0.0	0.0
Bacteria	Proteobacteria	Alphaproteobacteria	Rhizobiales	Beijerinckiaceae	Bosea	Bosea_sp001556125	0.0	0.0	0.0	0.0	0.0	0.0	0.0009000900090009	0.0	0.0	0.0	0.0	0.0	0.0	0.0	0.0	0.0	0.0	0.0	0.0	0.0	0.0	0.0	0.0	0.0	0.0	0.0	0.0	0.0	0.0	0.0	0.0	0.0	0.0	0.0	0.0	0.0	0.0	0.0	0.0	0.0	0.0	0.0	0.0	0.0	0.0
Bacteria	Proteobacteria	Alphaproteobacteria	Rhizobiales	Beijerinckiaceae	Bosea	Bosea_sp003952665	0.0	0.0	0.0	0.0	0.0	0.0	0.0	0.0	0.0	0.0	0.0	0.0	0.0	0.0	0.0	0.0	0.0	0.0	0.0	0.0	0.0	0.0	0.0	0.0	0.0	0.0	0.0	0.0	0.0	0.0	0.0	0.0	0.0	0.0	0.0	0.00016458196181698488	0.0	0.0	0.0	0.0	0.0	0.0	0.0	0.0	0.0
Bacteria	Proteobacteria	Alphaproteobacteria	Rhizobiales	Beijerinckiaceae	Bosea	Bosea_sp005502805	0.0	0.0	0.0	0.0	0.0	0.0	0.0	0.0	0.0	0.0	0.0	0.0	0.0	0.0	0.0	0.0	0.0	0.0	0.0	0.0	0.0	0.0	0.0	0.0	0.0	0.0	0.0	0.0	0.0	0.0	0.0	0.0	0.0	0.0	0.0	0.0	0.0	0.0	0.0	0.0	0.0	0.0015066724063710717	0.0	0.0	0.0
Bacteria	Proteobacteria	Alphaproteobacteria	Rhizobiales	Beijerinckiaceae	Bosea	Bosea_sp013823325	0.0	0.0	0.0	0.0	0.00038262865888655066	0.0	0.00054005400540054	0.0	0.0	0.00031595576619273305	0.0	0.0	0.0	0.0	0.0002824858757062147	0.0	0.0	0.0	0.0	0.0002531004808909137	0.0	0.0	0.0	0.0	0.0	0.0	0.0	0.0	0.0	0.0	0.0	0.0011942675159235668	0.0008354218880534671	0.0	0.0	0.00016458196181698488	0.0	0.0	0.00048042277203939464	0.0	0.0	0.0	0.0	0.0	0.0
Bacteria	Proteobacteria	Alphaproteobacteria	Rhizobiales	Beijerinckiaceae	Chelatococcus_A	Chelatococcus_A_sambhunathii	0.0	0.0	0.0	0.0	0.0	0.0	0.0	0.0	0.0	0.0	0.0	0.0	0.0	0.0	0.0	0.0	0.0	0.0	0.0	0.0	0.0	0.0	0.0	0.0034413535990823058	0.0	0.0	0.0	0.0	0.0	0.0	0.0	0.0	0.0	0.0	0.0	0.0	0.0	0.0	0.0	0.0	0.0	0.0	0.0	0.0	0.0
Bacteria	Proteobacteria	Alphaproteobacteria	Rhizobiales	Beijerinckiaceae	Methylobacterium	Methylobacterium_brachiatum	0.0	0.0	0.0	0.0	0.0	0.0	0.0	0.0	0.0	0.0	0.0	0.0	0.029341111873713112	0.0	0.0	0.0	0.0	0.0	0.01290843081887858	0.0	0.0	0.0	0.0	0.0	0.0	0.0	0.0	0.0	0.0	0.0	0.0	0.0	0.0	0.0	0.0	0.0	0.0	0.0	0.0	0.0	0.0	0.0	0.0	0.007686932215234103	0.0
Bacteria	Proteobacteria	Alphaproteobacteria	Rhizobiales	Beijerinckiaceae	Methylobacterium	Methylobacterium_extorquens	0.0	0.0	0.0	0.0	0.0	0.0	0.0	0.0	0.0	0.02717219589257504	0.0	0.0	0.0	0.0	0.0	0.0	0.0	0.0	0.0	0.0	0.0	0.0	0.0	0.0	0.0	0.0	0.0	0.0	0.0	0.0	0.0	0.0	0.0	0.0	0.0	0.0	0.0	0.0	0.0	0.0006142506142506142	0.011227544910179637	0.0	0.0	0.0	0.0
Bacteria	Proteobacteria	Alphaproteobacteria	Rhizobiales	Beijerinckiaceae	Methylobacterium	Methylobacterium_fujisawaense	0.0	0.0	0.0	0.0	0.0	0.0	0.0	0.0	0.0	0.0	0.0	0.0	0.0	0.0	0.0031073446327683617	0.0	0.0	0.0	0.0	0.0	0.0016851227732306213	0.0	0.0	0.0	0.0	0.0	0.0	0.0	0.0	0.0	0.0	0.0	0.0	0.0	0.0	0.0004937458854509546	0.0	0.0	0.0	0.0	0.0	0.0	0.0	0.0	0.0
Bacteria	Proteobacteria	Alphaproteobacteria	Rhizobiales	Beijerinckiaceae	Methylobacterium	Methylobacterium_rhodesianum	0.0	0.0	0.009424436216762032	0.0	0.0	0.0	0.0	0.0	0.0	0.0	0.0	0.0	0.0	0.0	0.0	0.0	0.0	0.0	0.0	0.0	0.0	0.0	0.0	0.0	0.0	0.0	0.0	0.0	0.0	0.0	0.0	0.0	0.0	0.0024125452352231607	0.0	0.0	0.0	0.0	0.0	0.0	0.0	0.0	0.0	0.0	0.0
Bacteria	Proteobacteria	Alphaproteobacteria	Rhizobiales	Beijerinckiaceae	Methylobacterium	Methylobacterium_sp001422815	0.0	0.0	0.0	0.0	0.0	0.0	0.0	0.008149568552253114	0.0	0.0	0.0	0.0	0.0	0.0	0.0	0.0	0.0	0.0	0.0	0.0	0.0	0.0	0.0	0.0	0.0	0.0	0.0	0.0	0.0	0.0	0.0	0.0	0.0	0.0	0.0	0.0	0.0	0.0	0.0	0.0	0.0	0.0	0.0	0.0	0.0
Bacteria	Proteobacteria	Alphaproteobacteria	Rhizobiales	Beijerinckiaceae	Methylobacterium	Methylobacterium_sp003111705	0.0	0.0	0.0	0.0	0.0	0.0	0.0	0.0	0.0	0.0	0.0	0.0	0.0	0.0	0.0	0.0	0.0	0.0	0.0	0.0	0.0	0.0	0.0	0.0	0.0	0.0	0.0	0.0	0.0	0.004836109618484684	0.0	0.0	0.0	0.0	0.0	0.0	0.0	0.0	0.0	0.0	0.0	0.0	0.0	0.0	0.0
Bacteria	Proteobacteria	Alphaproteobacteria	Rhizobiales	Beijerinckiaceae	Methylobacterium	Methylobacterium_sp005502455	0.0	0.0	0.0	0.0	0.0	0.0	0.0	0.0	0.0	0.0	0.0	0.0	0.0	0.0	0.0	0.0	0.0	0.0	0.0	0.0	0.0	0.0	0.0	0.0	0.0	0.0	0.0	0.0	0.0	0.0	0.0	0.0	0.0	0.0	0.0	0.0	0.0	0.0	0.0	0.0	0.0	0.0	0.0	0.015024458420684835	0.0
Bacteria	Proteobacteria	Alphaproteobacteria	Rhizobiales	Devosiaceae	Devosia	Devosia_marina	0.0	0.0	0.0	0.0	0.0	0.000239377618192699	0.0	0.0	0.0	0.0	0.0	0.0	0.0	0.0	0.0	0.0	0.0	0.0	0.0	0.0	0.0	0.0	0.0	0.0	0.0	0.0	0.0	0.0	0.0	0.0	0.0	0.0	0.0	0.0	0.0	0.0	0.0	0.0	0.0	0.0	0.0	0.0	0.0	0.0	0.0
Bacteria	Proteobacteria	Alphaproteobacteria	Rhizobiales	Devosiaceae	Devosia	Devosia_sp003056355	0.0	0.0	0.0	0.0	0.0	0.0	0.0	0.0016778523489932883	0.0	0.0	0.0	0.0	0.0	0.0	0.0	0.0	0.006944444444444444	0.0	0.0	0.0	0.0	0.0	0.0	0.0	0.0	0.0	0.0	0.0	0.0	0.0	0.0	0.0	0.0	0.0	0.0	0.0	0.0	0.0	0.0	0.0	0.0	0.0	0.0	0.0	0.0
Bacteria	Proteobacteria	Alphaproteobacteria	Rhizobiales	Devosiaceae	Devosia_A	Devosia_A_sp001899065	0.0	0.0	0.0	0.0	0.0	0.0	0.0	0.0007190795781399807	0.0	0.0	0.0	0.0	0.0	0.0	0.0	0.0	0.0	0.0	0.0	0.0	0.0	0.0	0.0	0.0	0.0	0.0	0.0	0.0018963337547408341	0.0	0.0	0.0	0.0	0.0	0.0	0.0	0.0	0.0	0.0	0.0	0.0	0.0	0.0	0.0	0.0	0.0
Bacteria	Proteobacteria	Alphaproteobacteria	Rhizobiales	Hyphomicrobiaceae	AWTP1-13	AWTP1-13_sp902826255	0.0	0.0	0.0	0.0	0.0	0.0	0.0	0.0	0.0	0.037914691943127965	0.0	0.0	0.0	0.0	0.0	0.0	0.0	0.0	0.0	0.0	0.0	0.0	0.0	0.0	0.0	0.0	0.0	0.0	0.0	0.0	0.0	0.0	0.0	0.0	0.0	0.0	0.0	0.0	0.0	0.0	0.0	0.0	0.0	0.0	0.0
Bacteria	Proteobacteria	Alphaproteobacteria	Rhizobiales	Hyphomicrobiaceae	Hyphomicrobium	Hyphomicrobium_sp002928395	0.0	0.0	0.0	0.0	0.0	0.0007181328545780969	0.0	0.00311601150527325	0.0	0.0	0.0	0.0	0.0	0.0	0.0	0.0	0.0	0.0	0.0	0.0027841052898000505	0.002648050072219548	0.005322924059616748	0.0	0.0	0.0	0.00261437908496732	0.0	0.0	0.0	0.008060182697474475	0.004288164665523156	0.0	0.0	0.0	0.0	0.0	0.0	0.0	0.0	0.0	0.0	0.0	0.0	0.0	0.0
Bacteria	Proteobacteria	Alphaproteobacteria	Rhizobiales	Hyphomicrobiaceae	Hyphomicrobium	Hyphomicrobium_sp002928955	0.0	0.0	0.0	0.0	0.0	0.0	0.0	0.0016778523489932883	0.0	0.0	0.0	0.0	0.0	0.0	0.0	0.0	0.0	0.0	0.0	0.0	0.0	0.0	0.0	0.0	0.0	0.0	0.0	0.0	0.0	0.0	0.0	0.0	0.0	0.0	0.0	0.0	0.0	0.0	0.0	0.0	0.0	0.0	0.0	0.0	0.0
Bacteria	Proteobacteria	Alphaproteobacteria	Rhizobiales	JACESI01	JACESI01	JACESI01_sp013911885	0.0058365758754863805	0.0	0.01514641534836755	0.0	0.0	0.0	0.0	0.015819750719079578	0.0	0.0	0.0	0.01246969172151022	0.0	0.023132530120481925	0.0	0.005311077389984826	0.0	0.0	0.014521984671238402	0.015186028853454821	0.0014443909484833895	0.012775017743080196	0.0	0.0	0.0	0.00588235294117647	0.0	0.0	0.0013480116827679172	0.0	0.016295025728987993	0.014331210191082803	0.0	0.0014475271411338963	0.005546425636811832	0.0	0.0022315893875526904	0.0	0.0	0.0	0.0	0.0	0.0	0.012578616352201257	0.004308797127468582
Bacteria	Proteobacteria	Alphaproteobacteria	Rhizobiales	Kaistiaceae	Kaistia	Kaistia_granuli	0.0	0.0	0.0	0.0	0.0	0.0	0.0	0.0	0.0	0.0	0.0	0.0	0.0	0.0	0.0	0.0	0.0	0.0	0.0	0.0	0.0	0.0	0.0	0.0	0.0	0.0	0.0	0.0	0.0	0.0	0.0	0.0	0.0008354218880534671	0.0	0.0	0.0	0.0	0.0	0.0	0.0	0.0	0.0	0.0	0.0	0.0
Bacteria	Proteobacteria	Alphaproteobacteria	Rhizobiales	Phreatobacteraceae	Phreatobacter	Phreatobacter_oligotrophus	0.0	0.0	0.004039044092898013	0.0	0.0	0.0	0.0	0.0011984659635666346	0.0005515719801434087	0.0025276461295418644	0.0	0.0	0.0	0.0	0.0	0.0020232675771370764	0.0	0.0	0.0	0.0	0.0	0.0	0.0	0.0	0.0	0.0	0.0	0.0	0.0	0.0	0.0	0.0	0.0	0.0	0.0004108463434675431	0.0	0.0	0.0	0.0	0.0	0.0	0.0	0.0	0.0	0.0
Bacteria	Proteobacteria	Alphaproteobacteria	Rhizobiales	Phreatobacteraceae	Phreatobacter	Phreatobacter_sp000751295	0.0	0.0	0.0013463480309660045	0.00014450867052023122	0.000573942988329826	0.0	0.0	0.00047938638542665386	0.0	0.0	0.0	0.0	0.001029512697323267	0.0	0.0005649717514124294	0.0010116337885685382	0.00022401433691756272	0.0	0.0	0.0002531004808909137	0.0	0.0	0.0	0.0005735589331803844	0.0	0.0	0.0	0.0	0.0	0.0	0.001429388221841052	0.0	0.0	0.00048250904704463213	0.0006162695152013146	0.00032916392363396976	0.0	0.0	0.00048042277203939464	0.0	0.0	0.0	0.0006405124099279423	0.0	0.0014362657091561942
Bacteria	Proteobacteria	Alphaproteobacteria	Rhizobiales	Rhizobiaceae	Agrobacterium	Agrobacterium_deltaense	0.0	0.0	0.0	0.00043352601156069364	0.0	0.0	0.0	0.0	0.0	0.0	0.0	0.0	0.0	0.0	0.0	0.0	0.0	0.0	0.0	0.0	0.0	0.0	0.0	0.0	0.0	0.0	0.0	0.0	0.0	0.0	0.0	0.0	0.0	0.0	0.0	0.0	0.0	0.0	0.0	0.0	0.0	0.0	0.0	0.0	0.0
Bacteria	Proteobacteria	Alphaproteobacteria	Rhizobiales	Rhizobiaceae	Agrobacterium	Agrobacterium_oryzihabitans	0.0	0.0	0.0	0.0	0.0	0.0	0.0	0.0	0.0	0.0	0.0	0.0	0.0	0.0	0.0	0.0	0.0	0.0	0.0	0.0	0.0	0.0	0.0	0.0	0.0	0.0	0.0	0.0	0.0	0.009134873723804404	0.0	0.0	0.0006265664160401002	0.0	0.0	0.0	0.0	0.0	0.0	0.0	0.0	0.0	0.0	0.0	0.0
Bacteria	Proteobacteria	Alphaproteobacteria	Rhizobiales	Rhizobiaceae	Agrobacterium	Agrobacterium_pusense	0.0	0.0	0.0	0.0	0.002295771953319304	0.0	0.0	0.0	0.0	0.0	0.0	0.0	0.0018874399450926563	0.0	0.00480225988700565	0.0	0.0	0.0	0.004840661557079467	0.0	0.0	0.0	0.0	0.0	0.0	0.0	0.0	0.0	0.0	0.0	0.0	0.0	0.0	0.0	0.0	0.0023041474654377885	0.0	0.0	0.0	0.0	0.026197604790419153	0.0	0.0	0.0	0.0
Bacteria	Proteobacteria	Alphaproteobacteria	Rhizobiales	Rhizobiaceae	Agrobacterium	Agrobacterium_sp005938205	0.0	0.0	0.0	0.0	0.0	0.0	0.0	0.0	0.0	0.0	0.0	0.0	0.0	0.0	0.0	0.0	0.0	0.0	0.0	0.0	0.0	0.0	0.0	0.0	0.0	0.0	0.0	0.0	0.0	0.0	0.0	0.0	0.0	0.0	0.0	0.0	0.0	0.0	0.0	0.0	0.06137724550898202	0.0	0.0	0.0	0.0
Bacteria	Proteobacteria	Alphaproteobacteria	Rhizobiales	Rhizobiaceae	Agrobacterium	Agrobacterium_sp900013535	0.0	0.0	0.0	0.0	0.0	0.0	0.0	0.0	0.0	0.0	0.0	0.0	0.0	0.0	0.0	0.0	0.0	0.0	0.0	0.0	0.0	0.0	0.0	0.0	0.0	0.0	0.0	0.0	0.0	0.04889844169801181	0.0	0.0	0.0	0.0	0.0	0.0	0.0	0.0	0.0	0.0	0.0	0.0	0.0	0.0	0.0
Bacteria	Proteobacteria	Alphaproteobacteria	Rhizobiales	Rhizobiaceae	Agrobacterium	Agrobacterium_sp900473305	0.0	0.0	0.0	0.0	0.0	0.0	0.0	0.0	0.0	0.0	0.0	0.0	0.0	0.0	0.0	0.0020232675771370764	0.0	0.0	0.0	0.0	0.0	0.0	0.0	0.0	0.0	0.0	0.0	0.0	0.0	0.0	0.0	0.0	0.0	0.0	0.0	0.0	0.0	0.0	0.0	0.0	0.0	0.0	0.0	0.0	0.0
Bacteria	Proteobacteria	Alphaproteobacteria	Rhizobiales	Rhizobiaceae	Agrobacterium	Agrobacterium_tumefaciens_B	0.0	0.0	0.0	0.0	0.0	0.0	0.0	0.0	0.0	0.0	0.0005744925315970892	0.0	0.0	0.0	0.0	0.0	0.0	0.0	0.0	0.0	0.0	0.0	0.0	0.0	0.0	0.0	0.0	0.0	0.0	0.0	0.0	0.0	0.0	0.0	0.0	0.0	0.0	0.0	0.0	0.0	0.0	0.0	0.0	0.0	0.0
Bacteria	Proteobacteria	Alphaproteobacteria	Rhizobiales	Rhizobiaceae	Allorhizobium	Allorhizobium_rosettiformans	0.0	0.0	0.0	0.0	0.0	0.0	0.0	0.0	0.0	0.0	0.0	0.0	0.0	0.0	0.0019774011299435027	0.0	0.0	0.0	0.0	0.0020248038471273096	0.0	0.0	0.0	0.0	0.0	0.0	0.0008317737575379496	0.0	0.0	0.0	0.0	0.0	0.0	0.0	0.0	0.0	0.0	0.0	0.0	0.0	0.044161676646706574	0.0	0.0	0.0	0.0
Bacteria	Proteobacteria	Alphaproteobacteria	Rhizobiales	Rhizobiaceae	Allorhizobium	Allorhizobium_sp900465605	0.0	0.0	0.0	0.0	0.0	0.0	0.0	0.0	0.0	0.0	0.0	0.0	0.0	0.0	0.0	0.0	0.0	0.0	0.003227107704719645	0.0	0.0	0.0	0.0	0.0	0.0	0.0	0.0	0.0	0.0	0.0	0.0	0.0	0.0	0.0	0.0	0.0	0.00074386312918423	0.0	0.0	0.0	0.0	0.0	0.0	0.0	0.0
Bacteria	Proteobacteria	Alphaproteobacteria	Rhizobiales	Rhizobiaceae	Aminobacter	Aminobacter_niigataensis	0.0	0.0	0.0	0.0	0.0	0.0	0.0	0.0	0.0	0.000947867298578199	0.0	0.002771042604780049	0.0	0.0	0.0	0.0	0.0	0.0	0.0	0.0	0.0	0.0	0.0	0.0	0.0	0.0	0.0	0.0	0.0011233430689732643	0.0	0.0	0.0	0.0029239766081871348	0.0	0.0	0.0	0.0	0.0	0.0	0.0	0.01571856287425149	0.01743435213086526	0.0	0.0	0.0
Bacteria	Proteobacteria	Alphaproteobacteria	Rhizobiales	Rhizobiaceae	Aquamicrobium_A	Aquamicrobium_A_sediminum	0.0	0.0	0.0	0.0	0.0	0.0	0.0	0.0	0.0	0.0	0.0	0.0	0.0	0.0	0.0	0.0	0.0	0.0	0.0	0.0	0.0	0.0	0.0	0.0	0.0	0.0	0.0	0.0	0.0	0.0	0.0	0.0	0.001044277360066834	0.0	0.0	0.0	0.0	0.0	0.0	0.0	0.0	0.0	0.0	0.0	0.0
Bacteria	Proteobacteria	Alphaproteobacteria	Rhizobiales	Rhizobiaceae	Ensifer	Ensifer_adhaerens	0.0	0.0	0.0	0.0	0.0	0.0	0.0	0.0	0.0	0.0	0.0	0.0	0.0	0.0	0.0	0.0	0.0	0.0	0.0	0.0	0.0	0.0	0.0	0.0	0.0	0.0	0.0	0.0	0.0	0.0	0.0	0.0	0.0	0.0007237635705669482	0.0	0.0	0.0	0.0	0.0	0.0	0.0	0.0	0.0	0.0	0.0
Bacteria	Proteobacteria	Alphaproteobacteria	Rhizobiales	Rhizobiaceae	FKL33	FKL33_sp005222915	0.0	0.0	0.0	0.00028901734104046245	0.0	0.0	0.0	0.0	0.0	0.0	0.0	0.0	0.0	0.0	0.0	0.0	0.0	0.0	0.0	0.0	0.0	0.0	0.0	0.0	0.0	0.0	0.0	0.0	0.0	0.0	0.0	0.0	0.0	0.0	0.0	0.0	0.0	0.0	0.0	0.0	0.0	0.0	0.0	0.0	0.0
Bacteria	Proteobacteria	Alphaproteobacteria	Rhizobiales	Rhizobiaceae	Mesorhizobium	Mesorhizobium_sp004136315	0.0	0.0	0.0	0.0	0.0	0.0	0.0	0.0	0.0	0.0	0.0	0.0	0.0	0.0	0.0	0.0	0.0	0.0	0.0	0.0	0.0	0.0	0.0	0.0	0.0	0.0	0.0	0.0	0.0	0.0	0.002001143510577473	0.0	0.0	0.0	0.0	0.0	0.0	0.0	0.0	0.0	0.0	0.0008609556607834697	0.0	0.0	0.0
Bacteria	Proteobacteria	Alphaproteobacteria	Rhizobiales	Rhizobiaceae	Neorhizobium	Neorhizobium_soli	0.0	0.0	0.0	0.0	0.0	0.0	0.0	0.0	0.0	0.0	0.0	0.0	0.0	0.0	0.0	0.0	0.0	0.0	0.0	0.0	0.0	0.0	0.0	0.0	0.0	0.0	0.0	0.0	0.0	0.0	0.0	0.0	0.0	0.0	0.0	0.0011520737327188942	0.0	0.0	0.0	0.0	0.0	0.0	0.0	0.0	0.0
Bacteria	Proteobacteria	Alphaproteobacteria	Rhizobiales	Rhizobiaceae	Neorhizobium	Neorhizobium_sp900469445	0.0	0.0	0.0	0.00028901734104046245	0.0	0.0	0.0	0.0	0.0	0.0	0.0	0.0	0.0	0.0	0.0	0.0	0.0	0.0	0.0	0.0	0.0	0.0	0.0	0.0	0.0	0.0	0.0	0.0	0.0	0.0	0.0	0.0	0.0	0.0	0.0	0.0	0.0	0.0	0.0	0.0	0.0	0.0	0.0	0.0	0.0
Bacteria	Proteobacteria	Alphaproteobacteria	Rhizobiales	Rhizobiaceae	Pararhizobium	Pararhizobium_giardinii	0.0	0.0	0.0	0.0	0.0	0.0	0.0	0.0	0.0	0.0	0.0	0.0	0.0	0.0	0.0	0.0	0.0	0.0	0.0	0.0005062009617818274	0.0	0.0010645848119233494	0.0	0.0	0.0	0.0	0.0	0.0	0.0	0.0	0.0005717552887364209	0.0	0.0	0.0	0.0	0.0	0.0	0.0	0.0	0.0002047502047502048	0.0	0.0	0.0	0.0010482180293501047	0.0
Bacteria	Proteobacteria	Alphaproteobacteria	Rhizobiales	Rhizobiaceae	Pseudorhizobium	Pseudorhizobium_endolithicum	0.0	0.0	0.0	0.0	0.0	0.0	0.0	0.0	0.0	0.0	0.0	0.0	0.0	0.0	0.0	0.0	0.0	0.0	0.0	0.0	0.0	0.0	0.0	0.0	0.0	0.0	0.0	0.0	0.0	0.0	0.0	0.0	0.0	0.0	0.0	0.0011520737327188942	0.0	0.0	0.0	0.0	0.0	0.0	0.0	0.0	0.0
Bacteria	Proteobacteria	Alphaproteobacteria	Rhizobiales	Rhizobiaceae	Rhizobium	Rhizobium_rhizogenes	0.0	0.0	0.0	0.0	0.0	0.0	0.0	0.0	0.0	0.0	0.0	0.0	0.0	0.0	0.0	0.0	0.0	0.0	0.0	0.0	0.0	0.0	0.0	0.0	0.0	0.0	0.0	0.0	0.0	0.0	0.0	0.0	0.0	0.0	0.0	0.0	0.0	0.00012645422357106728	0.0	0.0	0.0	0.0	0.0	0.0	0.0
Bacteria	Proteobacteria	Alphaproteobacteria	Rhizobiales	Rhizobiaceae	Rhizobium_A	Rhizobium_A_rhizoryzae	0.0	0.0	0.0	0.0	0.0	0.0	0.0	0.0	0.0	0.0	0.0	0.0	0.0	0.0	0.0	0.0	0.0	0.0	0.0	0.0	0.0	0.0	0.0	0.0	0.0	0.0	0.0	0.0	0.0011233430689732643	0.0	0.0	0.0	0.0	0.0	0.0	0.0	0.0	0.0	0.0	0.0	0.0	0.0	0.0	0.0	0.0
Bacteria	Proteobacteria	Alphaproteobacteria	Rhizobiales	Rhizobiaceae	Shinella	Shinella_kummerowiae	0.0	0.0	0.0	0.0	0.0	0.0	0.0	0.0	0.002390145247288104	0.0	0.0	0.0	0.0	0.0	0.0	0.0	0.0	0.0	0.0	0.0	0.0	0.0	0.0	0.0	0.0	0.0	0.0	0.0	0.0	0.0	0.0	0.0	0.0	0.0	0.0	0.0	0.0	0.0	0.00048042277203939464	0.0	0.0	0.0	0.0	0.0	0.0
Bacteria	Proteobacteria	Alphaproteobacteria	Rhizobiales	Rhizobiaceae	Shinella	Shinella_sp001262505	0.0	0.0	0.0	0.0	0.0	0.0	0.0	0.0	0.0	0.0	0.0	0.0	0.0	0.0	0.0	0.0	0.0	0.0	0.0	0.0	0.0	0.0	0.0	0.0	0.0	0.0	0.0	0.0	0.0	0.0	0.0	0.0	0.0	0.0	0.0	0.0	0.0	0.0	0.0	0.0	0.00523952095808383	0.0	0.0	0.0	0.0
Bacteria	Proteobacteria	Alphaproteobacteria	Rhizobiales	Rhizobiaceae	Shinella	Shinella_sp001713395	0.0	0.0	0.0	0.0	0.0	0.0	0.0	0.0	0.0018385732671446955	0.0	0.0	0.0	0.0	0.0	0.0	0.0	0.0	0.0	0.0	0.0	0.0	0.0	0.0	0.0	0.0	0.0	0.0	0.0	0.0	0.0	0.0	0.0	0.0	0.0	0.0	0.0	0.0	0.0	0.0	0.0	0.0	0.0	0.0	0.0	0.0
Bacteria	Proteobacteria	Alphaproteobacteria	Rhizobiales	UBA4765	UBA4765	UBA4765_sp002365175	0.0	0.0	0.0060585661393470205	0.00043352601156069364	0.0	0.0	0.0	0.0	0.0	0.0	0.0	0.0	0.0	0.0	0.0	0.0	0.0	0.0	0.0	0.0	0.0	0.0	0.0	0.0	0.0	0.0	0.0	0.0	0.0	0.0	0.0017152658662092624	0.0	0.0	0.0	0.0	0.0	0.0	0.0	0.0	0.0	0.0	0.0	0.0	0.0	0.0
Bacteria	Proteobacteria	Alphaproteobacteria	Rhizobiales	Xanthobacteraceae	Ancylobacter	Ancylobacter_sp000378025	0.0	0.0	0.0010097610232245033	0.0	0.0	0.0	0.0	0.0	0.0	0.0	0.0	0.0	0.0	0.0	0.0	0.0	0.0	0.0	0.0	0.000759301442672741	0.0	0.0	0.0	0.0	0.0	0.0	0.0	0.0	0.0	0.0	0.0	0.0	0.0006265664160401002	0.0	0.0	0.0	0.0	0.0	0.0	0.0	0.0	0.0	0.0	0.0	0.0
Bacteria	Proteobacteria	Alphaproteobacteria	Rhizobiales	Xanthobacteraceae	Angulomicrobium	Angulomicrobium_novellum_A	0.0	0.0	0.0	0.0	0.0	0.0	0.0	0.0	0.0	0.0	0.0	0.0	0.0	0.0	0.0	0.0	0.0	0.0	0.0	0.0	0.0	0.0	0.0	0.0	0.0	0.0	0.0	0.0	0.0	0.0	0.0	0.0051751592356687895	0.0	0.0	0.0	0.0	0.0	0.0	0.0	0.0	0.0	0.0	0.0	0.0	0.0
Bacteria	Proteobacteria	Alphaproteobacteria	Rhizobiales	Xanthobacteraceae	Aquabacter	Aquabacter_sp002279855	0.0	0.0	0.0	0.0	0.0	0.0	0.0	0.0	0.0	0.0	0.0	0.0	0.0	0.0	0.0	0.0	0.0	0.0	0.0	0.0	0.0	0.0	0.0	0.0	0.0	0.0	0.0	0.0	0.0	0.011284255776464263	0.0	0.0	0.0	0.0	0.0	0.0	0.0	0.0	0.0	0.0	0.0	0.0	0.0	0.0	0.0
Bacteria	Proteobacteria	Alphaproteobacteria	Rhizobiales	Xanthobacteraceae	Aquabacter	Aquabacter_sp013911975	0.0	0.0	0.0	0.0	0.0	0.0	0.0	0.0	0.0	0.0044233807266982625	0.0	0.0	0.0	0.0	0.0	0.0	0.0	0.0	0.0	0.0	0.0	0.0	0.0	0.0	0.0	0.0	0.0	0.0	0.0	0.0	0.0	0.0	0.0	0.0	0.0	0.0	0.0	0.0	0.0	0.0	0.0	0.0	0.0	0.0	0.0
Bacteria	Proteobacteria	Alphaproteobacteria	Rhizobiales	Xanthobacteraceae	Bradyrhizobium	Bradyrhizobium_cosmicum	0.0	0.0	0.0	0.0	0.0	0.0	0.0014401440144014403	0.0	0.0	0.0	0.0	0.0	0.0	0.0	0.0	0.0	0.0	0.0	0.0	0.0	0.0	0.0	0.0	0.0	0.0	0.0	0.0	0.0	0.0	0.0	0.0	0.0	0.0	0.0	0.0	0.0	0.0	0.0	0.0	0.0	0.0	0.0	0.0	0.0	0.0
Bacteria	Proteobacteria	Alphaproteobacteria	Rhizobiales	Xanthobacteraceae	Bradyrhizobium	Bradyrhizobium_sp000015165	0.0	0.0	0.0	0.0	0.0	0.0	0.00054005400540054	0.0	0.0	0.0	0.0	0.0	0.0	0.0	0.0	0.0	0.00044802867383512545	0.0	0.0	0.0	0.0	0.0	0.0	0.0	0.0	0.0	0.0	0.0	0.0	0.0	0.0	0.0	0.00041771094402673353	0.0	0.0	0.0	0.0	0.0	0.0	0.0	0.0	0.0	0.0	0.0	0.0
Bacteria	Proteobacteria	Alphaproteobacteria	Rhizobiales	Xanthobacteraceae	Bradyrhizobium	Bradyrhizobium_sp000617845	0.0	0.0	0.0	0.0	0.0	0.0001196888090963495	0.0	0.0	0.0	0.0	0.0	0.0	0.0	0.0	0.0	0.0	0.0	0.0	0.0	0.0	0.0	0.0	0.0	0.0	0.0	0.0	0.0	0.0	0.0	0.0	0.0	0.0	0.0	0.0	0.0	0.0	0.0	0.0	0.0	0.0	0.0	0.0	0.0	0.0	0.0
Bacteria	Proteobacteria	Alphaproteobacteria	Rhizobiales	Xanthobacteraceae	Bradyrhizobium	Bradyrhizobium_sp002831585	0.0	0.0	0.0	0.0	0.0	0.0	0.0	0.0	0.0	0.0	0.0	0.0	0.028483184625943722	0.0	0.0	0.0	0.0	0.0	0.0	0.0	0.0	0.0	0.0	0.0	0.0	0.0	0.0	0.0	0.0	0.0	0.0	0.0	0.0	0.0	0.0	0.0	0.0	0.0	0.0	0.0	0.0	0.0	0.0	0.0	0.0
Bacteria	Proteobacteria	Alphaproteobacteria	Rhizobiales	Xanthobacteraceae	Bradyrhizobium	Bradyrhizobium_sp003963435	0.0	0.0	0.0	0.0	0.0	0.0	0.0	0.0	0.0	0.0	0.0	0.0	0.0	0.0	0.0	0.0	0.0	0.0	0.0	0.0	0.0	0.0	0.0	0.0	0.0	0.0	0.0006238303181534621	0.0	0.0	0.0	0.0	0.0	0.0	0.0	0.0	0.0	0.0	0.0	0.0	0.0	0.0	0.0	0.0	0.0	0.0
Bacteria	Proteobacteria	Alphaproteobacteria	Rhizobiales	Xanthobacteraceae	Bradyrhizobium	Bradyrhizobium_tropiciagri	0.0	0.0	0.0	0.0	0.0	0.0	0.0	0.0	0.0	0.0	0.0	0.0	0.0	0.0	0.0	0.0	0.0	0.0	0.0	0.0	0.0	0.0	0.0	0.0	0.0	0.0	0.0	0.0	0.0	0.0	0.00028587764436821046	0.0	0.0	0.0	0.0	0.0	0.0	0.0	0.0	0.0	0.0	0.0	0.0	0.0	0.0
Bacteria	Proteobacteria	Alphaproteobacteria	Rhizobiales	Xanthobacteraceae	Bradyrhizobium	Bradyrhizobium_valentinum	0.0	0.0	0.0	0.00028901734104046245	0.0	0.0	0.0	0.0	0.0	0.0	0.0	0.0	0.0	0.0	0.0	0.0	0.0	0.0	0.0	0.0	0.0	0.0	0.0	0.0	0.0	0.0	0.0	0.0	0.0	0.0	0.0	0.0	0.0	0.0	0.0	0.0	0.0	0.0	0.0	0.0	0.0	0.0	0.0	0.0	0.0
Bacteria	Proteobacteria	Alphaproteobacteria	Rhizobiales	Xanthobacteraceae	Nitrobacter	Nitrobacter_vulgaris	0.0	0.0	0.0	0.0	0.0	0.0	0.0	0.0	0.0	0.0	0.0	0.0	0.0	0.0	0.0	0.0	0.0	0.0	0.0	0.0	0.0	0.0	0.0	0.0	0.0	0.0	0.0	0.0	0.0	0.0	0.0	0.0	0.0	0.0	0.0	0.0	0.0	0.0	0.0	0.0	0.0	0.0	0.0	0.025506638714185882	0.0
Bacteria	Proteobacteria	Alphaproteobacteria	Rhizobiales	Xanthobacteraceae	Xanthobacter	Xanthobacter_tagetidis	0.0	0.0	0.0	0.00028901734104046245	0.0	0.0	0.0	0.0	0.0	0.0012638230647709322	0.0	0.0	0.0	0.0	0.0	0.0	0.0	0.0	0.0	0.0	0.0	0.0	0.0	0.0	0.0006664445184938354	0.0	0.0	0.0006321112515802782	0.0	0.00107469102632993	0.0	0.0	0.0	0.0	0.0	0.0	0.0	0.0	0.0	0.0004095004095004096	0.0	0.00043047783039173483	0.0	0.0	0.0
Bacteria	Proteobacteria	Alphaproteobacteria	Rhizobiales_A	Rhizobiaceae_A	Ochrobactrum_A	Ochrobactrum_A_pituitosum	0.0	0.0	0.0	0.0	0.0	0.0	0.0	0.0	0.0	0.0	0.0	0.0	0.0	0.0	0.0	0.0	0.007392473118279569	0.0	0.0	0.0	0.0	0.0	0.0	0.0	0.0	0.0	0.0	0.0	0.0	0.0	0.0	0.0	0.0	0.0	0.0	0.0	0.0	0.0	0.0	0.0	0.0	0.0	0.0	0.0	0.0
Bacteria	Proteobacteria	Alphaproteobacteria	Rhizobiales_A	Rhizobiaceae_A	Ochrobactrum_A	Ochrobactrum_A_quorumnocens	0.0	0.0	0.0	0.0	0.0	0.0	0.0	0.0	0.0	0.0	0.0	0.0	0.0	0.019759036144578312	0.0	0.0	0.0	0.0	0.0	0.0	0.0	0.0	0.0	0.0	0.0	0.0	0.0	0.0	0.0	0.0	0.0	0.0	0.0	0.0	0.0	0.0	0.0	0.0	0.0	0.0	0.0	0.0	0.0	0.0	0.0
Bacteria	Proteobacteria	Alphaproteobacteria	Rhizobiales_A	Rhizobiaceae_A	Phyllobacterium	Phyllobacterium_sp900539805	0.0	0.0	0.0	0.0	0.0	0.0	0.0	0.0	0.0	0.0	0.0	0.0	0.0	0.0	0.0	0.0	0.0	0.0	0.0	0.0	0.0	0.0	0.0	0.0	0.0	0.0	0.0	0.0	0.0	0.0	0.0	0.0	0.0	0.0	0.0	0.0016458196181698488	0.0	0.0	0.0	0.0	0.0	0.0	0.0	0.0	0.0
Bacteria	Proteobacteria	Alphaproteobacteria	Rhizobiales_A	Rhizobiaceae_A	Pseudochrobactrum	Pseudochrobactrum_sp900470285	0.0	0.0	0.0	0.00043352601156069364	0.0	0.0	0.0	0.0	0.0	0.0	0.0	0.0	0.0	0.0	0.0	0.0	0.0	0.0	0.0	0.0	0.0	0.0	0.0	0.0	0.0	0.0	0.0	0.0	0.0	0.0	0.0	0.0	0.0	0.0	0.0	0.0	0.0	0.0	0.0	0.0	0.0	0.0	0.0	0.0	0.0
Bacteria	Proteobacteria	Alphaproteobacteria	Rhodobacterales	Rhodobacteraceae	Albidovulum	Albidovulum_sp002440625	0.0	0.0	0.0	0.0	0.0	0.0	0.0	0.0	0.0	0.0	0.0	0.0	0.0	0.0	0.0	0.0	0.0	0.0	0.0	0.0	0.0	0.0	0.0	0.0	0.0	0.0	0.0	0.0	0.0029206919793304874	0.0	0.0	0.0	0.0	0.0	0.0	0.0	0.0	0.0	0.0	0.0	0.0	0.0	0.0	0.0	0.0
Bacteria	Proteobacteria	Alphaproteobacteria	Rhodobacterales	Rhodobacteraceae	Amaricoccus	Amaricoccus_macauensis	0.0	0.0	0.0	0.0	0.0	0.0	0.0	0.0	0.0	0.002843601895734597	0.0	0.0	0.0	0.0	0.0	0.0	0.0	0.0	0.0	0.0	0.0	0.0	0.0	0.0	0.0	0.0	0.0	0.0	0.0	0.0	0.0	0.0	0.0	0.0	0.0	0.0	0.0	0.0	0.0	0.0	0.0	0.0	0.0	0.0	0.0
Bacteria	Proteobacteria	Alphaproteobacteria	Rhodobacterales	Rhodobacteraceae	Amaricoccus	Amaricoccus_sp003241785	0.0	0.0	0.0	0.0	0.0	0.0	0.0	0.0	0.0	0.0	0.0	0.0	0.0	0.0	0.0	0.0	0.0	0.0	0.0	0.0	0.0	0.0	0.0	0.0	0.0	0.0	0.0014556040756914118	0.0	0.0	0.0	0.0	0.0	0.0	0.0	0.0	0.0	0.0	0.0	0.0	0.0	0.0	0.0	0.0	0.0	0.0
Bacteria	Proteobacteria	Alphaproteobacteria	Rhodobacterales	Rhodobacteraceae	Amaricoccus	Amaricoccus_sp003258405	0.0	0.0	0.0	0.0	0.0	0.0	0.0	0.0	0.0	0.0	0.0	0.0	0.0	0.0	0.0	0.0	0.0	0.0	0.0	0.0	0.0	0.0	0.0	0.0	0.0	0.0	0.0	0.0	0.0011233430689732643	0.0	0.0	0.0	0.0	0.0	0.0	0.0	0.0	0.0	0.0	0.0	0.0	0.0	0.0	0.0	0.0
Bacteria	Proteobacteria	Alphaproteobacteria	Rhodobacterales	Rhodobacteraceae	CYK-10	CYK-10_sp009925085	0.0	0.0	0.0	0.0	0.0	0.0	0.0	0.0	0.0	0.0	0.0	0.0	0.0	0.0	0.0	0.0	0.0	0.0	0.0	0.0	0.0	0.0	0.0	0.0	0.0	0.0	0.0	0.0	0.0	0.0	0.0	0.0	0.0014619883040935674	0.0	0.0	0.0	0.0	0.0	0.0	0.0	0.0	0.0	0.0	0.0	0.0
Bacteria	Proteobacteria	Alphaproteobacteria	Rhodobacterales	Rhodobacteraceae	Cereibacter_A	Cereibacter_A_sphaeroides	0.0	0.0	0.0	0.0	0.0	0.0	0.0	0.0	0.0	0.0	0.0	0.0	0.0	0.0	0.0	0.0	0.0	0.0	0.016942315449778134	0.0	0.0	0.0	0.0	0.0	0.0	0.0	0.0	0.0	0.0	0.0	0.0	0.0	0.0	0.0	0.0	0.0	0.005702950657079098	0.0	0.0	0.0	0.0	0.0	0.0	0.0	0.0
Bacteria	Proteobacteria	Alphaproteobacteria	Rhodobacterales	Rhodobacteraceae	Frigidibacter	Frigidibacter_mobilis	0.0	0.0	0.0	0.0	0.0	0.0	0.0	0.0	0.0	0.0	0.0	0.0	0.0	0.0	0.0	0.0	0.0	0.0	0.0	0.0	0.0	0.0	0.0	0.0	0.0	0.0	0.0	0.0	0.0	0.0	0.0	0.0	0.0	0.0	0.0	0.0	0.0	0.0	0.0	0.0	0.0	0.0008609556607834697	0.0	0.0	0.0
Bacteria	Proteobacteria	Alphaproteobacteria	Rhodobacterales	Rhodobacteraceae	Frigidibacter	Frigidibacter_sp002423245	0.0068093385214007774	0.0	0.005721979131605519	0.0010115606936416184	0.002295771953319304	0.0005984440454817474	0.0012601260126012602	0.0035953978906999038	0.0	0.005371248025276461	0.0	0.004156563907170073	0.0012010981468771448	0.003373493975903614	0.003389830508474576	0.0	0.001568100358422939	0.0	0.004033884630899556	0.002531004808909137	0.002888781896966779	0.005322924059616748	0.0	0.002007456266131345	0.0	0.00326797385620915	0.0	0.0	0.0022466861379465287	0.0	0.004859919954259577	0.004777070063694267	0.002506265664160401	0.0	0.0024650780608052583	0.0011520737327188942	0.002479543763947434	0.0	0.0012010569300984866	0.0014332514332514334	0.0	0.002798105897546276	0.0008006405124099279	0.0034940600978336828	0.0
Bacteria	Proteobacteria	Alphaproteobacteria	Rhodobacterales	Rhodobacteraceae	Frigidibacter	Frigidibacter_sp003993775	0.0	0.0	0.0	0.0	0.0	0.0	0.0	0.0	0.0	0.0	0.0	0.0	0.0	0.0	0.0	0.0	0.0	0.0	0.0	0.0	0.0	0.0	0.0	0.0	0.0	0.0	0.0	0.0	0.0	0.0	0.0	0.0	0.0027151211361737676	0.0	0.0	0.0	0.0	0.0	0.0	0.0	0.0	0.002798105897546276	0.0	0.0	0.0
Bacteria	Proteobacteria	Alphaproteobacteria	Rhodobacterales	Rhodobacteraceae	Haematobacter	Haematobacter_massiliensis	0.0	0.0	0.0	0.0	0.0	0.0	0.0	0.0	0.0	0.0	0.0	0.0	0.0012010981468771448	0.0	0.0	0.0048052604957005566	0.0	0.0	0.0	0.0	0.0	0.0	0.0	0.0	0.0	0.0	0.0	0.0	0.0	0.0	0.0	0.0	0.0	0.0	0.0	0.0	0.009422266303000248	0.0	0.0	0.0	0.01422155688622754	0.0	0.0	0.0	0.0
Bacteria	Proteobacteria	Alphaproteobacteria	Rhodobacterales	Rhodobacteraceae	Haematobacter	Haematobacter_sp002196855	0.0	0.0	0.0	0.0	0.0	0.0	0.0	0.0	0.0	0.0	0.0	0.0	0.0	0.0	0.0	0.0	0.0	0.0	0.0	0.0005062009617818274	0.0	0.0	0.0	0.0	0.0	0.0	0.0	0.0	0.0	0.0	0.0	0.0	0.0	0.0	0.0	0.0	0.0	0.0	0.0	0.0	0.0	0.0	0.0	0.0	0.0
Bacteria	Proteobacteria	Alphaproteobacteria	Rhodobacterales	Rhodobacteraceae	Mangrovicoccus	Mangrovicoccus_sp005870025	0.0	0.0	0.0	0.0	0.0	0.0	0.0	0.0	0.0	0.0	0.0	0.0	0.0	0.0	0.0	0.0	0.0	0.0	0.0	0.0	0.0	0.0	0.0	0.0	0.0	0.0	0.0	0.0	0.0	0.0	0.0017152658662092624	0.0	0.0	0.0	0.0	0.0	0.0	0.0	0.0	0.0	0.0	0.0	0.0	0.0	0.0
Bacteria	Proteobacteria	Alphaproteobacteria	Rhodobacterales	Rhodobacteraceae	Mangrovicoccus	Mangrovicoccus_ximenensis	0.0	0.0	0.0	0.0	0.0	0.0	0.0	0.0	0.0	0.0	0.0	0.0	0.0	0.0	0.0	0.0	0.0	0.0	0.0012101653892698668	0.0	0.0	0.0	0.0	0.0	0.0	0.0	0.0	0.0	0.0	0.0	0.0	0.0	0.0	0.0	0.0	0.0	0.001239771881973717	0.0	0.0	0.0	0.0	0.0	0.0	0.0	0.0
Bacteria	Proteobacteria	Alphaproteobacteria	Rhodobacterales	Rhodobacteraceae	Paenirhodobacter	Paenirhodobacter_hankyongi	0.0	0.0	0.0	0.0	0.0	0.0	0.0	0.0	0.0	0.0	0.0	0.0	0.0	0.0	0.0	0.0	0.0	0.0	0.0	0.0	0.0	0.0	0.0	0.0	0.0	0.0	0.0	0.0	0.0	0.0	0.0	0.0	0.0018796992481203009	0.0	0.0	0.0	0.0	0.0	0.0	0.0	0.0	0.0	0.0	0.0	0.0
Bacteria	Proteobacteria	Alphaproteobacteria	Rhodobacterales	Rhodobacteraceae	Paracoccus	Paracoccus_acridae	0.0	0.0	0.0	0.0	0.0	0.0	0.0	0.0	0.0	0.0	0.0	0.0	0.0	0.0	0.0	0.0	0.0	0.0	0.0	0.0	0.0	0.0	0.0	0.0	0.0	0.0	0.0	0.0	0.0	0.0	0.0	0.0	0.0014619883040935674	0.0	0.0	0.0	0.0	0.0	0.0	0.0	0.0	0.009255273353422298	0.0	0.0	0.0
Bacteria	Proteobacteria	Alphaproteobacteria	Rhodobacterales	Rhodobacteraceae	Paracoccus	Paracoccus_aeridis	0.0	0.0	0.0	0.010260115606936418	0.0	0.0	0.0	0.0	0.0	0.0	0.0	0.0	0.0	0.0	0.0	0.0	0.0	0.0	0.0	0.0	0.0	0.0	0.0	0.0	0.0	0.0	0.003119151590767311	0.0	0.0	0.0	0.0	0.0	0.0029239766081871348	0.003618817852834741	0.0	0.0	0.0	0.0	0.0	0.0	0.0	0.0	0.0	0.0	0.0
Bacteria	Proteobacteria	Alphaproteobacteria	Rhodobacterales	Rhodobacteraceae	Paracoccus	Paracoccus_aerius	0.0	0.0	0.0	0.0	0.0	0.0	0.0	0.0	0.0	0.0	0.0	0.0	0.0	0.0	0.0	0.0	0.0	0.0	0.0	0.0	0.0	0.0	0.0	0.0	0.0	0.0	0.0018714909544603866	0.0	0.005392046731071669	0.0	0.0	0.0	0.002506265664160401	0.0	0.0	0.0	0.0	0.0	0.0	0.0	0.0	0.009255273353422298	0.0	0.0	0.0
Bacteria	Proteobacteria	Alphaproteobacteria	Rhodobacterales	Rhodobacteraceae	Paracoccus	Paracoccus_chinensis	0.0	0.0	0.0	0.0	0.0	0.0	0.0	0.0	0.0	0.0	0.0	0.0	0.0	0.056385542168674696	0.0	0.0	0.0	0.0	0.0	0.0	0.0	0.0	0.0	0.0	0.0	0.0	0.0	0.0	0.04403504830375196	0.0	0.0	0.0	0.0	0.0031363088057901087	0.0	0.0	0.0	0.0	0.0	0.0	0.0	0.0	0.0	0.0	0.0
Bacteria	Proteobacteria	Alphaproteobacteria	Rhodobacterales	Rhodobacteraceae	Paracoccus	Paracoccus_denitrificans	0.0	0.0	0.0	0.0	0.0	0.0	0.0	0.0	0.0	0.0	0.0	0.0	0.0	0.0	0.0	0.0	0.0006720430107526881	0.0	0.0	0.0	0.0	0.0	0.0	0.0	0.0	0.0	0.0	0.0	0.0	0.0	0.0	0.0	0.0	0.0	0.0	0.0	0.0	0.0	0.0	0.0	0.0	0.0	0.0	0.0	0.0
Bacteria	Proteobacteria	Alphaproteobacteria	Rhodobacterales	Rhodobacteraceae	Paracoccus	Paracoccus_haematequi	0.0	0.0	0.0	0.00028901734104046245	0.0	0.0	0.0	0.0	0.0	0.0	0.0	0.0	0.0	0.0	0.0	0.0	0.002240143369175627	0.0	0.0	0.0	0.0	0.0	0.0	0.0	0.0	0.0	0.0	0.0	0.0	0.0	0.0	0.006369426751592357	0.0	0.0	0.0	0.0	0.0	0.0	0.0	0.0	0.0	0.0034438226431338786	0.0	0.0	0.0
Bacteria	Proteobacteria	Alphaproteobacteria	Rhodobacterales	Rhodobacteraceae	Paracoccus	Paracoccus_limosus	0.0	0.0	0.0	0.0	0.0	0.0	0.0	0.0	0.0011031439602868173	0.0	0.0	0.0	0.0	0.0	0.0	0.0	0.0	0.0	0.0	0.0	0.0	0.0	0.0	0.0	0.0	0.0	0.0	0.0	0.0	0.0	0.0	0.0	0.0	0.0	0.0	0.0	0.0	0.0	0.0	0.0	0.0	0.0	0.0	0.0	0.0
Bacteria	Proteobacteria	Alphaproteobacteria	Rhodobacterales	Rhodobacteraceae	Paracoccus	Paracoccus_lutimaris	0.0	0.0	0.0	0.0	0.0	0.0	0.0	0.0	0.0	0.0	0.0	0.0	0.0	0.0	0.0	0.0	0.0	0.0	0.0	0.0	0.0	0.0	0.0	0.0	0.0	0.0	0.0	0.0	0.0	0.0	0.0	0.0	0.0018796992481203009	0.0	0.0	0.0	0.0	0.0	0.0	0.0	0.0	0.0	0.0	0.0	0.0
Bacteria	Proteobacteria	Alphaproteobacteria	Rhodobacterales	Rhodobacteraceae	Paracoccus	Paracoccus_marcusii	0.005350194552529183	0.0	0.0	0.0	0.0	0.0021543985637342907	0.0	0.0033557046979865767	0.0012870012870012867	0.0044233807266982625	0.0	0.01593349497748528	0.0	0.011084337349397589	0.0	0.0	0.0047043010752688165	0.0	0.0	0.0	0.0	0.006387508871540098	0.0	0.0	0.0	0.0	0.0	0.0	0.0	0.013433637829124124	0.0	0.0	0.005012531328320802	0.024125452352231607	0.0	0.0	0.0	0.0	0.002642325246216671	0.0	0.034431137724550885	0.0	0.0	0.0	0.0
Bacteria	Proteobacteria	Alphaproteobacteria	Rhodobacterales	Rhodobacteraceae	Paracoccus	Paracoccus_marinus	0.0	0.0	0.0	0.0	0.0	0.0	0.0	0.0	0.0	0.0	0.0	0.0	0.0015442690459849006	0.013012048192771084	0.0	0.0	0.007392473118279569	0.0	0.0	0.0	0.0	0.0	0.0	0.0	0.0	0.0	0.002703264711998336	0.0060050568900126425	0.0	0.0	0.002572898799313894	0.0	0.0	0.028468033775633294	0.0	0.0	0.0	0.0011380880121396055	0.0	0.0	0.011976047904191614	0.0025828669823504086	0.0	0.0	0.0
Bacteria	Proteobacteria	Alphaproteobacteria	Rhodobacterales	Rhodobacteraceae	Paracoccus	Paracoccus_salipaludis	0.0	0.0	0.0	0.0	0.0	0.0	0.0	0.0	0.0	0.0	0.0	0.0	0.0	0.0	0.0	0.0	0.0	0.0	0.0	0.0	0.0	0.0	0.0	0.0	0.0	0.0	0.0	0.0	0.007189395641428893	0.0	0.0	0.0	0.0	0.0	0.0	0.0	0.0	0.0	0.0	0.0	0.0	0.0	0.0	0.0	0.0
Bacteria	Proteobacteria	Alphaproteobacteria	Rhodobacterales	Rhodobacteraceae	Paracoccus	Paracoccus_sanguinis	0.0	0.0	0.008414675193537528	0.0050578034682080926	0.004400229577195333	0.0	0.0	0.0	0.0014708586137157564	0.0	0.0	0.0	0.0005147563486616335	0.0	0.014124293785310736	0.0048052604957005566	0.0	0.0	0.0	0.0	0.0	0.004613200851667848	0.0	0.0	0.0	0.0	0.0016635475150758993	0.03508217446270544	0.0	0.0	0.0	0.0	0.0	0.0	0.0	0.0	0.0	0.0	0.0	0.0	0.029191616766467053	0.0	0.0030424339471577257	0.0	0.0
Bacteria	Proteobacteria	Alphaproteobacteria	Rhodobacterales	Rhodobacteraceae	Paracoccus	Paracoccus_sediminilitoris	0.0	0.0	0.0	0.00028901734104046245	0.0	0.0	0.0	0.0	0.0	0.0	0.0	0.0	0.0	0.0	0.0	0.0	0.0	0.0	0.0	0.0	0.0	0.0	0.0	0.0	0.0	0.0	0.0018714909544603866	0.0	0.0	0.0	0.0	0.0	0.0018796992481203009	0.0	0.0	0.0	0.0	0.0	0.0	0.0	0.0	0.0	0.0	0.0	0.0
Bacteria	Proteobacteria	Alphaproteobacteria	Rhodobacterales	Rhodobacteraceae	Paracoccus	Paracoccus_solventivorans	0.0	0.0	0.0	0.0	0.0	0.0	0.0	0.0	0.0	0.0	0.0	0.0	0.0	0.0	0.0	0.0	0.0	0.0	0.0	0.0	0.0	0.005677785663591198	0.0	0.0	0.0	0.0	0.0	0.0	0.0	0.0	0.0	0.0	0.0	0.0	0.0	0.0	0.0	0.0	0.0	0.0	0.0	0.0	0.0	0.0	0.0
Bacteria	Proteobacteria	Alphaproteobacteria	Rhodobacterales	Rhodobacteraceae	Paracoccus	Paracoccus_sp002847305	0.0	0.0	0.0	0.0	0.0	0.0	0.0	0.0	0.0	0.0	0.0	0.0	0.0	0.0	0.0	0.0	0.0	0.0	0.0	0.0	0.0	0.0	0.0	0.0	0.0	0.0	0.0	0.0	0.0	0.0	0.0	0.0	0.0	0.0	0.0	0.0	0.0	0.0	0.0	0.0	0.0	0.0017219113215669393	0.0	0.0	0.0
Bacteria	Proteobacteria	Alphaproteobacteria	Rhodobacterales	Rhodobacteraceae	Paracoccus	Paracoccus_sp007096355	0.0	0.0	0.0	0.0	0.0	0.0	0.0	0.0	0.0	0.0	0.0	0.0	0.0	0.0	0.0	0.0	0.0	0.0	0.0	0.0	0.0	0.0	0.0	0.0	0.0	0.0	0.0	0.0	0.0	0.0	0.0	0.0	0.004803675856307435	0.0	0.0	0.0	0.0	0.0	0.0	0.0	0.0	0.002798105897546276	0.0	0.0	0.0
Bacteria	Proteobacteria	Alphaproteobacteria	Rhodobacterales	Rhodobacteraceae	Paracoccus	Paracoccus_sp009708075	0.0	0.0	0.0	0.0	0.0	0.0	0.0	0.0	0.0	0.0	0.0	0.0	0.0	0.0	0.0	0.0	0.0	0.0	0.0	0.0	0.0	0.0	0.0	0.0	0.0	0.0	0.0	0.0	0.0	0.0	0.0	0.0	0.0	0.003377563329312425	0.0	0.0	0.0	0.0	0.0	0.0	0.0	0.007318123116659491	0.0	0.0	0.0
Bacteria	Proteobacteria	Alphaproteobacteria	Rhodobacterales	Rhodobacteraceae	Paracoccus	Paracoccus_sp009711265	0.0	0.0	0.0	0.0	0.0	0.0	0.0	0.0	0.0	0.0006319115323854661	0.0	0.0	0.0	0.0	0.005649717514124295	0.0	0.0	0.0	0.0	0.0	0.0	0.0	0.0	0.0	0.0	0.0	0.0014556040756914118	0.0	0.0	0.0	0.0	0.0	0.0	0.0	0.0	0.0	0.0	0.0	0.0	0.0	0.0	0.0	0.0	0.0	0.0
Bacteria	Proteobacteria	Alphaproteobacteria	Rhodobacterales	Rhodobacteraceae	Paracoccus	Paracoccus_sphaerophysae	0.0	0.0	0.012117132278694041	0.0	0.004591543906638608	0.0	0.0009000900090009	0.0	0.0	0.005371248025276461	0.0	0.017319016279875307	0.02230610844200412	0.0	0.14519774011299436	0.006069802731411229	0.0020161290322580645	0.0	0.0	0.0	0.0	0.0	0.0	0.0	0.006331222925691436	0.0	0.0024953212726138486	0.009481668773704172	0.0	0.022031166039763565	0.0	0.0	0.0	0.008443908323281063	0.0	0.0	0.0919910736424498	0.0	0.02257987028585155	0.0	0.01571856287425149	0.0	0.005764611689351481	0.002795248078266946	0.0
Bacteria	Proteobacteria	Alphaproteobacteria	Rhodobacterales	Rhodobacteraceae	Paracoccus	Paracoccus_subflavus	0.0	0.0	0.0	0.0	0.0	0.0	0.0	0.0	0.0	0.0	0.0	0.0	0.0	0.0	0.0	0.0	0.0	0.0	0.0	0.0	0.0	0.0	0.0	0.0	0.0	0.0	0.0	0.0	0.0	0.0	0.0	0.0	0.0	0.0	0.0	0.0	0.0	0.0	0.0	0.0	0.0	0.004520017219113215	0.0	0.0	0.0
Bacteria	Proteobacteria	Alphaproteobacteria	Rhodobacterales	Rhodobacteraceae	Paracoccus	Paracoccus_versutus	0.0	0.0	0.0	0.0	0.0	0.0	0.0	0.0	0.0	0.0	0.0	0.0	0.0	0.0	0.0	0.0	0.0	0.0	0.0	0.0	0.0	0.0	0.0	0.0	0.0	0.0	0.0	0.0	0.0017973489103572232	0.0	0.0	0.0	0.001044277360066834	0.0	0.0	0.0	0.0	0.0	0.0	0.0	0.0	0.0	0.0	0.0	0.0
Bacteria	Proteobacteria	Alphaproteobacteria	Rhodobacterales	Rhodobacteraceae	Paracoccus	Paracoccus_yeei	0.0	0.0	0.0	0.0	0.0	0.0	0.0	0.0	0.0	0.0	0.0	0.0	0.004804392587508579	0.0	0.0	0.0	0.0	0.0	0.0	0.0	0.0	0.0	0.0	0.0	0.0	0.0	0.0	0.0	0.0031453605931251404	0.0	0.0	0.0	0.0	0.003860072376357057	0.0	0.0	0.0	0.0	0.0	0.0	0.0	0.0	0.0	0.0	0.0
Bacteria	Proteobacteria	Alphaproteobacteria	Rhodobacterales	Rhodobacteraceae	Paracoccus	Paracoccus_zhejiangensis	0.0	0.0	0.0	0.0	0.0	0.0	0.0	0.0	0.0	0.0	0.0	0.0	0.0	0.0	0.0	0.0	0.0	0.0	0.0	0.0	0.0	0.0	0.0	0.0	0.0	0.0	0.0	0.0	0.0	0.0	0.0	0.0	0.005221386800334169	0.0	0.0	0.0	0.0	0.0	0.0	0.0	0.0	0.0015066724063710717	0.0	0.0	0.0
Bacteria	Proteobacteria	Alphaproteobacteria	Rhodobacterales	Rhodobacteraceae	Rhodovulum	Rhodovulum_marinum	0.0	0.0	0.0	0.0	0.0	0.0	0.0	0.0	0.0	0.0	0.0	0.0	0.0	0.0	0.0	0.0	0.0	0.0	0.0	0.0005062009617818274	0.0	0.0	0.0	0.0	0.0	0.0	0.0	0.0	0.0	0.0	0.0	0.0	0.0	0.0	0.0	0.0	0.0	0.0	0.0	0.0	0.0	0.0	0.0	0.0	0.0
Bacteria	Proteobacteria	Alphaproteobacteria	Rhodobacterales	Rhodobacteraceae	Rhodovulum	Rhodovulum_sp002073975	0.0	0.0	0.0	0.0	0.0	0.0	0.0	0.0	0.0	0.0	0.0	0.0	0.0	0.0	0.0	0.0	0.0	0.0	0.0	0.0	0.0	0.0	0.0	0.0	0.0	0.0	0.0	0.0	0.0	0.0	0.0	0.0	0.0	0.0	0.0	0.0	0.0	0.0	0.0	0.0	0.0	0.0012914334911752043	0.0	0.0	0.0
Bacteria	Proteobacteria	Alphaproteobacteria	Rhodobacterales	Rhodobacteraceae	UBA1943	UBA1943_sp013328815	0.0	0.0	0.0	0.0	0.0	0.0	0.0	0.0	0.0	0.0	0.0	0.0	0.001029512697323267	0.0	0.0	0.0	0.0	0.0	0.0	0.0	0.0	0.0	0.0	0.0	0.0	0.0	0.0	0.0	0.0	0.0	0.0	0.0	0.0	0.0	0.0	0.0	0.0	0.0	0.0	0.0	0.0	0.0	0.0	0.0	0.0
Bacteria	Proteobacteria	Alphaproteobacteria	Rhodobacterales	Rhodobacteraceae	Wagnerdoeblera	Wagnerdoeblera_intermedia	0.0	0.0	0.0	0.0	0.0	0.00035906642728904844	0.0	0.0	0.0	0.0	0.0	0.0	0.0	0.0	0.0	0.0	0.0	0.0	0.0	0.0	0.0	0.0	0.0	0.0	0.0	0.0	0.0	0.0	0.0	0.0	0.0	0.0	0.0	0.0	0.0	0.0	0.0	0.0	0.0	0.0	0.0	0.0	0.0	0.0	0.0
Bacteria	Proteobacteria	Alphaproteobacteria	Rhodospirillales	Rhodospirillaceae	Novispirillum	Novispirillum_itersonii_A	0.0	0.0	0.0	0.0	0.0	0.0	0.0	0.0	0.0	0.0	0.0	0.0	0.0	0.0	0.0	0.0	0.0	0.0	0.0	0.0	0.0	0.0	0.0	0.0	0.0	0.0	0.0	0.0	0.0	0.00859752821063944	0.0	0.0	0.0	0.0	0.0	0.0	0.0	0.0	0.0	0.0	0.0	0.0	0.0	0.0	0.0
Bacteria	Proteobacteria	Alphaproteobacteria	Sphingomonadales	Sphingomonadaceae	Allosphingosinicella	Allosphingosinicella_ginsenosidimutans	0.0	0.0	0.0	0.0	0.0	0.0	0.0	0.00047938638542665386	0.0	0.0	0.0	0.0	0.0	0.0	0.0	0.0	0.0	0.0	0.0	0.0	0.0	0.0	0.0	0.0	0.0	0.0	0.0	0.0	0.0	0.0	0.0	0.0	0.0	0.0	0.0	0.0	0.0	0.0	0.0	0.0	0.0	0.0	0.0	0.0	0.0
Bacteria	Proteobacteria	Alphaproteobacteria	Sphingomonadales	Sphingomonadaceae	Altererythrobacter	Altererythrobacter_sp011047315	0.0	0.0	0.0	0.0	0.0	0.0	0.0	0.0	0.0	0.0	0.0	0.0	0.0	0.0	0.0	0.0	0.0	0.0	0.0	0.0	0.0	0.0	0.0	0.0	0.0	0.0	0.0	0.0	0.0	0.0	0.0	0.0	0.0	0.0	0.0	0.0	0.0	0.0	0.0	0.0	0.0	0.001076194575979337	0.0	0.0	0.0
Bacteria	Proteobacteria	Alphaproteobacteria	Sphingomonadales	Sphingomonadaceae	Blastomonas	Blastomonas_ursincola	0.0	0.0258481421647819	0.018175698418041064	0.00476878612716763	0.016644346661564953	0.0	0.009180918091809182	0.010306807286673058	0.0034932892075749213	0.026856240126382307	0.0036384527001148987	0.007620367163145135	0.010466712422786548	0.04337349397590361	0.03672316384180791	0.005563985837126961	0.0035842293906810036	0.0	0.00645421540943929	0.01366742596810934	0.06716417910447763	0.012420156139105746	0.0	0.010324060797246917	0.025324891702765744	0.00718954248366013	0.0051985859846121855	0.012958280657395703	0.012806110986295215	0.014508328855454054	0.013150371640937679	0.006767515923566879	0.014202172096908938	0.017370325693606758	0.005957271980279375	0.013660302830809745	0.0	0.0021497218007081437	0.017775642565457602	0.005937755937755938	0.01422155688622754	0.0099009900990099	0.0060848678943154514	0.011180992313067784	0.01759425493716338
Bacteria	Proteobacteria	Alphaproteobacteria	Sphingomonadales	Sphingomonadaceae	Croceibacterium	Croceibacterium_ferulae	0.0	0.0	0.0	0.0	0.0	0.0	0.0	0.0	0.0	0.0	0.0	0.0	0.0	0.0	0.0	0.0	0.0	0.0	0.0	0.0	0.0	0.0	0.0	0.0	0.0	0.0	0.0	0.0	0.0	0.0	0.0	0.0	0.0	0.0	0.0	0.0011520737327188942	0.0	0.0	0.0	0.0	0.0	0.0	0.0	0.0	0.0
Bacteria	Proteobacteria	Alphaproteobacteria	Sphingomonadales	Sphingomonadaceae	Erythrobacter	Erythrobacter_colymbi	0.0	0.0	0.0037024570851565126	0.00028901734104046245	0.0	0.000957510472770796	0.00054005400540054	0.0016778523489932883	0.0	0.0	0.0	0.0017319016279875306	0.0008579272477693893	0.0038554216867469878	0.000847457627118644	0.0012645422357106728	0.0	0.0	0.002016942315449778	0.0012655024044545685	0.0	0.0010645848119233494	0.0	0.0	0.0	0.0	0.0006238303181534621	0.0	0.0	0.0	0.001429388221841052	0.0	0.00041771094402673353	0.0	0.0004108463434675431	0.0	0.0	0.00025290844714213456	0.0	0.0004095004095004096	0.0	0.006026689625484287	0.00048038430744595665	0.0006988120195667365	0.0
Bacteria	Proteobacteria	Alphaproteobacteria	Sphingomonadales	Sphingomonadaceae	Erythrobacter	Erythrobacter_cryptus	0.025291828793774316	0.0	0.05890272635476271	0.0	0.002295771953319304	0.0	0.0	0.028283796740172576	0.0	0.0	0.0	0.019050917907862834	0.0	0.02987951807228915	0.0	0.012645422357106728	0.0	0.0	0.02016942315449778	0.019488737028600354	0.0	0.03619588360539389	0.0	0.0	0.0	0.012091503267973855	0.0	0.0	0.0022466861379465287	0.0	0.012864493996569467	0.016719745222929936	0.0016708437761069341	0.0	0.010271158586688579	0.0	0.007934540044631788	0.0	0.0	0.0	0.0	0.0	0.0	0.029699510831586305	0.0
Bacteria	Proteobacteria	Alphaproteobacteria	Sphingomonadales	Sphingomonadaceae	Erythrobacter	Erythrobacter_longus	0.0	0.0	0.0	0.0	0.0	0.0	0.0	0.0	0.0	0.0	0.0	0.0	0.0	0.0	0.0	0.0	0.0	0.0	0.0	0.0	0.0	0.0	0.0	0.0	0.0	0.0	0.0	0.0	0.0	0.0	0.0	0.0	0.0	0.0	0.0	0.0	0.0017356806347632037	0.0	0.0	0.0	0.0	0.0	0.0	0.0	0.0
Bacteria	Proteobacteria	Alphaproteobacteria	Sphingomonadales	Sphingomonadaceae	Erythrobacter	Erythrobacter_sp001556995	0.0	0.0	0.0	0.0	0.0	0.0	0.0	0.0014381591562799615	0.0	0.0	0.0	0.0	0.0	0.0	0.0	0.0	0.0	0.0	0.0	0.0	0.0	0.0	0.0	0.0	0.0	0.0	0.0	0.0	0.0	0.0	0.0	0.0	0.0	0.0	0.0	0.0	0.0	0.0	0.0	0.0	0.0	0.0	0.0	0.0	0.0
Bacteria	Proteobacteria	Alphaproteobacteria	Sphingomonadales	Sphingomonadaceae	Erythrobacter	Erythrobacter_sp002215495	0.0	0.0	0.0	0.0	0.0	0.0023937761819269898	0.0	0.0	0.0	0.0	0.0	0.0	0.0	0.0	0.0	0.0	0.0	0.0	0.0	0.0	0.0	0.0	0.0	0.0	0.0	0.0	0.0	0.0	0.0	0.0	0.0	0.0	0.0	0.0	0.0	0.0	0.0	0.0	0.0	0.0	0.0	0.0	0.005924739791833466	0.0	0.0
Bacteria	Proteobacteria	Alphaproteobacteria	Sphingomonadales	Sphingomonadaceae	Erythrobacter	Erythrobacter_sp903934325	0.0	0.0	0.0	0.0	0.0	0.0	0.0	0.0	0.0	0.0	0.0	0.0	0.0	0.0	0.0	0.0	0.0	0.0	0.0	0.0	0.0	0.0	0.0	0.0	0.0	0.0	0.0	0.0	0.0	0.0	0.0	0.0	0.0	0.0	0.0	0.0	0.0	0.0	0.0	0.0	0.0	0.006026689625484287	0.0	0.0	0.0
Bacteria	Proteobacteria	Alphaproteobacteria	Sphingomonadales	Sphingomonadaceae	Erythrobacter_A	Erythrobacter_A_sp002895025	0.0	0.0	0.0	0.0	0.0	0.0	0.0	0.002396931927133269	0.0	0.0	0.0	0.0	0.0	0.0	0.0	0.0	0.0	0.0	0.0	0.0	0.0	0.0	0.0	0.0	0.0	0.0	0.0	0.0	0.0	0.0	0.0	0.0	0.0	0.0	0.0	0.0	0.0	0.0	0.0	0.0	0.0	0.0	0.0	0.0	0.0
Bacteria	Proteobacteria	Alphaproteobacteria	Sphingomonadales	Sphingomonadaceae	Hankyongella	Hankyongella_ginsenosidimutans	0.0	0.0	0.0	0.0	0.0	0.0	0.0	0.0	0.0	0.0	0.0	0.0	0.0	0.0	0.0	0.0	0.0	0.0	0.0	0.0	0.0	0.0	0.0	0.0	0.0	0.0	0.0	0.0	0.0	0.0	0.004859919954259577	0.0	0.0	0.0	0.0	0.0	0.0	0.0	0.0	0.0	0.0	0.0	0.0	0.0	0.0
Bacteria	Proteobacteria	Alphaproteobacteria	Sphingomonadales	Sphingomonadaceae	Novosphingobium	Novosphingobium_mathurense	0.0	0.0	0.0	0.0	0.0	0.0	0.0	0.0	0.0	0.0	0.0	0.0	0.0	0.0	0.0	0.0	0.0	0.0	0.0	0.0	0.0	0.0	0.0	0.0	0.0	0.0	0.0	0.0	0.0	0.0	0.0	0.0	0.0	0.0	0.0	0.0	0.0	0.0	0.0	0.0	0.005988023952095807	0.0	0.0	0.0	0.0
Bacteria	Proteobacteria	Alphaproteobacteria	Sphingomonadales	Sphingomonadaceae	Novosphingobium	Novosphingobium_panipatense	0.0	0.0	0.0	0.0	0.0	0.0	0.0	0.0	0.0	0.0	0.0	0.0	0.0	0.0	0.0	0.0	0.0	0.0	0.0	0.0	0.0	0.0	0.0	0.0	0.0	0.0	0.0	0.0	0.0	0.0	0.0	0.0	0.0	0.0	0.0	0.0	0.0	0.0	0.0	0.0	0.37574850299401186	0.0	0.0	0.0	0.0
Bacteria	Proteobacteria	Alphaproteobacteria	Sphingomonadales	Sphingomonadaceae	Novosphingobium	Novosphingobium_sp001298105	0.0	0.0	0.0	0.0	0.0	0.0	0.0	0.0	0.0	0.0	0.0	0.0	0.0	0.0	0.0	0.0	0.002912186379928315	0.0	0.0	0.0	0.0	0.0	0.0	0.0	0.0	0.0	0.0	0.0	0.0	0.0	0.0	0.0	0.0	0.0	0.0	0.0	0.0	0.0	0.0	0.0	0.0	0.0	0.0	0.0	0.0
Bacteria	Proteobacteria	Alphaproteobacteria	Sphingomonadales	Sphingomonadaceae	Novosphingobium	Novosphingobium_sp003171715	0.02480544747081712	0.0	0.0	0.0	0.0	0.0	0.0	0.0	0.0	0.0	0.0038299502106472617	0.0	0.0	0.0	0.0	0.0	0.004032258064516129	0.0	0.0	0.0	0.0009629272989889264	0.0	0.0	0.0	0.0	0.0	0.0	0.012010113780025285	0.020444843855313415	0.0069854916711445435	0.0	0.0	0.0	0.0	0.0	0.0	0.0	0.0	0.0	0.0	0.0	0.0	0.0	0.0	0.0
Bacteria	Proteobacteria	Alphaproteobacteria	Sphingomonadales	Sphingomonadaceae	Novosphingobium	Novosphingobium_sp003454795	0.0	0.0	0.0	0.0	0.0	0.0	0.0	0.0	0.0	0.0	0.0	0.0	0.0	0.0	0.0	0.0	0.0	0.0	0.0	0.0	0.0	0.0	0.0	0.0	0.0	0.0	0.0	0.0	0.0022466861379465287	0.0	0.0	0.0	0.0	0.0	0.0	0.0	0.0	0.0	0.0	0.0	0.0	0.0	0.0	0.0	0.0
Bacteria	Proteobacteria	Alphaproteobacteria	Sphingomonadales	Sphingomonadaceae	Novosphingobium	Novosphingobium_sp009856825	0.0	0.0	0.0	0.0	0.0	0.0	0.0	0.0	0.0	0.0	0.0	0.0	0.0	0.0	0.0	0.0	0.0	0.0	0.0	0.0	0.0	0.014549325762952446	0.004504504504504504	0.0	0.0	0.0	0.0	0.0	0.0	0.0	0.0	0.0	0.0014619883040935674	0.0	0.0	0.0	0.0	0.0	0.0	0.0	0.0	0.0	0.0	0.0	0.0
Bacteria	Proteobacteria	Alphaproteobacteria	Sphingomonadales	Sphingomonadaceae	Pontixanthobacter	Pontixanthobacter_sp012972675	0.0	0.0	0.0	0.0	0.0	0.0	0.0	0.0	0.0	0.0	0.0	0.0	0.0	0.0	0.0	0.0	0.0	0.0	0.011294876966518758	0.0	0.0	0.0	0.0	0.0	0.0	0.0	0.0	0.0	0.0	0.0	0.0	0.0	0.0016708437761069341	0.0	0.0	0.0	0.014877262583684603	0.0	0.0	0.0	0.0	0.0	0.0	0.0	0.0
Bacteria	Proteobacteria	Alphaproteobacteria	Sphingomonadales	Sphingomonadaceae	QFOP01	QFOP01_sp003248785	0.0	0.0	0.0	0.0	0.006313372871628086	0.0	0.0	0.0	0.0	0.0	0.0	0.0	0.0	0.0	0.0	0.0	0.0	0.0	0.0	0.0	0.0	0.0	0.0	0.0	0.0	0.0	0.0	0.0	0.0	0.0	0.0	0.0	0.002506265664160401	0.0	0.0	0.0	0.0	0.0	0.0	0.0	0.0	0.0	0.0	0.0	0.0
Bacteria	Proteobacteria	Alphaproteobacteria	Sphingomonadales	Sphingomonadaceae	Rhizorhabdus	Rhizorhabdus_sp004297635	0.0	0.0	0.0	0.0	0.0	0.0	0.0	0.0	0.0	0.0	0.0	0.0	0.0	0.0	0.0	0.0	0.0	0.0	0.0	0.0	0.0	0.0	0.0	0.0	0.0	0.0	0.0	0.0	0.0	0.00537345513164965	0.0	0.0	0.0	0.0	0.0	0.0	0.0	0.0	0.0	0.0	0.0	0.0	0.0	0.0	0.0
Bacteria	Proteobacteria	Alphaproteobacteria	Sphingomonadales	Sphingomonadaceae	Sandaracinobacter	Sandaracinobacter_neustonicus	0.0	0.0	0.0	0.0	0.0	0.0	0.0	0.0	0.0	0.0	0.0	0.0	0.0	0.0	0.0	0.0	0.0	0.0	0.0	0.0	0.0	0.0	0.0	0.0	0.0	0.0	0.0	0.0	0.0	0.0	0.0	0.003980891719745223	0.0	0.0	0.0	0.0	0.0	0.0	0.0	0.0	0.0	0.0	0.0	0.0	0.0
Bacteria	Proteobacteria	Alphaproteobacteria	Sphingomonadales	Sphingomonadaceae	Sandaracinobacter	Sandaracinobacter_sp003248865	0.0	0.0	0.0	0.0	0.001721828964989478	0.0	0.0	0.0	0.0	0.0	0.0	0.0	0.0	0.0	0.0	0.0	0.0	0.0	0.0	0.0	0.0	0.0	0.0	0.0	0.0	0.0	0.0	0.0	0.0	0.0	0.0	0.0	0.0	0.0012062726176115804	0.0	0.0	0.0	0.0	0.0	0.0	0.0	0.0	0.0	0.0	0.0
Bacteria	Proteobacteria	Alphaproteobacteria	Sphingomonadales	Sphingomonadaceae	Sphingobium	Sphingobium_faniae	0.0	0.0	0.0	0.0	0.0	0.0	0.0	0.0	0.0	0.0	0.0	0.0	0.0	0.0	0.0	0.0	0.0011200716845878136	0.0	0.0	0.0	0.0	0.0	0.0	0.0	0.0	0.0	0.0	0.0	0.0	0.0	0.0	0.0	0.0	0.0	0.0	0.0	0.0	0.0	0.0	0.0	0.0	0.0	0.0	0.0	0.0
Bacteria	Proteobacteria	Alphaproteobacteria	Sphingomonadales	Sphingomonadaceae	Sphingobium	Sphingobium_fontiphilum	0.023832684824902722	0.0	0.03399528778189161	0.0011560693641618498	0.012244117084369621	0.0	0.0054005400540054005	0.01941514860977948	0.0	0.019589257503949447	0.0	0.011776931070315208	0.004461221688400824	0.03325301204819277	0.02033898305084746	0.013404147698533132	0.0017921146953405018	0.0	0.022589753933037516	0.01771703366236396	0.003610977371208474	0.02271114265436479	0.0	0.00917694293088615	0.0033322225924691767	0.009477124183006534	0.002079434393844874	0.0	0.009885419006964727	0.0	0.019153802172670098	0.01552547770700637	0.0043859649122807015	0.004825090470446321	0.010887428101889893	0.0019749835418038184	0.0	0.0006322711178553364	0.006966130194571222	0.006142506142506144	0.0	0.0	0.0012810248198558845	0.011180992313067784	0.008617594254937164
Bacteria	Proteobacteria	Alphaproteobacteria	Sphingomonadales	Sphingomonadaceae	Sphingobium	Sphingobium_fuliginis	0.0	0.0	0.0	0.0	0.0	0.0	0.0	0.0	0.0	0.0	0.0	0.0	0.0	0.0	0.0	0.0	0.0	0.0	0.0	0.0	0.0	0.0	0.0	0.0	0.0	0.0	0.0	0.0	0.0017973489103572232	0.0	0.0	0.0	0.0	0.0	0.0	0.0	0.0	0.0	0.0	0.0	0.0	0.0	0.0	0.0	0.0
Bacteria	Proteobacteria	Alphaproteobacteria	Sphingomonadales	Sphingomonadaceae	Sphingobium	Sphingobium_limneticum	0.0	0.0	0.0	0.00043352601156069364	0.0	0.0	0.0	0.0014381591562799615	0.0	0.0	0.0	0.0	0.0	0.0	0.0	0.0	0.0	0.0	0.0	0.0	0.0	0.0	0.0	0.0	0.0	0.0	0.0	0.0	0.0	0.0	0.0	0.0	0.0	0.0	0.0	0.0	0.0	0.0	0.0	0.0	0.0	0.0	0.0	0.0	0.0
Bacteria	Proteobacteria	Alphaproteobacteria	Sphingomonadales	Sphingomonadaceae	Sphingobium	Sphingobium_sp000588875	0.0	0.0	0.0	0.0	0.0	0.0	0.0	0.0	0.0	0.0	0.0	0.0	0.0	0.0	0.0	0.0	0.0006720430107526881	0.0	0.0	0.0	0.0	0.0	0.0	0.0	0.0	0.0	0.0	0.0	0.0	0.0	0.0	0.0	0.0	0.0	0.0	0.0	0.0	0.0	0.0	0.0	0.0	0.0	0.0	0.0	0.0
Bacteria	Proteobacteria	Alphaproteobacteria	Sphingomonadales	Sphingomonadaceae	Sphingobium	Sphingobium_sp001563265	0.0	0.0	0.0	0.0	0.0	0.0	0.0	0.0	0.0	0.0	0.0	0.0	0.0	0.0	0.0	0.0	0.0	0.0	0.0	0.003037205770690964	0.0	0.0	0.0	0.0	0.0	0.0	0.0	0.0	0.0	0.0	0.0	0.0	0.0	0.0	0.0	0.0	0.0	0.0	0.0	0.0	0.0	0.0	0.0	0.0	0.0
Bacteria	Proteobacteria	Alphaproteobacteria	Sphingomonadales	Sphingomonadaceae	Sphingobium	Sphingobium_sp001713415	0.0	0.0	0.0	0.0	0.0	0.0	0.0	0.0	0.0	0.0	0.0	0.0	0.0	0.0	0.0025423728813559325	0.0	0.0	0.0	0.0	0.0	0.0	0.0	0.0	0.0	0.0	0.0	0.0	0.0	0.0	0.0	0.0	0.0	0.0	0.0	0.0	0.0	0.0	0.0	0.0	0.0	0.0	0.0	0.0	0.0	0.0
Bacteria	Proteobacteria	Alphaproteobacteria	Sphingomonadales	Sphingomonadaceae	Sphingobium	Sphingobium_yanoikuyae	0.0	0.0	0.0	0.0010115606936416184	0.0	0.0	0.0	0.0	0.0	0.0	0.0	0.0	0.005319148936170213	0.0	0.005084745762711865	0.007587253414264037	0.0	0.0	0.008067769261799113	0.0	0.0050553683196918634	0.0	0.0	0.0	0.0	0.0	0.0	0.0	0.005392046731071669	0.0	0.0	0.0	0.002506265664160401	0.0026537997587454767	0.0024650780608052583	0.0	0.0	0.00037936267071320183	0.0	0.0	0.05089820359281435	0.0	0.0008006405124099279	0.0	0.0
Bacteria	Proteobacteria	Alphaproteobacteria	Sphingomonadales	Sphingomonadaceae	Sphingomonas	Sphingomonas_echinoides	0.0	0.0	0.0	0.0	0.0	0.0	0.0	0.0	0.0005515719801434087	0.0	0.0	0.0	0.0	0.0	0.0	0.0	0.0	0.0	0.0	0.0	0.0	0.0	0.0	0.0	0.0	0.0	0.0	0.0	0.0	0.0	0.0	0.0	0.0	0.0	0.0	0.0	0.0	0.0	0.0	0.0	0.0	0.0	0.0	0.0	0.0
Bacteria	Proteobacteria	Alphaproteobacteria	Sphingomonadales	Sphingomonadaceae	Sphingomonas	Sphingomonas_endophytica	0.0	0.008885298869143778	0.0	0.0	0.0	0.0	0.0	0.0	0.0	0.0	0.0	0.0	0.0	0.0	0.0	0.0	0.0	0.0	0.0	0.0	0.0	0.0	0.0	0.0	0.0	0.0	0.0	0.0	0.0	0.0	0.0	0.0	0.0	0.0	0.0	0.0004937458854509546	0.0	0.0	0.0	0.0	0.0	0.0	0.0	0.0	0.0
Bacteria	Proteobacteria	Alphaproteobacteria	Sphingomonadales	Sphingomonadaceae	Sphingomonas	Sphingomonas_hankookensis	0.0	0.0	0.0	0.0	0.0021044576238760286	0.0	0.0	0.0	0.0	0.004107424960505529	0.0	0.0	0.0008579272477693893	0.0	0.0028248587570621473	0.0	0.0	0.0	0.0	0.0	0.0	0.0	0.0	0.0	0.0	0.0	0.0	0.0	0.0	0.026867275658248247	0.0	0.0	0.0	0.0	0.0	0.0	0.0	0.0	0.0	0.0	0.007485029940119758	0.0	0.0	0.0	0.0
Bacteria	Proteobacteria	Alphaproteobacteria	Sphingomonadales	Sphingomonadaceae	Sphingomonas	Sphingomonas_jinjuensis	0.0	0.0	0.0	0.0	0.0	0.0	0.0	0.0	0.0	0.0	0.0	0.0	0.0	0.0	0.0	0.0	0.0	0.0	0.0	0.0	0.0	0.0	0.0	0.0	0.0	0.0	0.0	0.0	0.0	0.0	0.0	0.0	0.0	0.0	0.0	0.0	0.0	0.0	0.0	0.0	0.0	0.026689625484287556	0.0	0.0	0.0
Bacteria	Proteobacteria	Alphaproteobacteria	Sphingomonadales	Sphingomonadaceae	Sphingomonas	Sphingomonas_koreensis	0.0	0.0	0.0	0.0	0.0	0.0	0.0	0.0	0.0	0.0	0.0	0.0	0.0	0.0	0.0	0.0	0.0	0.0	0.0	0.0	0.0	0.0	0.0	0.0	0.0	0.0	0.0	0.0	0.0	0.0	0.0	0.0	0.0	0.0	0.0	0.0019749835418038184	0.0	0.0	0.0	0.0	0.0	0.0	0.0	0.0	0.0
Bacteria	Proteobacteria	Alphaproteobacteria	Sphingomonadales	Sphingomonadaceae	Sphingomonas	Sphingomonas_olei	0.0	0.0	0.0	0.0	0.0	0.0	0.0	0.0	0.0	0.0	0.0011489850631941783	0.0	0.0	0.0	0.0	0.0	0.0	0.0	0.0	0.0	0.0	0.0	0.0	0.0	0.0	0.0	0.0	0.0	0.0	0.0	0.0	0.0	0.0012531328320802004	0.0	0.0	0.0	0.0	0.0	0.0	0.0	0.014970059880239516	0.0	0.0	0.0	0.0
Bacteria	Proteobacteria	Alphaproteobacteria	Sphingomonadales	Sphingomonadaceae	Sphingomonas	Sphingomonas_paucimobilis	0.0	0.0	0.01514641534836755	0.0	0.009183087813277216	0.0	0.0	0.017737296260786194	0.0	0.0	0.0	0.005542085209560098	0.0037748798901853127	0.0	0.007062146892655368	0.0	0.0	0.0	0.005647438483259379	0.0	0.0	0.0	0.0	0.0	0.0	0.0	0.001039717196922437	0.0	0.0	0.03707684040838258	0.0	0.0	0.0029239766081871348	0.0	0.0	0.0	0.0	0.0	0.0	0.010032760032760034	0.03368263473053891	0.0	0.0019215372297838266	0.0	0.0
Bacteria	Proteobacteria	Alphaproteobacteria	Sphingomonadales	Sphingomonadaceae	Sphingomonas	Sphingomonas_pseudosanguinis	0.0	0.0	0.0	0.0	0.0	0.0	0.0	0.0	0.0	0.0	0.0	0.0	0.0	0.0	0.0	0.0	0.0	0.0	0.0	0.0	0.0	0.0	0.0	0.0	0.0	0.0	0.0	0.0	0.0	0.0	0.0	0.0	0.0	0.0	0.0	0.0	0.0	0.0	0.0	0.0012285012285012285	0.0	0.0017219113215669393	0.0	0.0	0.0
Bacteria	Proteobacteria	Alphaproteobacteria	Sphingomonadales	Sphingomonadaceae	Sphingomonas	Sphingomonas_sanguinis_B	0.0	0.0	0.0	0.0	0.0	0.0	0.0	0.0	0.0	0.0	0.0	0.0	0.0	0.0	0.0	0.0	0.0	0.0	0.0	0.0	0.0	0.0	0.0	0.0	0.0	0.0	0.0	0.0	0.0	0.0	0.0	0.0	0.0	0.0	0.0	0.0	0.003967270022315894	0.0	0.0	0.0	0.0	0.0	0.0	0.0	0.0
Bacteria	Proteobacteria	Alphaproteobacteria	Sphingomonadales	Sphingomonadaceae	Sphingomonas	Sphingomonas_sp000712135	0.0	0.0	0.0	0.0	0.0	0.0	0.0	0.0	0.0	0.0	0.0	0.0	0.0	0.0	0.0	0.0	0.0017921146953405018	0.0	0.0	0.0	0.0	0.0	0.0	0.0	0.0	0.0	0.0	0.0	0.0	0.0	0.0	0.0	0.0	0.0	0.0	0.0	0.0	0.0	0.0	0.0	0.0	0.0	0.0	0.0	0.0
Bacteria	Proteobacteria	Alphaproteobacteria	Sphingomonadales	Sphingomonadaceae	Sphingomonas	Sphingomonas_sp000797515	0.0	0.0	0.0	0.0	0.0	0.0	0.0	0.0	0.0	0.0	0.0	0.0	0.0	0.0	0.0	0.0015174506828528073	0.0	0.0	0.0	0.0	0.0	0.0	0.0	0.0	0.0	0.0	0.0	0.0	0.0	0.0	0.0	0.0	0.0	0.0	0.0	0.0	0.0	0.0	0.0	0.0	0.0	0.0	0.0	0.0	0.0
Bacteria	Proteobacteria	Alphaproteobacteria	Sphingomonadales	Sphingomonadaceae	Sphingomonas	Sphingomonas_sp001421245	0.0	0.0	0.0	0.0	0.0	0.0	0.0	0.0	0.0	0.0	0.0	0.0	0.0	0.0	0.0	0.0	0.0	0.0	0.0	0.0	0.0	0.0	0.0	0.0	0.0	0.0	0.0	0.0	0.0	0.0	0.0	0.0	0.0	0.0	0.0	0.0	0.0	0.0	0.0	0.0012285012285012285	0.0	0.0	0.0008006405124099279	0.0	0.0
Bacteria	Proteobacteria	Alphaproteobacteria	Sphingomonadales	Sphingomonadaceae	Sphingomonas	Sphingomonas_sp001421355	0.0	0.0	0.0	0.0	0.0	0.0	0.0	0.0	0.0	0.0	0.0	0.0	0.0	0.0	0.0	0.0	0.0	0.0	0.0	0.0	0.0	0.0	0.0	0.0	0.0	0.0	0.0	0.0	0.0	0.0	0.0	0.0	0.0	0.0	0.0	0.0	0.0	0.0	0.0	0.0	0.0	0.0	0.0012810248198558845	0.0	0.0
Bacteria	Proteobacteria	Alphaproteobacteria	Sphingomonadales	Sphingomonadaceae	Sphingomonas	Sphingomonas_sp001421715	0.0	0.0	0.0	0.0	0.0	0.0	0.0	0.0	0.0	0.0	0.0	0.0	0.0	0.0	0.0	0.0	0.0	0.0	0.0	0.0	0.0	0.0	0.0	0.0	0.0	0.0	0.0	0.0	0.0	0.0	0.0	0.0	0.0	0.0	0.0	0.0	0.0	0.0	0.0	0.001842751842751843	0.0	0.0	0.0	0.0	0.0
Bacteria	Proteobacteria	Alphaproteobacteria	Sphingomonadales	Sphingomonadaceae	Sphingomonas	Sphingomonas_sp001421785	0.0	0.0	0.0	0.0	0.0	0.0	0.0	0.0	0.0	0.0	0.0	0.0	0.0	0.0	0.0	0.0	0.0	0.0	0.0	0.0	0.0	0.0	0.0	0.0	0.0	0.0	0.0	0.0	0.0	0.0	0.0	0.0	0.0	0.0	0.0	0.0	0.0	0.0	0.0	0.0	0.0	0.004304778303917348	0.0	0.0	0.0
Bacteria	Proteobacteria	Alphaproteobacteria	Sphingomonadales	Sphingomonadaceae	Sphingomonas	Sphingomonas_sp001557215	0.0	0.0	0.0	0.0	0.004782858236081883	0.0	0.0018001800180018	0.0	0.0	0.005055292259083729	0.0	0.0	0.0017158544955387786	0.0	0.006497175141242938	0.0	0.0	0.0	0.0	0.0	0.0	0.0	0.0	0.0	0.0	0.0	0.0	0.0	0.0	0.0	0.0	0.0	0.004177109440267336	0.0019300361881785285	0.0	0.0011520737327188942	0.0	0.0	0.004083593562334854	0.003685503685503686	0.007485029940119758	0.0	0.0009607686148919133	0.0	0.0050269299820466795
Bacteria	Proteobacteria	Alphaproteobacteria	Sphingomonadales	Sphingomonadaceae	Sphingomonas	Sphingomonas_sp002280565	0.0	0.0	0.0	0.0015895953757225434	0.004400229577195333	0.0	0.0018001800180018	0.0	0.0	0.008530805687203793	0.0	0.0045029442327675796	0.003260123541523679	0.0	0.0	0.0	0.0	0.0	0.0	0.0020248038471273096	0.0	0.0	0.0	0.0068827071981646115	0.0036654448517160947	0.0	0.0	0.0	0.00943608177937542	0.0	0.005431675242995998	0.0	0.0016708437761069341	0.0028950542822677927	0.0	0.0016458196181698488	0.0	0.0	0.0	0.0012285012285012285	0.018712574850299396	0.0	0.0	0.0	0.0
Bacteria	Proteobacteria	Alphaproteobacteria	Sphingomonadales	Sphingomonadaceae	Sphingomonas	Sphingomonas_sp002403415	0.0	0.0	0.0	0.0	0.0	0.0	0.0	0.0	0.0	0.0	0.0	0.0	0.0	0.0	0.0	0.0	0.0	0.0	0.0	0.0	0.0	0.0	0.0	0.0	0.0	0.0	0.0	0.0	0.0	0.0	0.0	0.0	0.0	0.0	0.0012325390304026291	0.0	0.0	0.0	0.0	0.0	0.0	0.0	0.0	0.0	0.0
Bacteria	Proteobacteria	Alphaproteobacteria	Sphingomonadales	Sphingomonadaceae	Sphingomonas	Sphingomonas_sp003075315	0.0	0.0	0.0	0.0	0.0	0.000239377618192699	0.0	0.0	0.0	0.0	0.0	0.0	0.0	0.0	0.0	0.0	0.0	0.0	0.0	0.0	0.0	0.0	0.0	0.0	0.0	0.0	0.0	0.0	0.0	0.0	0.0	0.0	0.0	0.0	0.0	0.0	0.0	0.0	0.0	0.0	0.0	0.0	0.0	0.0	0.0
Bacteria	Proteobacteria	Alphaproteobacteria	Sphingomonadales	Sphingomonadaceae	Sphingomonas	Sphingomonas_sp003355005	0.0	0.004038772213247172	0.0	0.0	0.0	0.0	0.0	0.0011984659635666346	0.0	0.0	0.0009574875526618154	0.0	0.0	0.005301204819277108	0.0	0.0	0.0	0.0	0.0	0.0	0.0	0.0	0.0	0.0	0.0	0.0	0.0	0.0	0.0033700292069197934	0.0	0.0	0.0	0.0	0.0	0.0	0.0	0.0	0.0	0.0	0.0	0.0	0.0032285837279380112	0.0	0.0	0.0
Bacteria	Proteobacteria	Alphaproteobacteria	Sphingomonadales	Sphingomonadaceae	Sphingomonas	Sphingomonas_sp003951315	0.0	0.0	0.0	0.0	0.0	0.0	0.0	0.0	0.0	0.0	0.0	0.0	0.0	0.0	0.0	0.0	0.0	0.0	0.0	0.0	0.0	0.0	0.0	0.0	0.0	0.0	0.0	0.0	0.0	0.0	0.0	0.0	0.0	0.0	0.0	0.0004937458854509546	0.0	0.0	0.0	0.0	0.0	0.0	0.0	0.0	0.0
Bacteria	Proteobacteria	Alphaproteobacteria	Sphingomonadales	Sphingomonadaceae	Sphingomonas	Sphingomonas_sp014489075	0.0	0.0	0.0	0.0	0.0	0.0	0.0	0.0	0.0	0.0	0.0	0.0	0.0	0.0	0.0	0.0	0.0	0.0	0.0	0.0	0.0	0.0	0.0	0.0	0.0	0.0	0.0	0.0	0.0	0.0	0.0	0.0	0.0	0.0	0.0	0.0	0.0	0.0	0.0014412683161181838	0.0	0.0	0.0	0.0	0.0	0.0
Bacteria	Proteobacteria	Alphaproteobacteria	Sphingomonadales	Sphingomonadaceae	Sphingomonas	Sphingomonas_sp900109565	0.0	0.0	0.0	0.0	0.0	0.0	0.0	0.0	0.0	0.0	0.0	0.0	0.0	0.0	0.0	0.0	0.0	0.0	0.0	0.0	0.0	0.0	0.0	0.0	0.0	0.0	0.0	0.0	0.0	0.0	0.0	0.0	0.0	0.0	0.0	0.0	0.0	0.0	0.0	0.004095004095004096	0.0	0.003874300473525613	0.0	0.0	0.0
Bacteria	Proteobacteria	Alphaproteobacteria	Sphingomonadales	Sphingomonadaceae	Sphingomonas	Sphingomonas_sp903884945	0.0	0.0	0.0	0.0	0.0	0.0001196888090963495	0.0	0.0	0.0	0.0	0.0	0.0	0.0	0.0	0.0	0.0	0.0	0.0	0.0	0.0	0.0	0.0	0.0	0.0	0.0	0.0	0.0	0.0	0.0	0.0	0.0	0.0	0.0	0.0	0.0	0.0	0.0	0.0	0.0	0.0	0.0	0.0	0.0	0.0	0.0
Bacteria	Proteobacteria	Alphaproteobacteria	Sphingomonadales	Sphingomonadaceae	Sphingomonas_K	Sphingomonas_K_jejuensis	0.0	0.0	0.0	0.0	0.0	0.0	0.0	0.0	0.0	0.0	0.0	0.0	0.0	0.0	0.0	0.0	0.0	0.0	0.0	0.0	0.0	0.0	0.0	0.0	0.0	0.0	0.0	0.0	0.0	0.0	0.0	0.0	0.0	0.005790108564535585	0.0	0.0	0.0	0.0	0.0	0.0	0.0	0.0	0.0	0.0	0.0
Bacteria	Proteobacteria	Alphaproteobacteria	Sphingomonadales	Sphingomonadaceae	Sphingopyxis	Sphingopyxis_granuli	0.0	0.0	0.0	0.0	0.0	0.0	0.0	0.0	0.0	0.0	0.0	0.0	0.0	0.0	0.0	0.0	0.0	0.0	0.0	0.0	0.0	0.0	0.0	0.0	0.0	0.0	0.0	0.0	0.0	0.0	0.0	0.0	0.0012531328320802004	0.0	0.0	0.0	0.0	0.0	0.0	0.0	0.0	0.0	0.0	0.0	0.0
Bacteria	Proteobacteria	Alphaproteobacteria	Sphingomonadales	Sphingomonadaceae	Sphingopyxis	Sphingopyxis_macrogoltabida	0.0	0.0	0.0	0.0	0.0	0.0	0.0	0.0	0.0	0.0	0.0	0.0	0.0	0.0	0.0	0.0	0.0	0.0	0.0	0.0	0.0	0.0	0.0	0.0	0.0	0.0	0.0	0.0	0.0	0.0	0.0	0.0	0.0014619883040935674	0.0	0.0	0.0	0.0	0.0	0.0	0.0	0.0	0.0	0.0	0.0	0.0
Bacteria	Proteobacteria	Alphaproteobacteria	Sphingomonadales	Sphingomonadaceae	Sphingopyxis	Sphingopyxis_macrogoltabida_A	0.0	0.0	0.0	0.0	0.0	0.0	0.0	0.0	0.0	0.0	0.0	0.0	0.002230610844200412	0.0	0.0011299435028248588	0.0	0.0	0.0	0.0	0.0	0.0	0.0	0.0	0.0	0.0	0.0	0.0	0.0	0.0	0.0	0.0017152658662092624	0.0	0.0	0.0	0.0022596548890714873	0.0	0.0	0.0	0.0	0.0	0.0	0.0	0.0024019215372297837	0.0	0.0
Bacteria	Proteobacteria	Alphaproteobacteria	Sphingomonadales	Sphingomonadaceae	Sphingopyxis	Sphingopyxis_sp001468395	0.0	0.0	0.0	0.0	0.0	0.0	0.0	0.0	0.0	0.0	0.0	0.0	0.0	0.0	0.0	0.0	0.0	0.0	0.0	0.0	0.0	0.0	0.0	0.0	0.0	0.0	0.0	0.0	0.0	0.007522837184309509	0.0	0.0	0.0014619883040935674	0.0	0.0	0.0	0.0	0.0	0.0	0.0	0.0	0.0	0.0	0.0	0.0
Bacteria	Proteobacteria	Alphaproteobacteria	Sphingomonadales	Sphingomonadaceae	Sphingopyxis	Sphingopyxis_sp001830555	0.0	0.0	0.0	0.0	0.0	0.0	0.0	0.0	0.0	0.0	0.0	0.0	0.0	0.0	0.0	0.0	0.0	0.0	0.0	0.0	0.0	0.0	0.0	0.0	0.0	0.0	0.0	0.0037926675094816682	0.0	0.0	0.0	0.0	0.0	0.0	0.0	0.0	0.0	0.0	0.0	0.0	0.0	0.0	0.0	0.0	0.0
Bacteria	Proteobacteria	Alphaproteobacteria	Sphingomonadales	Sphingomonadaceae	Sphingopyxis	Sphingopyxis_sp001984035	0.0	0.0	0.0	0.0	0.0	0.0	0.0	0.0	0.0	0.0	0.0	0.0	0.0	0.0	0.0	0.0	0.0	0.0	0.0	0.0010124019235636548	0.0	0.0	0.0	0.0	0.0	0.0	0.0	0.0	0.0	0.0	0.0	0.0	0.0	0.0	0.0	0.0	0.0	0.0	0.0	0.0	0.0	0.0	0.0	0.0	0.0
Bacteria	Proteobacteria	Alphaproteobacteria	Thalassobaculales	Oceanibaculaceae	Oceanibaculum	Oceanibaculum_pacificum	0.0	0.0	0.0	0.0	0.0	0.0	0.0	0.0014381591562799615	0.0	0.0	0.0	0.0	0.0	0.0	0.0	0.0	0.0	0.0	0.0	0.0	0.0	0.0	0.0	0.0	0.0	0.0	0.0	0.0	0.0	0.0	0.0	0.0	0.0	0.0	0.0	0.0	0.0	0.0	0.0	0.0004095004095004096	0.0	0.0	0.0	0.0	0.0
Bacteria	Proteobacteria	Gammaproteobacteria	Burkholderiales	Burkholderiaceae	ALPHA2B	ALPHA2B_sp003671765	0.0	0.0	0.0	0.0	0.0	0.0	0.0	0.0	0.0	0.0	0.0	0.0	0.0	0.0	0.0	0.0	0.0	0.0	0.0	0.0	0.0	0.0	0.0	0.0	0.0	0.0	0.0	0.0	0.0	0.0	0.0	0.0	0.0	0.0	0.0	0.0	0.0	0.0	0.0	0.0	0.0	0.030994403788204904	0.0	0.0	0.0
Bacteria	Proteobacteria	Gammaproteobacteria	Burkholderiales	Burkholderiaceae	ALPHA2B	ALPHA2B_sp005503065	0.0	0.0	0.0	0.0	0.0	0.0	0.0	0.0	0.0	0.0	0.0	0.0	0.0	0.0	0.0	0.0	0.0	0.0	0.0	0.0	0.0	0.0	0.0	0.0	0.0	0.0	0.0	0.0	0.0	0.0	0.0	0.0	0.0	0.0	0.0	0.0	0.0	0.0	0.0	0.0	0.0	0.004304778303917348	0.0	0.0	0.0
Bacteria	Proteobacteria	Gammaproteobacteria	Burkholderiales	Burkholderiaceae	Achromobacter	Achromobacter_animicus	0.0	0.0	0.0	0.0	0.0	0.0	0.0	0.0	0.0	0.0	0.0	0.0	0.0	0.0	0.0	0.0	0.0	0.0	0.0	0.0	0.0	0.0	0.0	0.0	0.0	0.0	0.0	0.0	0.0	0.0	0.0	0.0	0.0	0.0	0.0	0.0	0.0	0.0	0.0	0.0	0.018712574850299396	0.0	0.0	0.0	0.0
Bacteria	Proteobacteria	Gammaproteobacteria	Burkholderiales	Burkholderiaceae	Achromobacter	Achromobacter_deleyi	0.0	0.0	0.0	0.0	0.0	0.00035906642728904844	0.0	0.0	0.0	0.0	0.0	0.0	0.0	0.0	0.0	0.0	0.0	0.0	0.0	0.0	0.0	0.0	0.0	0.0	0.0	0.0	0.0	0.0	0.0	0.0	0.0	0.0	0.0	0.0	0.0	0.0	0.0	0.0	0.0	0.0	0.0	0.0	0.0	0.0	0.0
Bacteria	Proteobacteria	Gammaproteobacteria	Burkholderiales	Burkholderiaceae	Achromobacter	Achromobacter_insuavis	0.0	0.0	0.0	0.0	0.0	0.0	0.0	0.004074784276126557	0.0	0.0	0.0	0.0	0.0013726835964310228	0.0	0.005084745762711865	0.0030349013657056147	0.0	0.0	0.0	0.0	0.0	0.0	0.0	0.0	0.0	0.0	0.0	0.0	0.0	0.0	0.0	0.0	0.0	0.0	0.005135579293344289	0.0	0.0	0.0007587253414264037	0.0	0.0	0.0	0.0	0.0	0.0	0.0
Bacteria	Proteobacteria	Gammaproteobacteria	Burkholderiales	Burkholderiaceae	Achromobacter	Achromobacter_sp002975275	0.0	0.0	0.0	0.0	0.0	0.0	0.0	0.0	0.0	0.0	0.0	0.0	0.0	0.010602409638554217	0.0	0.0	0.0	0.0	0.0	0.0	0.0	0.0	0.0	0.0	0.0	0.0	0.0	0.0	0.0	0.0	0.0	0.0	0.0	0.0	0.0	0.0	0.0	0.0	0.0	0.0	0.0	0.0	0.0	0.0	0.0
Bacteria	Proteobacteria	Gammaproteobacteria	Burkholderiales	Burkholderiaceae	Achromobacter	Achromobacter_spanius_C	0.0	0.0	0.0	0.0	0.0	0.0	0.0	0.0	0.0	0.0	0.0	0.0	0.0	0.0	0.0	0.0	0.0	0.0	0.0	0.0	0.0	0.0	0.0	0.0	0.0	0.0	0.0	0.0	0.0	0.0	0.0	0.0	0.005639097744360903	0.0	0.0	0.0	0.0	0.0	0.0	0.0	0.0	0.0	0.0	0.0	0.0
Bacteria	Proteobacteria	Gammaproteobacteria	Burkholderiales	Burkholderiaceae	Acidovorax	Acidovorax_defluvii	0.0	0.0	0.0	0.0	0.0	0.0	0.0	0.0	0.0	0.0	0.0	0.0	0.0	0.0	0.0	0.0	0.0	0.0	0.0	0.0	0.0	0.0	0.0	0.0	0.0	0.0	0.0	0.0	0.0	0.0	0.001429388221841052	0.0	0.0	0.0	0.0	0.0	0.0	0.0	0.0	0.0	0.0	0.0	0.0	0.0	0.0
Bacteria	Proteobacteria	Gammaproteobacteria	Burkholderiales	Burkholderiaceae	Acidovorax	Acidovorax_facilis	0.0	0.0	0.0	0.0	0.0	0.0	0.0	0.0	0.0	0.0	0.0	0.0	0.0	0.0	0.0	0.0	0.0	0.0	0.0	0.0	0.0	0.0	0.0	0.0	0.0	0.0	0.0	0.0	0.0	0.0	0.0	0.0	0.0008354218880534671	0.0	0.0	0.0	0.0	0.0	0.0	0.0	0.0	0.0	0.0	0.0	0.0
Bacteria	Proteobacteria	Gammaproteobacteria	Burkholderiales	Burkholderiaceae	Acidovorax	Acidovorax_sp001411535	0.0	0.0	0.0	0.0	0.0	0.0	0.0	0.0	0.0	0.0	0.0	0.0	0.0	0.0	0.0	0.0	0.0	0.0	0.0	0.0	0.0	0.0	0.0	0.0	0.0	0.0	0.0	0.0	0.0	0.050510478237506706	0.0	0.0	0.0	0.0	0.0	0.0	0.0	0.0	0.0	0.0	0.0	0.0	0.0	0.0	0.0
Bacteria	Proteobacteria	Gammaproteobacteria	Burkholderiales	Burkholderiaceae	Acidovorax	Acidovorax_temperans	0.0	0.0	0.02356109054190508	0.0	0.014348574708245649	0.0	0.0	0.0	0.0	0.015165876777251184	0.008234392952891613	0.0	0.0	0.039999999999999994	0.0	0.009104704097116844	0.0	0.0	0.0	0.050366995697291826	0.0	0.022356281050390343	0.0	0.0	0.0	0.0	0.0	0.0	0.00921141316558077	0.014508328855454054	0.015723270440251572	0.01910828025477707	0.004803675856307435	0.006031363088057902	0.0	0.0	0.007686585668237045	0.0	0.0	0.0	0.05164670658682633	0.006672406371071889	0.0	0.0	0.012926391382405747
Bacteria	Proteobacteria	Gammaproteobacteria	Burkholderiales	Burkholderiaceae	Alcaligenes	Alcaligenes_pakistanensis	0.0	0.0	0.0	0.0005780346820809249	0.0	0.0	0.0	0.0	0.0	0.0	0.0	0.0	0.0	0.0	0.0	0.0	0.0	0.0	0.0	0.0	0.0	0.0	0.0	0.0	0.0	0.0	0.0	0.0	0.0	0.0	0.0	0.0	0.0	0.0	0.0	0.0	0.0	0.0	0.0	0.0	0.0	0.0	0.0	0.0	0.0
Bacteria	Proteobacteria	Gammaproteobacteria	Burkholderiales	Burkholderiaceae	Alcaligenes	Alcaligenes_phenolicus	0.0	0.0	0.0	0.006358381502890174	0.0	0.0	0.0	0.0	0.0	0.0	0.0	0.0	0.0	0.0	0.0	0.0	0.0	0.0	0.0	0.0	0.0	0.0	0.0	0.0	0.0	0.00522875816993464	0.0	0.0	0.0	0.0	0.0	0.0	0.0	0.0	0.0	0.0	0.0	0.0	0.0	0.0	0.0	0.0	0.0	0.0	0.0
Bacteria	Proteobacteria	Gammaproteobacteria	Burkholderiales	Burkholderiaceae	Aquabacterium	Aquabacterium_commune	0.0	0.0	0.0	0.0	0.0	0.0	0.0	0.0	0.0	0.0	0.0	0.0	0.0	0.0	0.003389830508474576	0.0	0.0	0.0	0.0	0.0	0.0	0.0	0.0	0.0	0.0	0.0	0.001039717196922437	0.0	0.0	0.036539494895217614	0.001429388221841052	0.0	0.0	0.0	0.0	0.0011520737327188942	0.0	0.0	0.0	0.0	0.0	0.0	0.0	0.0	0.0
Bacteria	Proteobacteria	Gammaproteobacteria	Burkholderiales	Burkholderiaceae	Aquabacterium	Aquabacterium_olei	0.0	0.0	0.0	0.0	0.0	0.0	0.0	0.0	0.0	0.0	0.0	0.0	0.0013726835964310228	0.0	0.0	0.0	0.0	0.0	0.0	0.0	0.0	0.0	0.0	0.0	0.0	0.0	0.0	0.0	0.0	0.0	0.0	0.0	0.0	0.0	0.0	0.0	0.0	0.0	0.0	0.0	0.0	0.0	0.0	0.0	0.0
Bacteria	Proteobacteria	Gammaproteobacteria	Burkholderiales	Burkholderiaceae	Aquabacterium	Aquabacterium_parvum	0.0	0.0	0.0037024570851565126	0.0	0.0	0.0	0.0	0.0016778523489932883	0.0	0.0	0.0	0.0	0.0	0.0	0.0	0.0	0.0	0.0	0.0	0.0	0.0	0.0	0.0	0.0	0.0	0.0	0.0	0.0	0.0	0.0	0.0	0.0	0.0	0.0	0.0	0.0	0.0	0.0	0.0	0.0	0.0	0.0	0.0	0.0	0.0
Bacteria	Proteobacteria	Gammaproteobacteria	Burkholderiales	Burkholderiaceae	Aquabacterium	Aquabacterium_sp001770725	0.0	0.0	0.0	0.0	0.0	0.0	0.0	0.0	0.0	0.0	0.0	0.0	0.0	0.0	0.0	0.0	0.0	0.0	0.0	0.0	0.0	0.0	0.0	0.0	0.0	0.0	0.0	0.0	0.0	0.0	0.0	0.0	0.0	0.0	0.0	0.0	0.0	0.0	0.0	0.0	0.021706586826347296	0.0	0.0	0.0	0.0
Bacteria	Proteobacteria	Gammaproteobacteria	Burkholderiales	Burkholderiaceae	Aquabacterium	Aquabacterium_sp002339015	0.0	0.0	0.0	0.0	0.0	0.0	0.0	0.0	0.0	0.0	0.0	0.0	0.0	0.0	0.0	0.0	0.0	0.0	0.0	0.0	0.0	0.0	0.0	0.0	0.0	0.0	0.0	0.0	0.004942709503482363	0.0	0.0	0.0	0.0	0.0024125452352231607	0.0	0.0	0.0	0.0	0.0	0.0	0.0	0.0	0.0	0.0	0.0
Bacteria	Proteobacteria	Gammaproteobacteria	Burkholderiales	Burkholderiaceae	Aquabacterium	Aquabacterium_sp004322345	0.0	0.0	0.0	0.0	0.0	0.0	0.0	0.0	0.0	0.0	0.0	0.0	0.0	0.0	0.0	0.0	0.0	0.0	0.0	0.0010124019235636548	0.0	0.0	0.0	0.0	0.0	0.0	0.0	0.0	0.0	0.0	0.0	0.0	0.0	0.0	0.0	0.0	0.0	0.0	0.0	0.0	0.0	0.0	0.0	0.0	0.0
Bacteria	Proteobacteria	Gammaproteobacteria	Burkholderiales	Burkholderiaceae	Bordetella	Bordetella_hinzii	0.009241245136186769	0.0	0.0	0.0010115606936416184	0.002295771953319304	0.0	0.0016201620162016202	0.0	0.0	0.003791469194312796	0.0	0.004849324558365085	0.0015442690459849006	0.006746987951807228	0.003389830508474576	0.0	0.001568100358422939	0.0	0.00645421540943929	0.0035434067324727914	0.0021665864227250844	0.004968062455642298	0.0	0.00401491253226269	0.0	0.002287581699346405	0.0	0.0	0.002022017524151876	0.0	0.0	0.004777070063694267	0.0018796992481203009	0.0	0.0	0.0011520737327188942	0.00297545251673692	0.0011380880121396055	0.0	0.002457002457002457	0.0	0.0019371502367628065	0.0	0.005590496156533892	0.004308797127468582
Bacteria	Proteobacteria	Gammaproteobacteria	Burkholderiales	Burkholderiaceae	Bordetella_B	Bordetella_B_ansorpii_B	0.0	0.0	0.0	0.0	0.0	0.0	0.0	0.0	0.0	0.0	0.0	0.0	0.0	0.0	0.0	0.002276176024279211	0.0	0.0	0.0	0.0	0.0	0.0	0.0	0.0	0.0	0.0	0.0	0.0	0.0	0.0	0.0	0.0	0.0	0.0	0.0	0.0	0.0	0.0	0.0	0.0	0.0	0.0	0.0	0.0	0.0
Bacteria	Proteobacteria	Gammaproteobacteria	Burkholderiales	Burkholderiaceae	Burkholderia	Burkholderia_cepacia	0.0	0.0	0.0	0.0	0.0	0.0	0.0	0.0	0.0	0.0	0.0	0.0	0.0	0.0	0.0	0.0	0.0	0.0	0.0	0.0	0.0	0.0	0.0	0.0	0.0	0.0	0.0	0.0	0.0	0.0	0.0	0.0	0.0	0.0	0.0	0.0	0.0	0.0	0.0	0.0	0.027694610778443107	0.0	0.0	0.0	0.0
Bacteria	Proteobacteria	Gammaproteobacteria	Burkholderiales	Burkholderiaceae	Burkholderia	Burkholderia_multivorans	0.0	0.0	0.0	0.0	0.0	0.0	0.0	0.0	0.00018385732671446955	0.0	0.0003829950210647262	0.0	0.0	0.0	0.0	0.0	0.0	0.0	0.0	0.0	0.0	0.0	0.0	0.0	0.0	0.0	0.0	0.0	0.0	0.0	0.0	0.0	0.0	0.00024125452352231607	0.0	0.0	0.0	0.0	0.0	0.0	0.0	0.0	0.0	0.0	0.0
Bacteria	Proteobacteria	Gammaproteobacteria	Burkholderiales	Burkholderiaceae	CAHJXF01	CAHJXF01_sp903644065	0.0	0.0	0.0	0.0	0.0	0.0	0.0	0.0	0.0	0.0	0.0	0.0	0.0	0.0	0.0	0.0	0.0	0.0	0.0	0.0	0.0	0.0	0.0	0.0	0.0	0.0	0.0	0.0	0.0	0.0	0.0	0.0	0.0	0.0	0.0	0.0	0.0	0.0	0.0	0.0	0.0	0.0006457167455876021	0.0	0.0	0.0
Bacteria	Proteobacteria	Gammaproteobacteria	Burkholderiales	Burkholderiaceae	Caballeronia	Caballeronia_calidae	0.0	0.0	0.00033658700774150113	0.00014450867052023122	0.0	0.0	0.0	0.00023969319271332693	0.0	0.0	0.0	0.0	0.0	0.00048192771084337347	0.0	0.00025290844714213456	0.0	0.0	0.0	0.0002531004808909137	0.0	0.0	0.0	0.0	0.0	0.0	0.0	0.0	0.0	0.0	0.0005717552887364209	0.0	0.00020885547201336677	0.0	0.00020542317173377156	0.0	0.0	0.0	0.0	0.0002047502047502048	0.0	0.0	0.0	0.0	0.0
Bacteria	Proteobacteria	Gammaproteobacteria	Burkholderiales	Burkholderiaceae	Caballeronia	Caballeronia_sordidicola_A	0.0	0.0	0.00033658700774150113	0.00014450867052023122	0.0	0.0	0.0	0.00023969319271332693	0.0	0.0	0.0	0.0003463803255975061	0.0	0.0	0.0	0.00025290844714213456	0.0	0.0	0.0	0.0002531004808909137	0.0	0.0	0.0	0.0	0.0	0.0	0.0	0.0	0.0002246686137946529	0.0	0.00028587764436821046	0.0	0.0	0.0	0.00020542317173377156	0.0	0.0	0.00012645422357106728	0.0	0.0	0.0	0.0	0.0	0.00034940600978336826	0.0
Bacteria	Proteobacteria	Gammaproteobacteria	Burkholderiales	Burkholderiaceae	Comamonas	Comamonas_acidovorans	0.021400778210116732	0.0	0.018848872433524063	0.0	0.0	0.0021543985637342907	0.0	0.0	0.0	0.0	0.0	0.0	0.0	0.0	0.0	0.016691957511380882	0.002912186379928315	0.0	0.055667607906413875	0.0	0.0014443909484833895	0.0	0.0	0.0	0.0	0.0	0.0	0.0	0.0	0.0	0.035734705546026306	0.01552547770700637	0.0	0.003618817852834741	0.0	0.0	0.008430448797421275	0.0	0.0	0.0	0.0	0.0	0.0	0.0	0.0
Bacteria	Proteobacteria	Gammaproteobacteria	Burkholderiales	Burkholderiaceae	Comamonas	Comamonas_aquatica	0.0	0.0	0.0	0.0	0.0	0.0	0.0	0.0	0.0	0.0	0.0	0.014201593349497752	0.0	0.0	0.0	0.012392513909964592	0.0	0.0	0.0	0.0	0.0	0.0	0.0	0.0	0.0	0.0	0.0	0.0	0.0	0.0	0.0	0.041401273885350316	0.0	0.0024125452352231607	0.0	0.0	0.0	0.0	0.0	0.002661752661752662	0.06287425149700596	0.0	0.0	0.0	0.0
Bacteria	Proteobacteria	Gammaproteobacteria	Burkholderiales	Burkholderiaceae	Comamonas	Comamonas_testosteroni_B	0.0	0.0	0.0	0.0	0.0	0.000239377618192699	0.0	0.0	0.0	0.0	0.0	0.0	0.0	0.0	0.0	0.0	0.0	0.0	0.0	0.0	0.0	0.0	0.0	0.0	0.0	0.0	0.0	0.0	0.0	0.0	0.0	0.0	0.0	0.0	0.0	0.0	0.0	0.0	0.0	0.0	0.0	0.0	0.0	0.0	0.0
Bacteria	Proteobacteria	Gammaproteobacteria	Burkholderiales	Burkholderiaceae	Comamonas	Comamonas_tsuruhatensis	0.0	0.0	0.0	0.0	0.0	0.0	0.0	0.0	0.0	0.0	0.0	0.0	0.0	0.0	0.007062146892655368	0.0	0.0	0.0	0.013311819281968536	0.0	0.0	0.0	0.0	0.0	0.0	0.0	0.0	0.0	0.0	0.0	0.006289308176100629	0.0	0.0	0.0	0.0	0.0	0.0	0.0	0.0	0.0	0.0	0.0	0.0	0.0	0.0
Bacteria	Proteobacteria	Gammaproteobacteria	Burkholderiales	Burkholderiaceae	Cupriavidus	Cupriavidus_metallidurans	0.0	0.0	0.0020195220464490067	0.0	0.0	0.0	0.0007200720072007201	0.0011984659635666346	0.0007354293068578782	0.001579778830963665	0.0	0.0	0.0003431708991077557	0.0	0.0	0.0012645422357106728	0.0	0.0	0.0	0.0	0.0	0.0	0.0	0.0	0.0016661112962345884	0.0	0.0	0.0	0.0	0.0	0.001429388221841052	0.0	0.0	0.0014475271411338963	0.0	0.0	0.0	0.0	0.0012010569300984866	0.0	0.0	0.0	0.0	0.002445842068483578	0.0014362657091561942
Bacteria	Proteobacteria	Gammaproteobacteria	Burkholderiales	Burkholderiaceae	Diaphorobacter	Diaphorobacter_nitroreducens	0.0	0.0	0.0	0.0	0.0	0.0	0.0	0.0	0.0	0.0	0.0	0.0	0.0	0.03662650602409638	0.007344632768361582	0.0	0.0	0.0	0.0	0.0	0.0	0.012420156139105746	0.0	0.0	0.0	0.0	0.0	0.0	0.0	0.020419129500268668	0.0	0.0	0.0	0.0	0.0	0.022053982883475976	0.0	0.0	0.0	0.004504504504504505	0.02844311377245508	0.0	0.0	0.0	0.0
Bacteria	Proteobacteria	Gammaproteobacteria	Burkholderiales	Burkholderiaceae	Duganella	Duganella_radicis	0.0	0.0	0.0	0.0	0.0	0.0	0.0	0.00023969319271332693	0.0	0.0	0.0	0.0	0.00017158544955387785	0.0	0.0	0.0	0.0	0.0	0.0	0.0	0.0	0.0	0.0	0.0	0.0	0.0	0.0	0.0	0.0	0.0	0.0	0.0	0.00020885547201336677	0.0	0.0	0.00016458196181698488	0.0	0.0	0.0	0.0	0.0	0.0	0.0	0.0	0.00035906642728904855
Bacteria	Proteobacteria	Gammaproteobacteria	Burkholderiales	Burkholderiaceae	Hydrogenophaga	Hydrogenophaga_sp013823505	0.0	0.0	0.0	0.0	0.0	0.000239377618192699	0.0	0.0	0.0	0.0	0.0	0.0	0.0	0.0	0.0	0.0	0.0	0.0	0.0	0.0	0.0	0.0	0.0	0.0	0.0	0.0	0.0	0.0	0.0	0.0	0.0	0.0	0.0	0.0	0.0	0.0	0.0	0.0	0.0	0.0	0.0	0.0	0.0	0.0	0.0
Bacteria	Proteobacteria	Gammaproteobacteria	Burkholderiales	Burkholderiaceae	Ideonella_A	Ideonella_A_sakaiensis	0.0	0.0	0.0	0.0	0.0	0.0	0.0	0.0011984659635666346	0.0	0.0	0.0	0.0	0.0	0.0	0.0	0.0	0.0	0.0	0.0	0.0	0.0	0.0	0.0	0.0	0.0	0.0	0.0	0.0	0.0	0.0	0.0	0.0	0.0	0.0	0.0	0.0	0.0	0.0	0.0	0.0	0.0	0.0	0.0	0.0	0.0
Bacteria	Proteobacteria	Gammaproteobacteria	Burkholderiales	Burkholderiaceae	Janthinobacterium	Janthinobacterium_psychrotolerans	0.0	0.0	0.0	0.0	0.0	0.0	0.0	0.0	0.0	0.0	0.0	0.0	0.0	0.0	0.0	0.0	0.0	0.0	0.0	0.0	0.0	0.008161816891412347	0.0	0.0	0.0	0.0	0.0	0.0	0.0	0.0	0.0	0.0	0.0	0.0	0.0	0.0	0.0	0.0	0.0	0.0	0.0	0.0	0.0	0.0	0.0
Bacteria	Proteobacteria	Gammaproteobacteria	Burkholderiales	Burkholderiaceae	Janthinobacterium	Janthinobacterium_sp002250505	0.0	0.0	0.0	0.0	0.0	0.0	0.0	0.0	0.0	0.0	0.0	0.0	0.0	0.0	0.0	0.0	0.0	0.0	0.0	0.0	0.0	0.004258339247693398	0.0	0.0	0.0	0.0	0.0	0.0	0.0	0.0	0.0	0.0	0.0	0.0	0.0	0.0	0.0	0.0	0.0	0.0	0.0	0.0	0.0	0.0	0.0
Bacteria	Proteobacteria	Gammaproteobacteria	Burkholderiales	Burkholderiaceae	Lautropia	Lautropia_dentalis	0.0	0.0	0.0	0.0	0.004974172565525159	0.0	0.0	0.0	0.0	0.0	0.0	0.0	0.0	0.0	0.0	0.0	0.0	0.0	0.0	0.0	0.0	0.0	0.0	0.0	0.0	0.0	0.0	0.0	0.0	0.0	0.0	0.0	0.0	0.0	0.0	0.0004937458854509546	0.0	0.0	0.0	0.0	0.217065868263473	0.0	0.0	0.0	0.0
Bacteria	Proteobacteria	Gammaproteobacteria	Burkholderiales	Burkholderiaceae	Lautropia	Lautropia_mirabilis	0.0	0.0	0.0	0.0008670520231213873	0.0	0.0	0.0	0.0	0.0	0.0	0.0	0.0	0.0	0.0	0.0	0.0	0.0	0.0	0.0	0.0	0.0	0.0	0.0	0.0	0.0029990003332222587	0.0	0.0	0.0	0.0	0.009672219236969369	0.0	0.0	0.0	0.0014475271411338963	0.0	0.0	0.0	0.0	0.0	0.0	1.050149700598802	0.0	0.0	0.0	0.0
Bacteria	Proteobacteria	Gammaproteobacteria	Burkholderiales	Burkholderiaceae	Lautropia	Lautropia_sp012513675	0.0	0.0	0.0	0.0	0.0	0.0	0.0	0.0	0.0	0.0	0.0	0.0	0.0	0.0	0.0	0.0	0.0	0.0	0.0	0.0	0.0	0.0	0.0	0.0	0.0	0.0	0.0	0.0	0.0	0.0	0.0	0.0	0.0	0.0	0.0	0.0	0.0	0.0	0.0	0.0	0.0	0.0019371502367628065	0.0	0.0	0.0
Bacteria	Proteobacteria	Gammaproteobacteria	Burkholderiales	Burkholderiaceae	Limnobacter	Limnobacter_sp000170915	0.0	0.0	0.0	0.0	0.0007652573177731013	0.0	0.0	0.0	0.0	0.0	0.0	0.0	0.0	0.015903614457831325	0.0	0.0	0.0	0.0	0.0	0.0	0.0	0.0	0.0	0.0	0.0	0.0	0.0	0.0	0.0	0.0	0.0	0.0	0.0	0.0	0.0	0.0	0.0	0.0	0.0	0.0	0.0	0.0	0.0	0.0	0.0
Bacteria	Proteobacteria	Gammaproteobacteria	Burkholderiales	Burkholderiaceae	Limnobacter	Limnobacter_sp002954425	0.0	0.0	0.0	0.0005780346820809249	0.0	0.0	0.0	0.0	0.0	0.0	0.0	0.0	0.0	0.0	0.0	0.0	0.0	0.0	0.0	0.0	0.0	0.0	0.0	0.0	0.0	0.0	0.0	0.0	0.0	0.0	0.0	0.0	0.0	0.0	0.0	0.0	0.0	0.0	0.0	0.0	0.0	0.0	0.0	0.0	0.0
Bacteria	Proteobacteria	Gammaproteobacteria	Burkholderiales	Burkholderiaceae	Massilia	Massilia_aurea_A	0.0	0.0	0.0	0.0	0.0	0.0	0.0	0.0	0.0	0.0	0.0	0.0	0.0	0.0	0.0	0.0	0.0	0.0	0.0	0.0	0.00890707751564757	0.0	0.0	0.0	0.0	0.0	0.0	0.0	0.0	0.0	0.0	0.0	0.0	0.0	0.0	0.0006583278472679395	0.0	0.0	0.0	0.0	0.0	0.0	0.0	0.0	0.0
Bacteria	Proteobacteria	Gammaproteobacteria	Burkholderiales	Burkholderiaceae	Massilia	Massilia_oculi	0.0	0.0	0.0	0.0	0.0	0.0	0.0	0.0	0.0	0.0	0.0	0.0	0.0	0.0	0.0	0.0	0.0	0.0	0.0	0.0	0.0014443909484833895	0.0	0.0	0.0	0.0	0.0	0.0	0.0	0.0	0.0	0.0	0.0	0.0	0.0	0.0	0.0	0.0	0.0	0.0	0.0	0.0	0.0	0.0	0.0	0.0
Bacteria	Proteobacteria	Gammaproteobacteria	Burkholderiales	Burkholderiaceae	Massilia	Massilia_sp005222695	0.0	0.0	0.0	0.0	0.0	0.0	0.0	0.0	0.0	0.0	0.0	0.0	0.0	0.0	0.0	0.0	0.0	0.0	0.0	0.0	0.0	0.0	0.0	0.0	0.0	0.0	0.0	0.0	0.0	0.0	0.0	0.0	0.0	0.0	0.0	0.0004937458854509546	0.0	0.0	0.0	0.0	0.0	0.0	0.0	0.0	0.0
Bacteria	Proteobacteria	Gammaproteobacteria	Burkholderiales	Burkholderiaceae	Massilia	Massilia_sp006715485	0.0	0.0	0.0	0.0	0.0	0.0	0.0	0.005992329817833173	0.0	0.0	0.0	0.0	0.0	0.0	0.0	0.0	0.0	0.0	0.0	0.0	0.0	0.0	0.0	0.0	0.0	0.0	0.0	0.0	0.0	0.0	0.0	0.0	0.0	0.0	0.0	0.0	0.0	0.0	0.0	0.0	0.0	0.0	0.0	0.0	0.0
Bacteria	Proteobacteria	Gammaproteobacteria	Burkholderiales	Burkholderiaceae	Massilia	Massilia_timonae	0.0	0.0	0.0	0.0	0.0	0.0	0.0	0.0016778523489932883	0.0	0.014533965244865719	0.0	0.0	0.0	0.0	0.0	0.0027819929185634805	0.0	0.0	0.01008471157724889	0.0	0.00746268656716418	0.0	0.0	0.0	0.0	0.0	0.0006238303181534621	0.0	0.0	0.0	0.0	0.0	0.0	0.0	0.0	0.0	0.0	0.0	0.0	0.0	0.0	0.0	0.0	0.0	0.0
Bacteria	Proteobacteria	Gammaproteobacteria	Burkholderiales	Burkholderiaceae	Mesosutterella	Mesosutterella_multiformis	0.0	0.0	0.0	0.0	0.0	0.0	0.0	0.0	0.0	0.0	0.0	0.0	0.0	0.0	0.0	0.0	0.0	0.0	0.0	0.0	0.0	0.0	0.0	0.0	0.021326224591802733	0.007516339869281044	0.0	0.033185840707964605	0.0	0.0	0.0	0.0	0.0	0.0	0.0	0.0	0.018844532606000497	0.0	0.0	0.0	0.0	0.0	0.0	0.0	0.016876122082585283
Bacteria	Proteobacteria	Gammaproteobacteria	Burkholderiales	Burkholderiaceae	Methylibium	Methylibium_petroleiphilum	0.0	0.0	0.0	0.0	0.0	0.0	0.0	0.0	0.0	0.0	0.0	0.0	0.0	0.010120481927710841	0.0	0.0	0.0	0.0	0.0	0.0	0.0	0.003548616039744499	0.0	0.0	0.0	0.0	0.0	0.0	0.0	0.0	0.0	0.0	0.0	0.0	0.0	0.0	0.0	0.0	0.0	0.0	0.0	0.0	0.0	0.0	0.0
Bacteria	Proteobacteria	Gammaproteobacteria	Burkholderiales	Burkholderiaceae	Oxalicibacterium	Oxalicibacterium_flavum	0.0	0.0	0.0	0.0	0.00038262865888655066	0.0	0.0	0.0	0.0	0.0	0.0	0.0	0.0	0.0	0.0	0.0	0.0	0.0	0.0	0.0	0.0	0.0	0.0	0.0	0.0	0.0	0.0	0.0	0.0	0.0	0.0	0.0	0.0	0.0	0.0	0.0	0.0	0.0	0.0	0.0	0.0	0.0	0.0	0.0	0.0
Bacteria	Proteobacteria	Gammaproteobacteria	Burkholderiales	Burkholderiaceae	Pandoraea	Pandoraea_communis	0.0	0.0	0.0	0.0	0.0	0.0	0.0	0.0	0.0	0.0	0.0	0.0	0.0	0.0	0.0	0.0	0.0	0.0	0.0	0.0	0.0	0.0	0.0	0.0	0.0	0.0	0.0	0.0003160556257901391	0.0	0.0	0.0	0.0	0.0	0.0	0.0	0.0	0.0	0.0	0.0	0.0	0.0	0.0	0.0	0.0	0.0
Bacteria	Proteobacteria	Gammaproteobacteria	Burkholderiales	Burkholderiaceae	Paraburkholderia	Paraburkholderia_sp003002025	0.0	0.0	0.0	0.00014450867052023122	0.0	0.0	0.00018001800180018004	0.0	0.0	0.0	0.0	0.0	0.0	0.0	0.0	0.0	0.00022401433691756272	0.0	0.0	0.0002531004808909137	0.0	0.0	0.0	0.0	0.0	0.000326797385620915	0.0	0.0	0.0	0.0	0.00028587764436821046	0.0003980891719745223	0.0	0.0	0.0	0.00016458196181698488	0.0	0.0	0.00024021138601969732	0.0	0.0	0.0	0.0	0.0006988120195667365	0.0
Bacteria	Proteobacteria	Gammaproteobacteria	Burkholderiales	Burkholderiaceae	Paucibacter_A	Paucibacter_A_sp005503085	0.0	0.0	0.0	0.0	0.0	0.0	0.0	0.0	0.0	0.0	0.0	0.0	0.0	0.0	0.0	0.0	0.0	0.0	0.0060508269463493344	0.0	0.0	0.0	0.0	0.0	0.0	0.0	0.0	0.005689001264222503	0.0038193664345090987	0.01612036539494895	0.0	0.0	0.006892230576441103	0.0	0.0	0.0	0.0	0.0	0.0	0.0	0.09580838323353291	0.0	0.0	0.0	0.0
Bacteria	Proteobacteria	Gammaproteobacteria	Burkholderiales	Burkholderiaceae	Pelomonas	Pelomonas_puraquae	0.0	0.0	0.0	0.0	0.0	0.0	0.0	0.0	0.0	0.0	0.0	0.0	0.0	0.0	0.0	0.0	0.0	0.0	0.0	0.0	0.0	0.0	0.0	0.0	0.0	0.0	0.0	0.0	0.0	0.0	0.002858776443682104	0.0	0.0	0.0	0.0	0.0	0.0	0.0	0.0	0.0	0.0	0.0	0.0	0.0	0.0032315978456014366
Bacteria	Proteobacteria	Gammaproteobacteria	Burkholderiales	Burkholderiaceae	Pelomonas	Pelomonas_sp001425165	0.0	0.0	0.0	0.0	0.0	0.0	0.0007200720072007201	0.0	0.0	0.0	0.0	0.0	0.0	0.0	0.0	0.0	0.0	0.0	0.0	0.0	0.0	0.0	0.0	0.0	0.0	0.0	0.0	0.0	0.00853740732419681	0.0	0.0	0.0	0.0022974101921470346	0.0	0.0	0.0	0.0	0.0	0.0	0.0	0.0	0.0019371502367628065	0.00048038430744595665	0.0	0.0
Bacteria	Proteobacteria	Gammaproteobacteria	Burkholderiales	Burkholderiaceae	Pelomonas	Pelomonas_sp001426885	0.0	0.0	0.0	0.0	0.0	0.0	0.0	0.0	0.0	0.0	0.0	0.0	0.0	0.0	0.0	0.0	0.0	0.0	0.0	0.0	0.0	0.0	0.0	0.0	0.0	0.0	0.0	0.0	0.0	0.0	0.0	0.0	0.0	0.0	0.0	0.0	0.0	0.0	0.0	0.0	0.0	0.0008609556607834697	0.0	0.0	0.0
Bacteria	Proteobacteria	Gammaproteobacteria	Burkholderiales	Burkholderiaceae	Pelomonas	Pelomonas_sp003963005	0.0	0.0	0.0	0.0	0.0	0.0	0.0	0.0	0.0	0.0	0.0	0.0	0.0	0.0	0.0028248587570621473	0.0	0.0	0.0	0.0	0.0	0.0	0.0	0.0	0.0	0.0	0.0	0.0	0.0	0.0	0.0	0.0	0.0	0.0	0.0026537997587454767	0.0	0.0	0.0	0.0	0.0	0.0	0.011976047904191614	0.0	0.0	0.0	0.0
Bacteria	Proteobacteria	Gammaproteobacteria	Burkholderiales	Burkholderiaceae	Pelomonas	Pelomonas_sp003963075	0.05933852140077821	0.051292407108239076	0.12622012790306292	0.0060693641618497106	0.05528984120910657	0.0	0.014581458145814581	0.023489932885906038	0.018937304651590364	0.11406003159557662	0.0	0.03325251125736058	0.039464653397391906	0.06313253012048192	0.13757062146892657	0.055892766818411745	0.029569892473118278	0.005414185165132648	0.2045179507866075	0.021513540875727665	0.0556090515166105	0.02342086586231369	0.00980392156862745	0.12274161170060223	0.17127624125291568	0.008169934640522875	0.044915782907049284	0.095448798988622	0.004942709503482363	0.24610424502955394	0.0631789594053745	0.02308917197452229	0.08291562238930661	0.13027744270205066	0.010887428101889893	0.005431204739960501	0.024795437639474338	0.003920080930703085	0.043478260869565216	0.02538902538902539	0.5134730538922153	0.018510546706844596	0.029783827061649313	0.03179594689028652	0.15655296229802515
Bacteria	Proteobacteria	Gammaproteobacteria	Burkholderiales	Burkholderiaceae	Piscinibacter	Piscinibacter_caeni	0.0	0.0	0.0	0.00014450867052023122	0.0	0.0	0.0	0.0	0.0	0.0	0.0	0.0	0.0	0.0	0.0	0.0	0.0	0.0	0.0	0.0	0.0	0.0	0.0	0.0	0.0	0.0	0.0	0.0	0.0	0.0	0.0	0.0	0.0	0.0	0.0	0.0	0.0	0.0	0.0	0.0	0.0	0.0	0.0	0.0	0.0
Bacteria	Proteobacteria	Gammaproteobacteria	Burkholderiales	Burkholderiaceae	Quisquiliibacterium	Quisquiliibacterium_transsilvanicum	0.0	0.0	0.0	0.0	0.0	0.0	0.0	0.0	0.0	0.0	0.0	0.0	0.0	0.0	0.0	0.0	0.0	0.0	0.0	0.0	0.0	0.0	0.0	0.0	0.0	0.0	0.0	0.0	0.0	0.0	0.0	0.0	0.0	0.0	0.0	0.0	0.0	0.0	0.0	0.0	0.01571856287425149	0.0	0.0	0.0	0.0
Bacteria	Proteobacteria	Gammaproteobacteria	Burkholderiales	Burkholderiaceae	Ralstonia	Ralstonia_mannitolilytica	0.0	0.0	0.0	0.0	0.007269944518844463	0.0	0.0	0.0	0.0	0.0	0.0	0.0	0.0	0.0	0.0	0.0	0.0	0.0	0.0	0.0	0.0	0.0	0.0	0.0	0.0	0.0	0.0	0.0	0.0	0.0	0.0	0.0	0.0043859649122807015	0.0	0.0	0.0	0.0	0.0	0.0	0.0	0.011976047904191614	0.0	0.0	0.0	0.0
Bacteria	Proteobacteria	Gammaproteobacteria	Burkholderiales	Burkholderiaceae	Ralstonia	Ralstonia_pickettii	0.0	0.0	0.012790306294177043	0.0	0.006122058542184811	0.0	0.0	0.0	0.0	0.007898894154818325	0.0	0.0	0.002230610844200412	0.006265060240963854	0.026553672316384183	0.0	0.0	0.0	0.0	0.0	0.0	0.007806955287437898	0.0	0.006022368798394035	0.0	0.0	0.007485963817841546	0.0	0.0	0.02364320257925846	0.0	0.0	0.002088554720133668	0.0	0.0	0.0	0.0	0.0	0.0	0.0	0.16991017964071853	0.0	0.0	0.0	0.0
Bacteria	Proteobacteria	Gammaproteobacteria	Burkholderiales	Burkholderiaceae	Ralstonia	Ralstonia_sp000620465	0.0	0.0	0.01750252440255806	0.0	0.01760091830878133	0.0	0.0	0.0	0.0025740025740025735	0.00631911532385466	0.0	0.0	0.005147563486616336	0.0	0.003672316384180791	0.0	0.0	0.0	0.0	0.0	0.0	0.0	0.0	0.0	0.0	0.0	0.0016635475150758993	0.0	0.0	0.05480924234282643	0.0	0.0	0.0033416875522138683	0.0	0.0	0.0	0.0	0.0	0.0	0.0	0.09131736526946105	0.0	0.0	0.0	0.0
Bacteria	Proteobacteria	Gammaproteobacteria	Burkholderiales	Burkholderiaceae	Ralstonia	Ralstonia_sp001078575	0.006322957198443579	0.00565428109854604	0.016829350387075056	0.0008670520231213873	0.004782858236081883	0.0	0.00378037803780378	0.0033557046979865767	0.002390145247288104	0.012954186413902054	0.0	0.0	0.0024021962937542897	0.012530120481927708	0.0327683615819209	0.018462316641375823	0.0047043010752688165	0.0	0.024203307785397338	0.005315110098709187	0.0050553683196918634	0.0	0.0009273979862215155	0.008316604531115572	0.016661112962345882	0.0	0.009981285090455394	0.015486725663716814	0.0	0.03439011284255776	0.009148084619782735	0.0	0.0066833751044277365	0.009650180940892643	0.003286770747740345	0.0	0.004711133151500124	0.0012645422357106728	0.003843382176315157	0.0032760032760032766	0.05613772455089818	0.0032285837279380112	0.0027221777421937545	0.0034940600978336828	0.016876122082585283
Bacteria	Proteobacteria	Gammaproteobacteria	Burkholderiales	Burkholderiaceae	Ralstonia	Ralstonia_sp007997035	0.0	0.0	0.0013463480309660045	0.0	0.0	0.0	0.0	0.0	0.0	0.0	0.0	0.0	0.0	0.0	0.0	0.0	0.0	0.0	0.0	0.0	0.0	0.0	0.0	0.0	0.0	0.0	0.0	0.0	0.0	0.0	0.0	0.0	0.0	0.0	0.0	0.0	0.0	0.0	0.0	0.0	0.0	0.0	0.0	0.0	0.0
Bacteria	Proteobacteria	Gammaproteobacteria	Burkholderiales	Burkholderiaceae	Rubrivivax	Rubrivivax_sp001724995	0.0	0.0	0.0	0.0	0.0	0.0	0.0	0.0	0.0	0.0	0.0	0.0	0.0	0.0	0.0	0.0	0.0	0.0	0.0	0.0005062009617818274	0.0	0.0	0.0	0.0	0.0	0.0	0.0	0.0	0.0	0.0	0.0	0.0	0.0	0.0	0.0	0.0	0.0	0.0	0.0	0.0	0.0	0.0	0.0	0.0	0.0
Bacteria	Proteobacteria	Gammaproteobacteria	Burkholderiales	Burkholderiaceae	Rubrivivax	Rubrivivax_sp903828235	0.0	0.0	0.0	0.0	0.0	0.0	0.0	0.0	0.0	0.0	0.0	0.0	0.0	0.0	0.0	0.0	0.0	0.0	0.0	0.0037965072133637054	0.0	0.0	0.0	0.0	0.0	0.0	0.0	0.0	0.0	0.0	0.0	0.0	0.0	0.0	0.0	0.0	0.0	0.0	0.0	0.0	0.0	0.0	0.0	0.0	0.0
Bacteria	Proteobacteria	Gammaproteobacteria	Burkholderiales	Burkholderiaceae	SYIM01	SYIM01_sp009921765	0.0	0.0	0.0	0.0	0.00019131432944327533	0.0	0.00018001800180018004	0.00023969319271332693	0.0	0.0	0.0	0.0	0.00017158544955387785	0.0	0.0	0.0	0.0	0.0	0.0	0.0002531004808909137	0.0	0.00035486160397444987	0.0	0.0	0.0	0.0	0.0	0.0	0.0	0.0	0.0	0.0003980891719745223	0.0	0.0	0.0006162695152013146	0.0	0.0	0.0	0.0	0.0002047502047502048	0.0	0.0	0.0	0.0	0.0
Bacteria	Proteobacteria	Gammaproteobacteria	Burkholderiales	Burkholderiaceae	Trinickia	Trinickia_soli	0.0	0.0	0.0010097610232245033	0.0	0.00019131432944327533	0.0	0.0	0.0	0.0	0.0	0.0	0.0	0.0003431708991077557	0.0	0.0	0.0	0.0	0.0	0.0	0.0	0.0	0.0	0.0	0.0	0.0	0.0	0.0	0.0	0.0	0.0	0.0	0.0	0.0	0.0	0.0	0.0	0.0	0.0	0.0	0.0	0.0	0.0	0.0	0.0	0.0
Bacteria	Proteobacteria	Gammaproteobacteria	Burkholderiales	Burkholderiaceae	Undibacterium	Undibacterium_sp014284195	0.0	0.0	0.004375631100639515	0.0	0.0	0.0	0.0016201620162016202	0.0	0.0011031439602868173	0.005055292259083729	0.0	0.0	0.001029512697323267	0.0	0.0	0.0	0.0	0.0	0.0	0.00480890913692736	0.0	0.0	0.0	0.0	0.0	0.0	0.0018714909544603866	0.0	0.0	0.015045674368619017	0.007146941109205261	0.0	0.0	0.0	0.0	0.0	0.0	0.0	0.003843382176315157	0.0012285012285012285	0.01422155688622754	0.0	0.0	0.0	0.004667863554757631
Bacteria	Proteobacteria	Gammaproteobacteria	Burkholderiales	Burkholderiaceae	Zhizhongheella	Zhizhongheella_caldifontis	0.0	0.0	0.005721979131605519	0.0	0.0	0.0	0.0018001800180018	0.004074784276126557	0.0	0.0	0.0	0.0	0.0	0.009156626506024095	0.003389830508474576	0.0030349013657056147	0.002240143369175627	0.0	0.005647438483259379	0.006074411541381928	0.0	0.007806955287437898	0.0	0.0	0.0	0.0	0.0	0.0	0.0	0.0	0.005431675242995998	0.0	0.0014619883040935674	0.0	0.0039030402629416597	0.0	0.0	0.0	0.0	0.0	0.0	0.0	0.0	0.009084556254367574	0.0
Bacteria	Proteobacteria	Gammaproteobacteria	Burkholderiales	Casimicrobiaceae	UBA931	UBA931_sp009778785	0.0	0.0	0.0	0.0	0.0	0.0	0.0	0.0	0.0	0.0	0.0	0.0	0.0	0.0	0.0	0.0	0.0	0.0	0.0	0.0	0.0	0.0	0.0	0.0	0.0	0.0	0.0	0.0	0.0	0.0	0.0	0.0	0.0	0.0	0.0008216926869350862	0.0	0.0	0.0	0.0	0.0	0.0	0.0	0.0	0.0	0.0
Bacteria	Proteobacteria	Gammaproteobacteria	Burkholderiales	Chromobacteriaceae	Gulbenkiania	Gulbenkiania_mobilis	0.0	0.0	0.004712218108381016	0.0010115606936416184	0.0	0.0	0.0	0.002396931927133269	0.0	0.0	0.0013404825737265416	0.0	0.0	0.0	0.0	0.0	0.0	0.0	0.0	0.002531004808909137	0.0	0.0	0.0	0.0	0.0	0.0	0.0	0.0	0.0	0.0	0.0	0.006767515923566879	0.0	0.0	0.0	0.0	0.0042152243987106375	0.0	0.0	0.0	0.0	0.0	0.0	0.0	0.0
Bacteria	Proteobacteria	Gammaproteobacteria	Burkholderiales	Chromobacteriaceae	Vogesella	Vogesella_urethralis	0.0	0.0	0.0	0.0	0.0	0.0	0.0	0.0	0.0	0.0	0.0	0.0	0.0	0.0	0.0	0.0	0.0	0.0	0.0	0.0	0.0	0.0	0.0	0.0	0.0	0.0	0.0	0.0	0.0	0.0	0.0	0.0	0.0	0.0	0.0	0.0	0.0	0.0	0.0	0.0	0.042664670658682624	0.0	0.0	0.0	0.0
Bacteria	Proteobacteria	Gammaproteobacteria	Burkholderiales	Ga0077523	Ga0077526	Ga0077526_sp001464895	0.0	0.0	0.0	0.00014450867052023122	0.0	0.0	0.0	0.0	0.0	0.0	0.0	0.0	0.0	0.0	0.0	0.0	0.0	0.0	0.0	0.0	0.0	0.0	0.0	0.0	0.0	0.0	0.0	0.0	0.0	0.0	0.0	0.0	0.0	0.0	0.0	0.0	0.0	0.0	0.0	0.0	0.0	0.0	0.0	0.0	0.0
Bacteria	Proteobacteria	Gammaproteobacteria	Burkholderiales	Gallionellaceae	Sideroxydans	Sideroxydans_lithotrophicus	0.0	0.0	0.0	0.0	0.0	0.0	0.0	0.0	0.0	0.0	0.0	0.0	0.0	0.0024096385542168672	0.0	0.0	0.0	0.0	0.0	0.0005062009617818274	0.0	0.0007097232079488997	0.0	0.0	0.0	0.0	0.0004158868787689748	0.0	0.0	0.0	0.0	0.0	0.0	0.0	0.0	0.0	0.0	0.0	0.0	0.0	0.0	0.0	0.0	0.0006988120195667365	0.0
Bacteria	Proteobacteria	Gammaproteobacteria	Burkholderiales	Gallionellaceae	Sideroxydans	Sideroxydans_sp002421915	0.0	0.0	0.0	0.0	0.0	0.0	0.0	0.002157238734419942	0.0	0.0	0.0	0.0	0.0	0.0	0.0	0.0	0.0	0.0	0.0	0.002277904328018223	0.0	0.0	0.0	0.0	0.0	0.0	0.0	0.0	0.0	0.0	0.0	0.0	0.0	0.0	0.0	0.0	0.0	0.0	0.0	0.0	0.0	0.0	0.0	0.0	0.0
Bacteria	Proteobacteria	Gammaproteobacteria	Burkholderiales	Methylophilaceae	Methylobacillus	Methylobacillus_glycogenes	0.0	0.0	0.0	0.0008670520231213873	0.0	0.0	0.0	0.0	0.0	0.0	0.0	0.0	0.0	0.01397590361445783	0.0	0.0	0.0	0.0	0.0	0.0	0.0	0.0	0.0	0.0	0.0	0.0	0.0	0.0	0.0	0.0	0.0	0.0	0.0	0.0	0.0	0.0	0.0	0.0	0.0	0.0	0.0	0.0	0.0	0.0	0.0
Bacteria	Proteobacteria	Gammaproteobacteria	Burkholderiales	Methylophilaceae	Methylophilus	Methylophilus_sp008015755	0.0	0.0	0.0	0.0007225433526011561	0.0	0.0	0.0	0.0	0.0	0.0	0.0	0.0	0.02814001372683597	0.012530120481927708	0.0	0.0	0.0	0.0	0.0	0.033409263477600606	0.0	0.0	0.0	0.0	0.0	0.0	0.0	0.00663716814159292	0.0	0.0	0.0	0.0	0.0	0.0	0.0	0.0	0.0	0.0	0.0	0.0	0.0	0.0	0.0	0.0	0.0
Bacteria	Proteobacteria	Gammaproteobacteria	Burkholderiales	Methylophilaceae	Methylopumilus_A	Methylopumilus_A_sp903899965	0.0	0.0	0.0	0.0	0.0	0.0	0.0	0.0	0.0	0.0	0.0	0.0	0.0	0.0	0.0	0.0	0.0	0.0	0.0	0.0	0.0	0.0	0.0	0.0	0.0	0.0	0.0	0.0	0.0	0.0	0.008004574042309892	0.0	0.0	0.0	0.0	0.0	0.0	0.0	0.0	0.0	0.0	0.0	0.0	0.0	0.0
Bacteria	Proteobacteria	Gammaproteobacteria	Burkholderiales	Neisseriaceae	Eikenella	Eikenella_halliae	0.0	0.0	0.0	0.0	0.0	0.0	0.0	0.0	0.0	0.0	0.0	0.015587114651887774	0.0	0.0	0.0	0.0	0.0	0.0	0.0	0.0	0.0	0.0	0.0	0.0	0.0	0.0	0.0	0.0	0.0	0.0	0.0	0.0	0.0	0.0	0.0	0.0	0.0	0.0	0.0	0.0	0.0	0.0	0.0	0.0	0.0
Bacteria	Proteobacteria	Gammaproteobacteria	Burkholderiales	Neisseriaceae	Kingella_A	Kingella_A_denitrificans	0.0	0.0	0.0	0.0	0.0	0.0	0.0	0.0	0.0	0.0	0.0	0.0	0.0	0.0	0.0	0.0	0.0	0.0	0.0	0.0	0.0	0.0	0.0	0.0	0.0	0.0	0.0	0.0	0.0	0.0	0.0	0.0	0.0	0.0	0.0	0.0	0.0	0.0	0.0	0.0	0.035928143712574835	0.0	0.0	0.0	0.0
Bacteria	Proteobacteria	Gammaproteobacteria	Burkholderiales	Neisseriaceae	Kingella_B	Kingella_B_oralis	0.0	0.0	0.0	0.0	0.0	0.0	0.0	0.0	0.0	0.0	0.0	0.0	0.0	0.0	0.0	0.0	0.0	0.0	0.0	0.0	0.0	0.0	0.0	0.0	0.0	0.0	0.0	0.0	0.0	0.0	0.0	0.0	0.0	0.0	0.0	0.0	0.0	0.0	0.0	0.0	0.03967065868263472	0.0	0.0	0.0	0.0
Bacteria	Proteobacteria	Gammaproteobacteria	Burkholderiales	Neisseriaceae	Neisseria	Neisseria_cerebrosa	0.0	0.0	0.0	0.0	0.0	0.0	0.0	0.0	0.0	0.0	0.0	0.0	0.0	0.0	0.0	0.0	0.0	0.0	0.0	0.0	0.0	0.0	0.0	0.0	0.0	0.0	0.0	0.0	0.0	0.0	0.0	0.0	0.0	0.0	0.0	0.0	0.0	0.0	0.0	0.0	1.3847305389221551	0.0	0.0	0.0	0.0
Bacteria	Proteobacteria	Gammaproteobacteria	Burkholderiales	Neisseriaceae	Neisseria	Neisseria_elongata	0.0	0.0	0.0	0.0	0.0	0.0	0.0	0.0	0.0	0.0	0.0	0.0	0.0	0.0	0.0	0.0	0.0	0.0	0.0	0.0	0.0	0.0	0.0	0.0	0.0	0.0	0.0	0.0	0.0	0.0	0.0	0.0	0.0	0.0	0.0	0.0	0.0	0.0	0.0	0.0	0.23952095808383225	0.0	0.0	0.0	0.0
Bacteria	Proteobacteria	Gammaproteobacteria	Burkholderiales	Neisseriaceae	Neisseria	Neisseria_macacae	0.0	0.0	0.0	0.0	0.0	0.0	0.0	0.0	0.0	0.0	0.0	0.0	0.0	0.0	0.0	0.0	0.0	0.0	0.0	0.0	0.0	0.0	0.0	0.0	0.0	0.0	0.0	0.0	0.0	0.0	0.0	0.0	0.0	0.0	0.0	0.0	0.0	0.0	0.0	0.0	0.16766467065868257	0.0	0.0	0.0	0.0
Bacteria	Proteobacteria	Gammaproteobacteria	Burkholderiales	Neisseriaceae	Neisseria	Neisseria_mucosa	0.0	0.0	0.0	0.0	0.0	0.0	0.0	0.0	0.0	0.0	0.0	0.0	0.0	0.0	0.0	0.0	0.0	0.0	0.0	0.0	0.0	0.0	0.0	0.0	0.0	0.0	0.0	0.0	0.0	0.0	0.0	0.0	0.0	0.0	0.0	0.0	0.0	0.0	0.0	0.0	0.5935628742514968	0.0	0.0	0.0	0.0
Bacteria	Proteobacteria	Gammaproteobacteria	Burkholderiales	Neisseriaceae	Neisseria	Neisseria_mucosa_A	0.0	0.0	0.0	0.0	0.0	0.0	0.0	0.0	0.0	0.0	0.0	0.0	0.0	0.0	0.0	0.0	0.0	0.0	0.0	0.0	0.0	0.0	0.0	0.0	0.0	0.0	0.0	0.0	0.0	0.0	0.0	0.0	0.0	0.0	0.0	0.0	0.0	0.0	0.0	0.0	0.1758982035928143	0.0	0.0	0.0	0.0
Bacteria	Proteobacteria	Gammaproteobacteria	Burkholderiales	Neisseriaceae	Neisseria	Neisseria_sicca	0.0	0.0	0.0	0.0	0.0	0.0	0.0	0.0	0.0	0.0	0.0	0.0	0.0	0.0	0.0	0.0	0.0	0.0	0.0	0.0	0.0	0.0	0.0	0.0	0.0	0.0	0.0	0.0	0.0	0.0	0.0	0.0	0.0	0.0	0.0	0.0	0.0	0.0	0.0	0.0	0.16841317365269454	0.0	0.0	0.0	0.0
Bacteria	Proteobacteria	Gammaproteobacteria	Burkholderiales	Neisseriaceae	Neisseria	Neisseria_sicca_A	0.0	0.0	0.0	0.0	0.0	0.0	0.0	0.0	0.0	0.0	0.0	0.0	0.0	0.0	0.0	0.0	0.0	0.0	0.0	0.0	0.0	0.0	0.0	0.0	0.0	0.0	0.0	0.0	0.0	0.0	0.0	0.0	0.0	0.0	0.0	0.0	0.0	0.0	0.0	0.0	0.06736526946107782	0.0	0.0	0.0	0.0
Bacteria	Proteobacteria	Gammaproteobacteria	Burkholderiales	Neisseriaceae	Neisseria	Neisseria_sicca_B	0.0	0.0	0.0	0.0	0.0	0.0	0.0	0.0	0.0	0.0	0.0	0.0	0.0	0.0	0.0	0.0	0.0	0.0	0.0	0.0	0.0	0.0	0.0	0.0	0.0	0.0	0.0	0.0	0.0	0.0	0.0	0.0	0.0	0.0	0.0	0.0	0.0	0.0	0.0	0.0	0.276946107784431	0.0	0.0	0.0	0.0
Bacteria	Proteobacteria	Gammaproteobacteria	Burkholderiales	Neisseriaceae	Neisseria	Neisseria_sicca_C	0.0	0.0	0.0	0.0	0.0	0.0	0.0	0.0	0.0	0.0	0.0	0.0	0.0	0.0	0.0	0.0	0.0	0.0	0.0	0.0	0.0	0.0	0.0	0.0	0.0	0.0	0.0	0.0	0.0	0.0	0.0	0.0	0.0	0.0	0.0	0.0	0.0	0.0	0.0	0.0	0.13173652694610774	0.0	0.0	0.0	0.0
Bacteria	Proteobacteria	Gammaproteobacteria	Burkholderiales	Neisseriaceae	Neisseria	Neisseria_sicca_D	0.0	0.0	0.0	0.0	0.0	0.0	0.0	0.0	0.0	0.0	0.0	0.0	0.0	0.0	0.0	0.0	0.0	0.0	0.0	0.0	0.0	0.0	0.0	0.0	0.0	0.0	0.0	0.0	0.0	0.0	0.0	0.0	0.0	0.0	0.0	0.0	0.0	0.0	0.0	0.0	0.07185628742514967	0.0	0.0	0.0	0.0
Bacteria	Proteobacteria	Gammaproteobacteria	Burkholderiales	Neisseriaceae	Neisseria	Neisseria_sp000090875	0.0	0.0	0.0	0.0	0.0	0.0	0.0	0.0	0.0	0.0	0.0	0.0	0.0	0.0	0.0	0.0	0.0	0.0	0.0	0.0	0.0	0.0	0.0	0.0	0.0	0.0	0.0	0.0	0.0	0.0	0.0	0.0	0.0	0.0	0.0	0.0	0.0	0.0	0.0	0.0	0.7859281437125746	0.0	0.0	0.0	0.0
Bacteria	Proteobacteria	Gammaproteobacteria	Burkholderiales	Neisseriaceae	Neisseria	Neisseria_sp000186165	0.0	0.0	0.0	0.012716763005780347	0.0	0.0	0.0	0.0	0.0	0.0	0.0	0.0	0.0	0.0	0.0	0.0	0.0	0.0	0.0	0.0	0.0	0.0	0.0	0.0	0.0	0.0	0.0	0.0	0.0	0.0	0.0	0.0	0.0	0.0028950542822677927	0.0	0.0	0.0	0.0	0.0	0.0	0.0	0.0	0.0	0.0	0.0
Bacteria	Proteobacteria	Gammaproteobacteria	Burkholderiales	Neisseriaceae	Neisseria	Neisseria_sp000227275	0.0	0.0	0.0	0.0	0.0	0.0	0.0	0.0	0.0	0.0	0.0	0.0	0.0	0.0	0.0	0.0	0.0	0.0	0.0	0.0	0.0	0.0	0.0	0.0	0.0	0.0	0.0	0.0	0.0	0.0	0.0	0.0	0.0	0.0	0.0	0.0	0.0	0.0	0.0	0.0	0.35853293413173637	0.0	0.0	0.0	0.0
Bacteria	Proteobacteria	Gammaproteobacteria	Burkholderiales	Neisseriaceae	Neisseria	Neisseria_sp000952795	0.0	0.0	0.0	0.0	0.0	0.0	0.0	0.0	0.0	0.0	0.0	0.0	0.0	0.0	0.0	0.0	0.0	0.0	0.0	0.0	0.0	0.0	0.0	0.0	0.0	0.0	0.0	0.0	0.0	0.0	0.0	0.0	0.0	0.0	0.0	0.0	0.0	0.0	0.0	0.0	0.20059880239520952	0.0	0.0	0.0	0.0
Bacteria	Proteobacteria	Gammaproteobacteria	Burkholderiales	Neisseriaceae	Neisseria	Neisseria_sp001809325	0.0	0.0	0.0	0.0	0.0	0.0	0.0	0.0	0.0	0.0	0.0	0.0	0.0	0.0	0.0	0.0	0.0	0.0	0.0	0.0	0.0	0.0	0.0	0.0	0.0	0.0	0.0	0.0	0.0	0.0	0.0	0.0	0.0	0.0	0.0	0.0	0.0	0.0	0.0	0.0	0.08532934131736525	0.0	0.0	0.0	0.0
Bacteria	Proteobacteria	Gammaproteobacteria	Burkholderiales	Neisseriaceae	Neisseria	Neisseria_subflava	0.0	0.0	0.0	0.0	0.0	0.0	0.0	0.0	0.0	0.0	0.0	0.0	0.0	0.0	0.0	0.0	0.0	0.0	0.0	0.0	0.0	0.0	0.0	0.0	0.0	0.0	0.0	0.0	0.0	0.0	0.0	0.0	0.0	0.0	0.0	0.0	0.0	0.0	0.0	0.0	0.2904191616766466	0.0	0.0	0.0	0.0
Bacteria	Proteobacteria	Gammaproteobacteria	Burkholderiales	Neisseriaceae	Neisseria	Neisseria_subflava_A	0.0	0.0	0.0	0.0	0.0	0.0	0.0	0.0	0.0	0.0	0.0	0.0	0.0	0.0	0.0	0.0	0.0	0.0	0.0	0.0	0.0	0.0	0.0	0.0	0.0	0.0	0.0	0.0	0.0	0.0	0.0	0.0	0.0	0.0	0.0	0.0	0.0	0.0	0.0	0.0	0.0	0.0	0.0019215372297838266	0.0	0.0
Bacteria	Proteobacteria	Gammaproteobacteria	Burkholderiales	Neisseriaceae	QFNR01	QFNR01_sp003248485	0.0	0.0	0.0	0.019219653179190752	0.0	0.0	0.0	0.0472195589645254	0.0	0.0	0.0	0.0	0.022649279341111876	0.0	0.0	0.0	0.014784946236559139	0.0	0.0	0.0	0.0	0.0	0.0	0.0	0.052649116961012994	0.0	0.0	0.0	0.0	0.0	0.0	0.0	0.0	0.0	0.0	0.0	0.0	0.0	0.0	0.0	0.0	0.0	0.010568454763811047	0.0	0.0
Bacteria	Proteobacteria	Gammaproteobacteria	Burkholderiales	Nitrosomonadaceae	Nitrosomonas	Nitrosomonas_sp002083395	0.0	0.0	0.0	0.0	0.0	0.0	0.0	0.0009587727708533077	0.0	0.0	0.0	0.0	0.0	0.0	0.0	0.0	0.0	0.0	0.0	0.0	0.0	0.0	0.0	0.0	0.0	0.0	0.0	0.0	0.0	0.0	0.0	0.0	0.0	0.0	0.0	0.0	0.0	0.0	0.0	0.0	0.0	0.0	0.0	0.0	0.0
Bacteria	Proteobacteria	Gammaproteobacteria	Burkholderiales	Rhodocyclaceae	Azoarcus_C	Azoarcus_C_communis	0.0	0.0	0.00033658700774150113	0.00014450867052023122	0.000573942988329826	0.0	0.0	0.00023969319271332693	0.0	0.00031595576619273305	0.0	0.0	0.0	0.00048192771084337347	0.0	0.0	0.0	0.0	0.0	0.0002531004808909137	0.0	0.00035486160397444987	0.0	0.0	0.0	0.0	0.0	0.0	0.0	0.0	0.00028587764436821046	0.0003980891719745223	0.0	0.0	0.00020542317173377156	0.00016458196181698488	0.0002479543763947434	0.00012645422357106728	0.0	0.0002047502047502048	0.0	0.0	0.0	0.0	0.0
Bacteria	Proteobacteria	Gammaproteobacteria	Burkholderiales	Rhodocyclaceae	Azonexus	Azonexus_sp009469615	0.0029182879377431903	0.0	0.0	0.0	0.0	0.0	0.0	0.0	0.0	0.0	0.0	0.0	0.0	0.0	0.004519774011299435	0.0	0.0	0.0	0.00645421540943929	0.0	0.0	0.0	0.0	0.0	0.0059980006664445175	0.0	0.0	0.0	0.0	0.0	0.0	0.0	0.0	0.0	0.0	0.0	0.004959087527894868	0.0	0.0	0.0	0.0	0.0	0.0	0.0	0.0028725314183123884
Bacteria	Proteobacteria	Gammaproteobacteria	Burkholderiales	Rhodocyclaceae	Azospira	Azospira_suillum	0.0	0.0	0.0	0.0	0.0	0.0	0.0012601260126012602	0.0	0.0	0.0	0.0	0.0	0.0	0.0	0.0	0.0	0.0	0.0	0.0	0.0	0.0	0.0	0.0	0.0	0.0	0.0	0.0	0.0	0.0	0.0	0.0	0.0	0.0	0.0	0.0	0.0	0.0	0.0	0.0	0.0	0.047904191616766456	0.0	0.0	0.0	0.0
Bacteria	Proteobacteria	Gammaproteobacteria	Burkholderiales	Rhodocyclaceae	Methyloversatilis	Methyloversatilis_discipulorum	0.08657587548638132	0.016558966074313404	0.06731740154830022	0.011271676300578034	0.028505835087048025	0.002633153800119689	0.01512151215121512	0.044582933844678804	0.006435006435006435	0.03412322274881517	0.004212945231711988	0.06027017665396606	0.018188057652711052	0.09638554216867469	0.038700564971751415	0.028578654527061202	0.009632616487455196	0.002707092582566324	0.07583703106091166	0.04707668944570994	0.015166104959075591	0.09226401703335696	0.0023847376788553257	0.03326641812446229	0.01832722425858047	0.04346405228758169	0.00727802037845706	0.024652338811630845	0.0233655358346439	0.00859752821063944	0.04488279016580903	0.0820063694267516	0.02255639097744361	0.016164053075995177	0.025267050123253903	0.009381171823568138	0.02281180262831639	0.0042994436014162874	0.014893105933221233	0.027641277641277644	0.016467065868263468	0.01485148514851485	0.0032025620496397116	0.06638714185883997	0.023339317773788153
Bacteria	Proteobacteria	Gammaproteobacteria	Burkholderiales	Rhodocyclaceae	Methyloversatilis	Methyloversatilis_discipulorum_A	0.3900778210116731	0.07754442649434569	0.3894311679569168	0.04725433526011561	0.14042471781136412	0.010891681627767805	0.07146714671467147	0.2188398849472675	0.025923883066740205	0.1472353870458136	0.01857525852163922	0.24385174922064431	0.07240905971173646	0.4043373493975903	0.1689265536723164	0.1406170966110268	0.044802867383512544	0.014753654574986464	0.3198870512303348	0.23968615540369528	0.12181030332209919	0.49645138396025534	0.014440911499735028	0.1350731287639805	0.06264578473842053	0.19346405228758168	0.03992514036182158	0.0922882427307206	0.07908335205571781	0.0214938205265986	0.22641509433962267	0.3431528662420382	0.2337092731829574	0.04246079613992763	0.13701725554642563	0.04147465437788019	0.09695016117034468	0.02187658067779464	0.08287292817679558	0.09316134316134317	0.0711077844311377	0.04799827808867843	0.015052041633306644	0.3158630328441649	0.10377019748653502
Bacteria	Proteobacteria	Gammaproteobacteria	Burkholderiales	Rhodocyclaceae	Methyloversatilis	Methyloversatilis_thermotolerans	0.0048638132295719845	0.0	0.002692696061932009	0.0011560693641618498	0.002295771953319304	0.0	0.0009000900090009	0.0019175455417066154	0.0	0.0022116903633491313	0.0	0.003463803255975061	0.0012010981468771448	0.0048192771084337345	0.0022598870056497176	0.0020232675771370764	0.0	0.0	0.004033884630899556	0.0032903062515818775	0.0	0.005322924059616748	0.0	0.0022942357327215375	0.0	0.00326797385620915	0.0	0.0	0.0017973489103572232	0.0	0.002001143510577473	0.0051751592356687895	0.002088554720133668	0.0024125452352231607	0.0024650780608052583	0.0004937458854509546	0.001239771881973717	0.0006322711178553364	0.002402113860196973	0.001023751023751024	0.0	0.001076194575979337	0.00048038430744595665	0.004192872117400419	0.0017953321364452427
Bacteria	Proteobacteria	Gammaproteobacteria	Burkholderiales	Rhodocyclaceae	Methyloversatilis	Methyloversatilis_universalis	0.01556420233463035	0.0	0.012453719286435542	0.0017341040462427746	0.004400229577195333	0.0	0.0016201620162016202	0.005992329817833173	0.0	0.005055292259083729	0.0	0.011084170419120196	0.003088538091969801	0.017831325301204817	0.00536723163841808	0.0	0.0024641577060931902	0.0	0.011294876966518758	0.007086813464945583	0.0021665864227250844	0.013129879347054646	0.0	0.005162030398623459	0.004665111629456847	0.006862745098039214	0.0	0.0	0.0035946978207144465	0.0	0.0065751858204688395	0.014729299363057327	0.005221386800334169	0.0	0.005751848808545603	0.0011520737327188942	0.005702950657079098	0.0	0.0028825366322363676	0.00470925470925471	0.0	0.0019371502367628065	0.0	0.013626834381551363	0.006463195691202873
Bacteria	Proteobacteria	Gammaproteobacteria	Burkholderiales	Rhodocyclaceae	Methyloversatilis	Methyloversatilis_universalis_A	0.010214007782101166	0.0	0.010434197239986535	0.001300578034682081	0.004017600918308782	0.0007181328545780969	0.0016201620162016202	0.006711409395973153	0.0	0.006003159557661927	0.0	0.008313127814340146	0.003260123541523679	0.01831325301204819	0.00536723163841808	0.006069802731411229	0.003136200716845878	0.0	0.011294876966518758	0.008352315869400152	0.0033702455464612426	0.013484740951029096	0.0	0.005448809865213651	0.0023325558147284237	0.00457516339869281	0.0	0.0050568900126422255	0.0031453605931251404	0.0	0.006003430531732418	0.010350318471337579	0.0029239766081871348	0.0	0.005751848808545603	0.002633311389071758	0.0022315893875526904	0.0007587253414264037	0.0	0.002866502866502867	0.0	0.0034438226431338786	0.0012810248198558845	0.007337526205450733	0.0032315978456014366
Bacteria	Proteobacteria	Gammaproteobacteria	Burkholderiales	Rhodocyclaceae	Niveibacterium	Niveibacterium_umoris	0.0	0.0	0.0	0.0	0.0	0.0	0.0	0.00047938638542665386	0.0	0.0	0.0	0.0	0.0	0.0	0.0	0.0	0.0	0.0	0.0	0.0010124019235636548	0.0	0.0	0.0	0.0	0.0	0.0	0.0	0.0	0.0	0.0	0.0	0.0	0.0	0.0	0.0004108463434675431	0.0	0.0	0.0	0.0	0.0004095004095004096	0.0	0.0	0.0	0.0	0.0
Bacteria	Proteobacteria	Gammaproteobacteria	Burkholderiales	Rhodocyclaceae	Rhodocyclus	Rhodocyclus_tenuis	0.0	0.0	0.0	0.0	0.0	0.0	0.0	0.0007190795781399807	0.0	0.0	0.0	0.0	0.0	0.0	0.0	0.0	0.0	0.0	0.0	0.0	0.0	0.0	0.0	0.0	0.0	0.0	0.0	0.0	0.0	0.0	0.0	0.0	0.0	0.0	0.0	0.0	0.0	0.0	0.0	0.0	0.0	0.0	0.0	0.0	0.0
Bacteria	Proteobacteria	Gammaproteobacteria	Burkholderiales	Rhodocyclaceae	Thauera	Thauera_sp002422685	0.0	0.0	0.0	0.0	0.0	0.0	0.0014401440144014403	0.0	0.0	0.0	0.0	0.0	0.0	0.0	0.0	0.0	0.0	0.0	0.0	0.0	0.0	0.0	0.0	0.0	0.0	0.0	0.0	0.0	0.0	0.0	0.0	0.0	0.0	0.0	0.0	0.0	0.0	0.0	0.0	0.0	0.0	0.0	0.0	0.0	0.0
Bacteria	Proteobacteria	Gammaproteobacteria	Burkholderiales	Sulfuricellaceae	Sulfuricella_A	Sulfuricella_A_denitrificans_A	0.0	0.0	0.0	0.0	0.0	0.0	0.0	0.0	0.0	0.0	0.0	0.0	0.0	0.0	0.0	0.0	0.0	0.0	0.0	0.0	0.0	0.0	0.0	0.0	0.0	0.0	0.0	0.0	0.0	0.0	0.0	0.0	0.0	0.0007237635705669482	0.0	0.0	0.0	0.0	0.0	0.0	0.0	0.0	0.0	0.0	0.0
Bacteria	Proteobacteria	Gammaproteobacteria	Burkholderiales	Thiobacillaceae	PFJX01	PFJX01_sp009772925	0.0	0.0	0.0	0.0	0.0	0.0	0.0	0.0	0.0	0.0	0.0	0.0	0.0	0.0	0.0019774011299435027	0.0	0.0	0.0	0.0	0.0	0.0	0.0	0.0	0.0	0.0	0.0	0.0	0.0	0.0	0.0	0.0	0.0	0.0	0.0	0.0	0.0	0.0	0.0	0.0	0.0	0.0	0.0	0.0	0.0	0.0
Bacteria	Proteobacteria	Gammaproteobacteria	Burkholderiales	Thiobacillaceae	Thiobacillus	Thiobacillus_sp011391285	0.0	0.0	0.0	0.0	0.0	0.0	0.0	0.0	0.0	0.0	0.0	0.0	0.0	0.0	0.0005649717514124294	0.0	0.0	0.0	0.0	0.0	0.0	0.0	0.0	0.0	0.0	0.0	0.0	0.0	0.0	0.0	0.0	0.0007961783439490446	0.0	0.0	0.0	0.0	0.0	0.0	0.0	0.0	0.0	0.0	0.0	0.0	0.0
Bacteria	Proteobacteria	Gammaproteobacteria	Burkholderiales	UBA6910	SM250	SM250_sp008014345	0.0	0.0	0.006395153147088522	0.0	0.0	0.0	0.0	0.0	0.0	0.0	0.0	0.0	0.0	0.0	0.0	0.0	0.0	0.0	0.008874546187979023	0.0	0.0	0.0	0.0	0.0	0.0	0.0	0.0	0.0	0.0	0.0	0.0	0.0	0.0	0.0	0.0024650780608052583	0.0	0.0	0.0	0.0	0.0	0.0	0.0	0.0	0.0	0.0
Bacteria	Proteobacteria	Gammaproteobacteria	Cardiobacteriales	Cardiobacteriaceae	Cardiobacterium	Cardiobacterium_hominis	0.0	0.0	0.0	0.0	0.0	0.0	0.0	0.0	0.0	0.0	0.0	0.0	0.0	0.0	0.0	0.0	0.0	0.0	0.0	0.0	0.0	0.0	0.0	0.0	0.0	0.0	0.0	0.0	0.0	0.0	0.0	0.0	0.0	0.0	0.0	0.0	0.0	0.0	0.0	0.0	0.0770958083832335	0.0	0.0	0.0	0.0
Bacteria	Proteobacteria	Gammaproteobacteria	Enterobacterales	Aeromonadaceae	Aeromonas	Aeromonas_caviae	0.0	0.0	0.0	0.0	0.0	0.0	0.0	0.0062320230105465	0.0	0.0	0.0	0.0	0.0	0.0	0.0	0.045270612038442085	0.0	0.0	0.0	0.0	0.0	0.007452093683463447	0.0	0.006022368798394035	0.0	0.0	0.0	0.0	0.0	0.0	0.0	0.0031847133757961785	0.0	0.0	0.0	0.0	0.0	0.0	0.0	0.0	0.08383233532934128	0.0	0.0020816653322658124	0.0	0.0
Bacteria	Proteobacteria	Gammaproteobacteria	Enterobacterales	Aeromonadaceae	Aeromonas	Aeromonas_dhakensis	0.0	0.0	0.0	0.0	0.0	0.0	0.0	0.0	0.0	0.0	0.0	0.0	0.0	0.0	0.0	0.0	0.0	0.0	0.0	0.0	0.0	0.0	0.0	0.0	0.0	0.0	0.0	0.0	0.0	0.0	0.0	0.0	0.0	0.004583835946924005	0.0	0.0	0.0	0.0	0.0	0.0	0.0	0.0	0.0	0.0	0.0
Bacteria	Proteobacteria	Gammaproteobacteria	Enterobacterales	Aeromonadaceae	Aeromonas	Aeromonas_jandaei	0.0	0.0	0.0	0.0	0.0	0.0	0.0	0.0	0.0	0.01358609794628752	0.0	0.0	0.0	0.0	0.02514124293785311	0.0	0.0	0.0	0.022186365469947556	0.0	0.0	0.0	0.0	0.0	0.0	0.0	0.006030359742150135	0.0	0.0	0.0	0.0	0.0	0.0	0.016646562123039808	0.0	0.0	0.0	0.0	0.0	0.0	0.0	0.0	0.0	0.0	0.0
Bacteria	Proteobacteria	Gammaproteobacteria	Enterobacterales	Alteromonadaceae	Alishewanella	Alishewanella_agri	0.0	0.0	0.0	0.0	0.0	0.0	0.0	0.0	0.0	0.0	0.0	0.0	0.0	0.0	0.0	0.0	0.0	0.0	0.0	0.0	0.0	0.0	0.0	0.0	0.0	0.0	0.0	0.0	0.0	0.01612036539494895	0.0	0.0	0.0	0.0	0.0	0.0	0.0	0.0	0.0	0.0	0.0	0.0	0.0	0.0	0.0
Bacteria	Proteobacteria	Gammaproteobacteria	Enterobacterales	Alteromonadaceae	Alteromonas	Alteromonas_gracilis	0.0	0.0	0.0	0.0	0.0	0.0	0.0	0.0	0.0	0.0	0.0	0.0	0.0	0.0	0.0	0.0	0.0	0.0	0.0	0.0	0.0	0.0	0.0	0.0	0.0	0.0	0.0	0.0	0.0	0.0	0.0	0.0	0.0	0.0	0.0	0.0	0.011157946937763452	0.0	0.0	0.0	0.0	0.0	0.0	0.0	0.0
Bacteria	Proteobacteria	Gammaproteobacteria	Enterobacterales	Alteromonadaceae	Pararheinheimera	Pararheinheimera_tangshanensis	0.0	0.0	0.0	0.0	0.0	0.0	0.0	0.0	0.0	0.0	0.0	0.0	0.0	0.0	0.0	0.0	0.0	0.0	0.0	0.0	0.0	0.0	0.0	0.0	0.0	0.0	0.0	0.0	0.0	0.0	0.0	0.0	0.0	0.0	0.0	0.0	0.0	0.0	0.0	0.0	0.025449101796407175	0.0	0.0	0.0	0.0
Bacteria	Proteobacteria	Gammaproteobacteria	Enterobacterales	Enterobacteriaceae	Atlantibacter	Atlantibacter_hermannii	0.0	0.0	0.0	0.0	0.0	0.0	0.0	0.0	0.0	0.012322274881516587	0.0	0.0	0.0	0.0	0.014124293785310736	0.0	0.0	0.0	0.01573215006050827	0.0	0.0	0.0	0.0	0.0	0.0	0.0	0.0029112081513828236	0.0	0.0	0.0	0.0	0.0	0.0	0.006031363088057902	0.0	0.0	0.0	0.0	0.0	0.0	0.0	0.0	0.0	0.0	0.0
Bacteria	Proteobacteria	Gammaproteobacteria	Enterobacterales	Enterobacteriaceae	Cedecea	Cedecea_davisae	0.0	0.0	0.0	0.0	0.0	0.0	0.0	0.0	0.0	0.0	0.0011489850631941783	0.0	0.0	0.0	0.0	0.0	0.0	0.0	0.0	0.0	0.0	0.0	0.0	0.0	0.0	0.0	0.0	0.0	0.0	0.0	0.0	0.0	0.0	0.0	0.0	0.0	0.0	0.0	0.0	0.0	0.0	0.0	0.0	0.0	0.0
Bacteria	Proteobacteria	Gammaproteobacteria	Enterobacterales	Enterobacteriaceae	Citrobacter	Citrobacter_braakii	0.0	0.0	0.0	0.0	0.0	0.0	0.0	0.0	0.0	0.0	0.0	0.0	0.0	0.0	0.0	0.0	0.0	0.0	0.0	0.0	0.0	0.0	0.0	0.0	0.0	0.0	0.0	0.0	0.0	0.0	0.0	0.0	0.007936507936507936	0.0	0.0	0.0	0.0	0.0	0.0	0.0	0.0	0.0	0.0	0.0	0.0
Bacteria	Proteobacteria	Gammaproteobacteria	Enterobacterales	Enterobacteriaceae	Citrobacter	Citrobacter_freundii	0.0	0.0	0.0	0.0	0.0	0.0	0.0	0.0	0.0	0.0	0.0	0.0	0.0	0.0	0.0211864406779661	0.0	0.0	0.0	0.038321903993545785	0.0	0.0	0.0	0.0	0.0	0.0	0.0	0.0	0.0	0.0	0.0	0.0	0.0	0.03863826232247285	0.01785283474065139	0.0	0.0	0.0	0.0	0.0	0.0	0.0	0.0	0.0	0.0	0.0
Bacteria	Proteobacteria	Gammaproteobacteria	Enterobacterales	Enterobacteriaceae	Citrobacter	Citrobacter_gillenii	0.0	0.0	0.0	0.0	0.0	0.0	0.0	0.0	0.0	0.0	0.0	0.0	0.0024021962937542897	0.0	0.0	0.008093070308548306	0.0	0.0	0.0	0.0	0.0	0.0	0.0	0.0	0.0	0.0	0.0	0.0	0.0	0.0	0.0	0.0	0.0	0.0	0.0	0.0	0.0	0.0	0.0	0.0	0.0	0.0	0.0016012810248198558	0.0	0.0
Bacteria	Proteobacteria	Gammaproteobacteria	Enterobacterales	Enterobacteriaceae	Citrobacter	Citrobacter_murliniae	0.0	0.0	0.0	0.0	0.0	0.0	0.0	0.0	0.0	0.0	0.0	0.0	0.0	0.0	0.0011299435028248588	0.0	0.0	0.0	0.0	0.0	0.0	0.0	0.0	0.0	0.0	0.0	0.0	0.0	0.0	0.0	0.0	0.0	0.0	0.0	0.0	0.0	0.0	0.0	0.0	0.0	0.0	0.0	0.0	0.0	0.0
Bacteria	Proteobacteria	Gammaproteobacteria	Enterobacterales	Enterobacteriaceae	Citrobacter	Citrobacter_portucalensis	0.0	0.0	0.0	0.0	0.0	0.0	0.0	0.0	0.0	0.0	0.0	0.0	0.0029169526424159234	0.0	0.0	0.0	0.0	0.0	0.0	0.0	0.0	0.0	0.0	0.0	0.0059980006664445175	0.0	0.0	0.012958280657395703	0.0	0.0	0.0	0.0	0.034878863826232245	0.0	0.0	0.0	0.0	0.0	0.0	0.0	0.0	0.0	0.0	0.0	0.0
Bacteria	Proteobacteria	Gammaproteobacteria	Enterobacterales	Enterobacteriaceae	Citrobacter	Citrobacter_werkmanii	0.0	0.0	0.0	0.0	0.0	0.0	0.0	0.0	0.0	0.0	0.0	0.0	0.00806451612903226	0.0	0.0	0.009610520991401113	0.0	0.0	0.0	0.0	0.0	0.0	0.0	0.0	0.0	0.0	0.0	0.0	0.0	0.0	0.0	0.0	0.0	0.0	0.0	0.0	0.0	0.0	0.01153014652894547	0.0	0.0	0.0	0.010088070456365091	0.0	0.0
Bacteria	Proteobacteria	Gammaproteobacteria	Enterobacterales	Enterobacteriaceae	Citrobacter_A	Citrobacter_A_amalonaticus	0.0	0.0	0.0	0.0	0.0	0.0	0.0	0.0	0.0	0.0	0.0	0.0	0.0	0.0	0.003389830508474576	0.0	0.0	0.0	0.0	0.0	0.0	0.0	0.0	0.0	0.0	0.0	0.0	0.0	0.0	0.0	0.0	0.0	0.0	0.0	0.0	0.0	0.0	0.0	0.0	0.0	0.0	0.0	0.0	0.0	0.0
Bacteria	Proteobacteria	Gammaproteobacteria	Enterobacterales	Enterobacteriaceae	Citrobacter_A	Citrobacter_A_amalonaticus_C	0.0	0.0	0.0	0.0	0.0	0.0	0.0	0.0	0.0	0.0	0.0	0.0	0.0	0.0	0.0	0.0	0.0	0.0	0.0	0.0	0.0	0.0	0.0	0.0	0.0	0.0	0.0	0.0	0.0	0.0	0.0	0.0	0.0	0.0	0.0	0.0	0.0	0.0	0.0	0.0	0.0	0.0	0.00048038430744595665	0.0	0.0
Bacteria	Proteobacteria	Gammaproteobacteria	Enterobacterales	Enterobacteriaceae	Citrobacter_A	Citrobacter_A_farmeri	0.0	0.0	0.0	0.0	0.0	0.0	0.0	0.0	0.0	0.006003159557661927	0.0	0.0	0.0	0.0	0.013559322033898305	0.0	0.0	0.0	0.0	0.0	0.0	0.0	0.0	0.0	0.0	0.0	0.0	0.0	0.0	0.0	0.0	0.0	0.0	0.00989143546441496	0.0	0.0	0.0	0.0	0.0	0.0	0.0	0.0	0.0	0.0	0.0
Bacteria	Proteobacteria	Gammaproteobacteria	Enterobacterales	Enterobacteriaceae	Cronobacter	Cronobacter_sakazakii	0.0068093385214007774	0.0	0.0	0.0	0.0	0.0	0.0	0.0	0.0	0.0	0.0	0.0045029442327675796	0.0	0.0	0.0	0.0	0.0	0.0	0.0	0.0	0.0	0.0	0.0	0.0	0.0	0.004248366013071894	0.0	0.0	0.0	0.0	0.0	0.006369426751592357	0.0	0.0	0.0	0.0	0.0	0.0	0.0	0.0	0.0	0.0	0.0	0.0	0.0
Bacteria	Proteobacteria	Gammaproteobacteria	Enterobacterales	Enterobacteriaceae	Enterobacter	Enterobacter_cloacae	0.0	0.0	0.0	0.0	0.0	0.0	0.0	0.0	0.0	0.0	0.0	0.0	0.0	0.0	0.0022598870056497176	0.0	0.0	0.0	0.0	0.0	0.0	0.0	0.0	0.0	0.0	0.0	0.0	0.0	0.0	0.0	0.0	0.0	0.0	0.0	0.0	0.0	0.002479543763947434	0.0	0.0	0.0	0.0	0.0	0.002562049639711769	0.0	0.0
Bacteria	Proteobacteria	Gammaproteobacteria	Enterobacterales	Enterobacteriaceae	Enterobacter	Enterobacter_hormaechei_A	0.0	0.0	0.0	0.0	0.0	0.0	0.0	0.0	0.0	0.11943127962085308	0.0	0.0	0.0	0.0	0.15028248587570622	0.017956499747091556	0.0	0.0	0.1298910851149657	0.0	0.0	0.033002129169623834	0.0	0.0	0.0	0.0	0.0330630068621335	0.0	0.0	0.0	0.0	0.0	0.008771929824561403	0.1066344993968637	0.0	0.0	0.01909248698239524	0.0	0.0	0.0	0.2320359281437125	0.005165733964700817	0.0	0.0	0.0
Bacteria	Proteobacteria	Gammaproteobacteria	Enterobacterales	Enterobacteriaceae	Enterobacter	Enterobacter_kobei	0.0	0.0	0.0	0.0	0.0	0.0	0.0	0.0	0.0	0.0	0.0	0.0	0.0	0.0	0.00480225988700565	0.0	0.0	0.0	0.0	0.0	0.0	0.0	0.0	0.0	0.0	0.0	0.0	0.0	0.0	0.0	0.0	0.0	0.0	0.0	0.0	0.0	0.0	0.0	0.0	0.0	0.0	0.0	0.0	0.0	0.0
Bacteria	Proteobacteria	Gammaproteobacteria	Enterobacterales	Enterobacteriaceae	Enterobacter	Enterobacter_ludwigii	0.0	0.0	0.0	0.0	0.0	0.0	0.0	0.0	0.0	0.016113744075829384	0.0	0.0	0.0	0.022650602409638555	0.02288135593220339	0.0	0.0	0.0	0.022993142396127472	0.0	0.0	0.0	0.0	0.0	0.0	0.0	0.004574755666458723	0.0	0.0	0.0	0.0	0.0	0.0	0.012545235223160435	0.0	0.0	0.0	0.0	0.0	0.0	0.0	0.0	0.0	0.0	0.0
Bacteria	Proteobacteria	Gammaproteobacteria	Enterobacterales	Enterobacteriaceae	Enterobacter	Enterobacter_roggenkampii	0.0	0.0	0.0	0.0	0.0	0.0	0.0	0.0	0.0	0.01864139020537125	0.0	0.0	0.0	0.0	0.018361581920903956	0.0	0.0	0.0	0.0	0.0	0.0	0.0	0.0	0.0	0.0	0.0	0.004990642545227697	0.0	0.0	0.0	0.0	0.0	0.0	0.015440289505428228	0.0	0.0	0.0	0.0	0.0	0.0	0.0	0.0	0.0	0.0	0.0
Bacteria	Proteobacteria	Gammaproteobacteria	Enterobacterales	Enterobacteriaceae	Enterobacter	Enterobacter_sp000568095	0.0	0.0	0.0	0.0	0.0	0.0	0.0	0.0	0.0	0.0	0.0	0.0	0.0	0.0	0.0	0.0	0.0	0.0	0.0	0.0	0.0	0.0	0.0	0.0	0.0	0.0	0.0	0.0	0.0	0.0	0.0	0.0	0.0	0.0014475271411338963	0.0	0.0	0.0	0.0	0.0	0.0	0.0	0.0	0.0	0.0	0.0
Bacteria	Proteobacteria	Gammaproteobacteria	Enterobacterales	Enterobacteriaceae	Erwinia_B	Erwinia_B_gerundensis	0.0	0.0	0.0	0.0	0.0	0.0	0.0	0.0	0.0	0.0	0.0	0.0	0.0	0.0	0.0	0.0	0.0	0.0	0.0	0.0	0.0	0.0	0.0	0.0	0.0	0.0	0.0	0.0	0.0	0.0	0.0	0.0	0.0	0.0019300361881785285	0.0	0.0	0.0	0.0	0.0	0.0	0.0	0.0	0.0	0.0	0.0
Bacteria	Proteobacteria	Gammaproteobacteria	Enterobacterales	Enterobacteriaceae	Escherichia	Escherichia_coli	0.0	0.0	0.0	0.0	0.0	0.0	0.0	0.0	0.0	0.0	0.0	0.0	0.0	0.0	0.0	0.5235204855842185	0.0	0.0	0.9878983461073013	0.0	0.0	0.0	0.0	0.0	0.0	0.0	0.0	0.0	0.0	0.0	0.0	0.0	0.04636591478696742	0.0	0.0	0.0	0.6397222910984379	0.0	0.0	0.0	0.0	0.0	0.0	0.0	0.0
Bacteria	Proteobacteria	Gammaproteobacteria	Enterobacterales	Enterobacteriaceae	Escherichia	Escherichia_dysenteriae	0.0	0.0	0.0	0.0	0.0	0.0	0.0	0.0	0.0	0.0	0.0	0.0	0.0	0.0	0.0	0.0	0.0	0.0	0.0	0.0	0.0	0.0	0.0	0.0	0.0	0.0	0.0	0.0	0.0	0.0	0.0	0.0	0.0	0.0914354644149578	0.0	0.0	0.09769402429952889	0.0	0.0	0.0	0.0	0.0	0.0	0.0	0.0
Bacteria	Proteobacteria	Gammaproteobacteria	Enterobacterales	Enterobacteriaceae	Escherichia	Escherichia_flexneri	0.24319066147859922	0.0	0.13362504207337594	0.0	0.0	0.0	0.12025202520252025	0.0	0.05258319544033829	0.12543443917851502	0.09211030256606663	0.0	0.07738503774879892	0.0	0.29717514124293787	0.2195245321193728	0.10349462365591397	0.023957769355711967	0.4860830980233965	0.0	0.0	0.08942512420156137	0.0	0.12933753943217666	0.18460513162279238	0.0	0.19213973799126635	0.13053097345132744	0.0	0.2831810854379365	0.09834190966266439	0.0	0.17147034252297413	0.45404101326899887	0.0	0.05727452271231073	0.4914455740143813	0.0	0.08647609896709103	0.06654381654381655	0.43712574850299385	0.061773568661213946	0.09191353082465971	0.08176100628930817	0.0
Bacteria	Proteobacteria	Gammaproteobacteria	Enterobacterales	Enterobacteriaceae	Hafnia	Hafnia_alvei	0.0	0.0	0.0	0.0	0.0	0.0	0.0	0.0	0.0	0.0	0.0	0.0	0.0	0.0	0.0	0.0	0.0	0.0	0.0	0.0	0.0	0.0	0.0	0.0	0.0	0.0	0.0	0.0	0.0006740058413839586	0.0	0.0	0.0	0.0033416875522138683	0.0	0.0	0.0	0.0	0.0	0.0	0.0	0.0	0.0	0.0	0.0	0.0
Bacteria	Proteobacteria	Gammaproteobacteria	Enterobacterales	Enterobacteriaceae	Hafnia	Hafnia_paralvei	0.0	0.0	0.0	0.0	0.0	0.0	0.0	0.0	0.0020224305938591654	0.0	0.0	0.0	0.0	0.0	0.0	0.0	0.0	0.0	0.0	0.0	0.0	0.0	0.0	0.0	0.007664111962679106	0.0	0.0	0.0	0.0	0.0	0.0	0.0	0.0	0.0	0.0	0.0	0.0	0.0	0.0	0.0	0.0	0.0	0.0	0.0	0.0
Bacteria	Proteobacteria	Gammaproteobacteria	Enterobacterales	Enterobacteriaceae	Hafnia	Hafnia_proteus	0.0	0.0	0.0	0.0	0.0	0.0	0.0	0.0	0.0	0.0	0.0	0.0	0.0	0.0	0.0	0.0	0.0	0.0	0.0	0.0	0.0	0.0	0.0	0.0	0.0033322225924691767	0.0	0.0	0.0	0.0	0.0	0.0	0.0	0.016499582289055976	0.0	0.0	0.0	0.0	0.0	0.0	0.0	0.0	0.0	0.0	0.0	0.0
Bacteria	Proteobacteria	Gammaproteobacteria	Enterobacterales	Enterobacteriaceae	Klebsiella	Klebsiella_aerogenes	0.0	0.0	0.0	0.0	0.0	0.0	0.0	0.0	0.0	0.0	0.0	0.0	0.0	0.0	0.0	0.0	0.0	0.0	0.0	0.0	0.0	0.0	0.0	0.0	0.0	0.0	0.0	0.0	0.0	0.0	0.0	0.0	0.0	0.0	0.0	0.0	0.0	0.0	0.0	0.0	0.0	0.0	0.0028823058446757403	0.0	0.0
Bacteria	Proteobacteria	Gammaproteobacteria	Enterobacterales	Enterobacteriaceae	Klebsiella	Klebsiella_pneumoniae	0.04085603112840466	0.06098546042003229	0.024234264557388082	0.022398843930635837	0.030227664052037504	0.0	0.00378037803780378	0.0	0.0033094318808604517	0.0	0.005744925315970892	0.04710772428126083	0.009608785175017159	0.1108433734939759	0.05282485875706215	0.054375316135558925	0.008512544802867384	0.004195993502977802	0.11657926583299717	0.03163756011136421	0.05296100144439095	0.0	0.0	0.009750501864066534	0.021659446851049646	0.04444444444444443	0.01289249324183822	0.0	0.0891934396764772	0.020419129500268668	0.016009148084619784	0.03901273885350318	0.029866332497911447	0.04897466827503016	0.024239934264585043	0.008887425938117184	0.02702702702702703	0.0	0.009128032668748499	0.0022522522522522527	1.11002994011976	0.004304778303917348	0.00864691753402722	0.008385744234800837	0.08904847396768403
Bacteria	Proteobacteria	Gammaproteobacteria	Enterobacterales	Enterobacteriaceae	Klebsiella	Klebsiella_variicola	0.0	0.0	0.0	0.0	0.0	0.0	0.0	0.0	0.0	0.0	0.0	0.0	0.0	0.0	0.01129943502824859	0.0	0.0	0.0	0.01573215006050827	0.0	0.0	0.0	0.0	0.0	0.0	0.0	0.0	0.0	0.0	0.0	0.0	0.0	0.0	0.009650180940892643	0.0	0.0	0.0	0.0	0.0	0.0	0.0	0.0	0.0	0.0	0.0
Bacteria	Proteobacteria	Gammaproteobacteria	Enterobacterales	Enterobacteriaceae	Klebsiella_A	Klebsiella_A_grimontii	0.0	0.0	0.0	0.0	0.0	0.0	0.0	0.0	0.0	0.13680884676145338	0.0	0.0	0.0	0.0	0.18079096045197743	0.0	0.0	0.0	0.15570794675272287	0.0	0.0	0.04222853087295954	0.0	0.0	0.0	0.0	0.046787273861509666	0.0	0.010110087620759378	0.0	0.0	0.0	0.0	0.13317249698431846	0.0	0.0	0.0	0.0	0.0	0.0	0.0	0.009255273353422298	0.0	0.0	0.0
Bacteria	Proteobacteria	Gammaproteobacteria	Enterobacterales	Enterobacteriaceae	Klebsiella_A	Klebsiella_A_michiganensis	0.0	0.0	0.0	0.0	0.002295771953319304	0.0	0.0	0.0	0.0	0.05402843601895735	0.0	0.0	0.002059025394646534	0.0	0.07429378531073447	0.004046535154274153	0.0	0.0	0.06252521177894312	0.0	0.0	0.017388218594748043	0.0	0.0	0.0	0.0	0.009773341651070909	0.0	0.0	0.0	0.0	0.0	0.0	0.046079613992762364	0.0	0.0	0.0	0.0	0.0	0.0	0.0	0.0	0.0	0.0	0.0
Bacteria	Proteobacteria	Gammaproteobacteria	Enterobacterales	Enterobacteriaceae	Klebsiella_A	Klebsiella_A_michiganensis_B	0.0	0.0	0.0	0.0	0.0	0.0	0.0	0.0	0.0	0.0	0.0	0.0	0.0	0.0	0.0	0.0	0.0	0.0	0.0	0.0	0.0	0.0	0.0	0.0	0.0	0.0	0.0	0.0	0.0	0.0	0.0	0.0	0.006265664160401003	0.0	0.0	0.0	0.0	0.0	0.0	0.0	0.0	0.0	0.0	0.0	0.0
Bacteria	Proteobacteria	Gammaproteobacteria	Enterobacterales	Enterobacteriaceae	Klebsiella_A	Klebsiella_A_oxytoca	0.0	0.0	0.0	0.0	0.0	0.0	0.0	0.0	0.0	0.0	0.0	0.0	0.0	0.0	0.00480225988700565	0.0	0.0	0.0	0.01008471157724889	0.0	0.0	0.0	0.0	0.0	0.0	0.0	0.004990642545227697	0.0	0.0	0.0	0.0	0.0	0.0	0.003860072376357057	0.0	0.0	0.0	0.0	0.0	0.0	0.0	0.0	0.0	0.0	0.0
Bacteria	Proteobacteria	Gammaproteobacteria	Enterobacterales	Enterobacteriaceae	Kluyvera	Kluyvera_cryocrescens	0.012645914396887158	0.0	0.0	0.0	0.0	0.0	0.0	0.0	0.0	0.0	0.0022979701263883567	0.0	0.0	0.011084337349397589	0.0025423728813559325	0.0	0.0	0.0	0.0	0.0	0.0	0.0	0.0	0.0	0.0	0.0	0.0	0.0	0.0	0.0	0.0	0.0	0.02046783625730994	0.0021712907117008447	0.0	0.0	0.0	0.0	0.0	0.0	0.0	0.0	0.00048038430744595665	0.0	0.0
Bacteria	Proteobacteria	Gammaproteobacteria	Enterobacterales	Enterobacteriaceae	Kluyvera	Kluyvera_intermedia	0.0	0.0	0.0	0.0	0.0	0.0	0.0	0.0	0.0	0.0	0.0	0.0	0.0	0.0	0.0	0.0	0.0	0.0	0.0	0.0	0.0	0.0	0.0	0.0	0.0	0.0	0.0	0.0	0.0	0.0	0.0	0.0	0.0043859649122807015	0.0	0.0	0.0	0.0	0.0	0.0	0.0	0.0	0.0	0.0	0.0	0.0
Bacteria	Proteobacteria	Gammaproteobacteria	Enterobacterales	Enterobacteriaceae	Kluyvera	Kluyvera_sichuanensis	0.0	0.0	0.0	0.0	0.0	0.0	0.0	0.0	0.0	0.0	0.0	0.0	0.0	0.0	0.0	0.0	0.0	0.0	0.0	0.0	0.0	0.0	0.0	0.0	0.0	0.0	0.0	0.0	0.0	0.0	0.0	0.0	0.0043859649122807015	0.0	0.0	0.0	0.0	0.0	0.0	0.0	0.0	0.0	0.0	0.0	0.0
Bacteria	Proteobacteria	Gammaproteobacteria	Enterobacterales	Enterobacteriaceae	Leclercia	Leclercia_adecarboxylata	0.0	0.0	0.0	0.005491329479768786	0.0	0.0	0.0	0.0	0.0	0.017377567140600316	0.0	0.0	0.0	0.0	0.0096045197740113	0.0	0.006496415770609319	0.0	0.018959257765227916	0.0	0.0	0.0	0.0	0.0	0.0	0.0	0.004574755666458723	0.0	0.0	0.0	0.0	0.0	0.0	0.01592279855247286	0.0	0.045753785385121794	0.0	0.0	0.0	0.0	0.02844311377245508	0.0	0.0	0.0	0.0
Bacteria	Proteobacteria	Gammaproteobacteria	Enterobacterales	Enterobacteriaceae	Leclercia	Leclercia_adecarboxylata_C	0.0	0.0	0.0	0.0	0.0	0.0	0.0	0.0	0.0	0.0	0.0	0.0	0.0	0.0	0.00903954802259887	0.0	0.0	0.0	0.0	0.0	0.0	0.0	0.0	0.0	0.0	0.0	0.0	0.0	0.0	0.0	0.0	0.0	0.0	0.006513872135102534	0.0	0.0	0.0	0.0	0.0	0.0	0.0	0.0	0.0	0.0	0.0
Bacteria	Proteobacteria	Gammaproteobacteria	Enterobacterales	Enterobacteriaceae	Leclercia	Leclercia_sp000755535	0.0	0.0	0.0	0.0	0.0	0.0	0.0	0.0	0.0	0.005371248025276461	0.0	0.0	0.0	0.0	0.011016949152542373	0.0	0.0	0.0	0.0	0.0	0.0	0.0	0.0	0.0	0.0	0.0	0.0	0.0	0.0	0.0	0.0	0.0	0.0	0.0	0.0	0.0	0.0	0.0	0.0	0.0	0.0	0.0	0.0	0.0	0.0
Bacteria	Proteobacteria	Gammaproteobacteria	Enterobacterales	Enterobacteriaceae	Mangrovibacter	Mangrovibacter_phragmitis	0.0	0.0	0.0	0.0	0.0	0.0	0.0	0.0	0.0	0.0	0.0	0.0	0.0008579272477693893	0.0	0.0	0.0	0.0	0.0	0.0	0.0	0.0	0.0	0.0	0.0	0.0	0.0	0.0	0.0	0.0	0.0	0.0	0.0	0.0	0.0	0.0	0.0	0.0	0.0	0.0	0.0	0.0	0.0	0.0	0.0	0.0
Bacteria	Proteobacteria	Gammaproteobacteria	Enterobacterales	Enterobacteriaceae	Morganella	Morganella_morganii	0.0	0.0	0.0	0.0	0.0	0.0	0.0	0.0	0.0	0.027488151658767772	0.0	0.0	0.0	0.0	0.043220338983050846	0.0	0.0	0.0	0.031060911657926585	0.0	0.0	0.0	0.0	0.0	0.0	0.0	0.009773341651070909	0.0	0.0	0.0	0.0	0.0	0.0	0.028226779252110982	0.0	0.0	0.0	0.0	0.0	0.0	0.0	0.0	0.0	0.0	0.0
Bacteria	Proteobacteria	Gammaproteobacteria	Enterobacterales	Enterobacteriaceae	Morganella	Morganella_morganii_A	0.0	0.0	0.0	0.0	0.0	0.0	0.0	0.0	0.0	0.010110584518167457	0.0	0.0	0.0	0.0	0.006779661016949152	0.0	0.0	0.0	0.0	0.0	0.0	0.0	0.0	0.0	0.04231922692435854	0.0	0.0	0.0	0.0	0.0	0.0	0.0	0.0	0.005790108564535585	0.0	0.0	0.0	0.0	0.0	0.0	0.0	0.0	0.0	0.0	0.0
Bacteria	Proteobacteria	Gammaproteobacteria	Enterobacterales	Enterobacteriaceae	Morganella	Morganella_psychrotolerans_B	0.0	0.0	0.0	0.0	0.0	0.0	0.0	0.0	0.0	0.0	0.0	0.0	0.0	0.0	0.0	0.0	0.0	0.0	0.0	0.0	0.0	0.0	0.0	0.0	0.0	0.0	0.0	0.0	0.0	0.0	0.0	0.0	0.003968253968253968	0.0	0.0	0.0	0.0	0.0	0.0	0.0	0.0	0.0	0.0	0.0	0.0
Bacteria	Proteobacteria	Gammaproteobacteria	Enterobacterales	Enterobacteriaceae	Pantoea	Pantoea_agglomerans	0.0	0.0	0.0	0.0	0.0	0.0	0.0	0.0	0.0	0.0	0.0	0.0	0.0	0.009156626506024095	0.0	0.0	0.0	0.0	0.0	0.0	0.0	0.0	0.0	0.0	0.0	0.0	0.0	0.0	0.0	0.0	0.0	0.0	0.0	0.0	0.0	0.0	0.0	0.0	0.0	0.0	0.0	0.0	0.004483586869495596	0.0	0.0
Bacteria	Proteobacteria	Gammaproteobacteria	Enterobacterales	Enterobacteriaceae	Pantoea	Pantoea_ananatis	0.0	0.0	0.0	0.0	0.0	0.0	0.0	0.0	0.0	0.0	0.0	0.0	0.0	0.0	0.0	0.0	0.0	0.0	0.009681323114158934	0.0	0.0	0.0	0.0	0.0	0.0	0.0	0.0	0.0	0.0	0.0	0.0	0.0	0.0043859649122807015	0.0	0.0	0.0	0.018596578229605754	0.0	0.0	0.0	0.0	0.0	0.0	0.0	0.0
Bacteria	Proteobacteria	Gammaproteobacteria	Enterobacterales	Enterobacteriaceae	Pantoea	Pantoea_brenneri	0.0	0.0	0.0	0.009682080924855492	0.0	0.0	0.0	0.0	0.0	0.0	0.0	0.0	0.0	0.0	0.0	0.0	0.0	0.0	0.0	0.0	0.0	0.0	0.0	0.0	0.004998333888703765	0.0	0.0	0.0	0.0	0.0	0.0	0.0	0.0	0.0	0.0	0.06319947333772219	0.0	0.0	0.0	0.0	0.0	0.0	0.0	0.0	0.0
Bacteria	Proteobacteria	Gammaproteobacteria	Enterobacterales	Enterobacteriaceae	Pantoea	Pantoea_conspicua	0.0	0.0	0.0	0.008815028901734105	0.0	0.0	0.0	0.0	0.0	0.0	0.0	0.0	0.0	0.0	0.0	0.0	0.0	0.0	0.0	0.0	0.0	0.0	0.0	0.0	0.0	0.0	0.0	0.0	0.0	0.0	0.0	0.0	0.0	0.0	0.0	0.07011191573403555	0.0	0.0	0.0	0.0	0.0	0.0	0.0	0.0	0.0
Bacteria	Proteobacteria	Gammaproteobacteria	Enterobacterales	Enterobacteriaceae	Pantoea	Pantoea_eucrina	0.0	0.0	0.0	0.007947976878612716	0.0	0.0	0.0	0.0	0.0	0.0	0.0	0.0	0.0	0.0	0.0	0.0	0.0	0.0	0.0	0.0	0.0	0.0	0.0	0.0	0.0	0.0	0.0	0.0	0.0	0.0	0.0	0.0	0.0	0.0026537997587454767	0.0	0.06369321922317314	0.0	0.0	0.0	0.0	0.01946107784431137	0.0	0.0	0.0	0.0
Bacteria	Proteobacteria	Gammaproteobacteria	Enterobacterales	Enterobacteriaceae	Pantoea	Pantoea_septica	0.0	0.0	0.0	0.0	0.0	0.0	0.0	0.0	0.0	0.0	0.0	0.0	0.0	0.0	0.0	0.0	0.0	0.0	0.0	0.0	0.0	0.0	0.0	0.0	0.0	0.0	0.0	0.0	0.0	0.0	0.0	0.0	0.0	0.0	0.0	0.001316655694535879	0.0	0.0	0.0	0.0	0.0	0.0	0.0	0.0	0.0
Bacteria	Proteobacteria	Gammaproteobacteria	Enterobacterales	Enterobacteriaceae	Pantoea	Pantoea_sp002434205	0.0	0.0	0.0	0.0	0.0	0.0	0.0	0.0	0.0	0.0	0.0	0.0	0.0	0.0	0.0	0.0	0.0	0.0	0.0	0.0	0.0	0.0	0.0	0.0	0.0	0.0	0.0	0.0	0.0	0.0	0.0	0.0	0.0	0.0	0.0	0.004443712969058592	0.0	0.0	0.0	0.0	0.0	0.0	0.0	0.0	0.0
Bacteria	Proteobacteria	Gammaproteobacteria	Enterobacterales	Enterobacteriaceae	Pantoea	Pantoea_sp003512445	0.0	0.0	0.0	0.0	0.0	0.0	0.0	0.0	0.0	0.0	0.0	0.0	0.0	0.02746987951807229	0.0	0.0	0.0	0.0	0.0	0.0	0.0	0.0	0.0	0.0	0.0	0.0	0.0	0.0	0.0	0.0	0.0	0.0	0.0	0.0	0.0	0.0	0.0	0.0	0.0	0.0	0.0	0.0	0.0	0.0	0.0
Bacteria	Proteobacteria	Gammaproteobacteria	Enterobacterales	Enterobacteriaceae	Pectobacterium	Pectobacterium_carotovorum	0.0	0.0	0.0	0.0	0.0	0.0	0.0	0.0	0.0	0.0	0.0	0.0	0.0	0.0	0.0	0.0	0.0	0.0	0.0	0.0	0.0	0.0	0.0	0.0	0.0	0.0	0.0	0.0	0.0	0.0	0.0	0.0	0.0	0.0	0.0	0.0004937458854509546	0.0	0.0	0.0	0.0	0.0	0.0	0.0	0.0	0.0
Bacteria	Proteobacteria	Gammaproteobacteria	Enterobacterales	Enterobacteriaceae	Proteus	Proteus_mirabilis	0.0	0.0	0.0	0.0	0.0	0.0	0.0	0.0	0.0	0.023380726698262244	0.0	0.0	0.0	0.0	0.0	0.0	0.0	0.0	0.0	0.0	0.0	0.0	0.0	0.0	0.0	0.0	0.0	0.0	0.0	0.0	0.0	0.0	0.0	0.02243667068757539	0.0	0.0	0.0	0.0	0.0	0.0	0.0	0.0	0.0	0.0	0.0
Bacteria	Proteobacteria	Gammaproteobacteria	Enterobacterales	Enterobacteriaceae	Proteus	Proteus_mirabilis_B	0.0	0.0	0.0	0.0	0.0	0.0	0.0	0.0	0.0	0.0	0.013979318268862504	0.0	0.0	0.0	0.0	0.0	0.0	0.0	0.0	0.0	0.0	0.0	0.0	0.0	0.0	0.0	0.0	0.0	0.0	0.0	0.0	0.0	0.04260651629072682	0.0	0.0	0.0	0.0	0.0	0.0	0.0	0.0	0.0	0.0	0.0	0.0
Bacteria	Proteobacteria	Gammaproteobacteria	Enterobacterales	Enterobacteriaceae	Proteus	Proteus_penneri	0.0	0.0	0.0	0.0	0.0	0.0	0.0	0.0	0.0	0.0	0.0	0.0	0.0	0.0	0.0	0.0	0.0	0.0	0.0	0.0	0.0	0.0	0.0	0.0	0.0	0.0	0.0	0.0	0.0	0.0	0.0	0.0	0.0	0.006996381182147166	0.0	0.0	0.0	0.0	0.0	0.0	0.0	0.0	0.0	0.0	0.0
Bacteria	Proteobacteria	Gammaproteobacteria	Enterobacterales	Enterobacteriaceae	Providencia	Providencia_alcalifaciens_A	0.0	0.0	0.0	0.0	0.0	0.0	0.0	0.0	0.0	0.0	0.0	0.0	0.0	0.0	0.0	0.0	0.0	0.0	0.0	0.0	0.0	0.0	0.0	0.0	0.0	0.0	0.0	0.0	0.0	0.0	0.0	0.0	0.0037593984962406017	0.0	0.0	0.0	0.0	0.0	0.0	0.0	0.0	0.0	0.0	0.0	0.0
Bacteria	Proteobacteria	Gammaproteobacteria	Enterobacterales	Enterobacteriaceae	Providencia	Providencia_rettgeri	0.0	0.0	0.0	0.0010115606936416184	0.0	0.0	0.0	0.0	0.0	0.0	0.0	0.0	0.0	0.0	0.0	0.0	0.0	0.0	0.0	0.0	0.0	0.0	0.0	0.0	0.0	0.0	0.0	0.0	0.0	0.0	0.0	0.0	0.0	0.0	0.0	0.0	0.0	0.0	0.0	0.0	0.0	0.0	0.0	0.0	0.0
Bacteria	Proteobacteria	Gammaproteobacteria	Enterobacterales	Enterobacteriaceae	Providencia	Providencia_rettgeri_A	0.0	0.0	0.0	0.0	0.0	0.0	0.0	0.0	0.0	0.008846761453396525	0.0	0.0	0.0	0.0	0.012429378531073447	0.0	0.0	0.0	0.0	0.0	0.0	0.0	0.0	0.0	0.0	0.0	0.0	0.0	0.0	0.0	0.0	0.0	0.0	0.010373944511459591	0.0	0.0	0.0	0.0	0.0	0.0	0.0	0.0	0.0	0.0	0.0
Bacteria	Proteobacteria	Gammaproteobacteria	Enterobacterales	Enterobacteriaceae	Providencia	Providencia_rettgeri_F	0.0	0.0	0.0	0.0	0.0	0.0	0.0	0.0	0.0	0.0	0.0	0.0	0.0	0.0	0.007062146892655368	0.0	0.0	0.0	0.0	0.0	0.0	0.0	0.0	0.0	0.0	0.0	0.0	0.0	0.0	0.0	0.0	0.0	0.027568922305764413	0.0	0.0	0.0	0.0	0.0	0.0	0.0	0.0	0.0	0.0	0.0	0.0
Bacteria	Proteobacteria	Gammaproteobacteria	Enterobacterales	Enterobacteriaceae	Providencia	Providencia_stuartii	0.0	0.0	0.0	0.0	0.0	0.0	0.0	0.0	0.0	0.0	0.0	0.0	0.0	0.0	0.003672316384180791	0.0	0.0	0.0	0.0	0.0	0.0	0.0	0.0	0.0	0.0	0.0	0.0	0.0	0.0	0.0	0.0	0.0	0.0	0.006272617611580217	0.0	0.0	0.0	0.0	0.0	0.0	0.0	0.0	0.0	0.0	0.0
Bacteria	Proteobacteria	Gammaproteobacteria	Enterobacterales	Enterobacteriaceae	Pseudocitrobacter	Pseudocitrobacter_faecalis	0.016050583657587547	0.0	0.0	0.0	0.0	0.0	0.0	0.0	0.0	0.0	0.00938337801608579	0.0	0.0	0.0	0.0	0.0	0.0	0.0	0.0	0.0	0.0	0.0	0.0	0.0	0.0	0.0	0.0	0.0	0.0	0.0	0.0	0.0	0.02067669172932331	0.0	0.0	0.0	0.0	0.0	0.0	0.002047502047502048	0.026946107784431128	0.0	0.0	0.0	0.0
Bacteria	Proteobacteria	Gammaproteobacteria	Enterobacterales	Enterobacteriaceae	Rahnella	Rahnella_aquatilis	0.0	0.0	0.0	0.0	0.0	0.0	0.0	0.0	0.0	0.0	0.0	0.0	0.0	0.039036144578313246	0.0	0.0	0.0	0.0	0.0	0.0	0.0	0.0	0.0	0.0	0.0	0.0	0.0	0.0	0.0	0.0	0.0	0.0	0.0	0.0	0.0	0.0	0.0	0.0	0.0	0.0	0.0	0.0	0.0	0.0	0.0
Bacteria	Proteobacteria	Gammaproteobacteria	Enterobacterales	Enterobacteriaceae	Raoultella	Raoultella_ornithinolytica	0.0	0.0	0.0	0.0	0.0	0.0	0.0	0.0	0.0	0.0	0.0	0.0	0.004289636238846946	0.0	0.008757062146892656	0.0048052604957005566	0.0	0.0	0.008874546187979023	0.0	0.0	0.0	0.0	0.0	0.0	0.0	0.0035350384695362856	0.0	0.0006740058413839586	0.0	0.0	0.0	0.0	0.007478890229191798	0.0	0.0	0.0	0.0	0.00720634158059092	0.0	0.0	0.0	0.0052842273819055235	0.0	0.0
Bacteria	Proteobacteria	Gammaproteobacteria	Enterobacterales	Enterobacteriaceae	Salmonella	Salmonella_enterica	0.01556420233463035	0.0	0.0	0.004913294797687861	0.0	0.0	0.0	0.014141898370086288	0.0	0.0	0.0	0.0	0.0	0.0	0.01384180790960452	0.005563985837126961	0.0	0.0	0.02864058087938685	0.0	0.0	0.0	0.0	0.0	0.0	0.0	0.0	0.0	0.0	0.0	0.0	0.0	0.0	0.0	0.0	0.0	0.017108851971237293	0.0	0.0	0.0	0.0	0.0	0.0	0.0	0.0
Bacteria	Proteobacteria	Gammaproteobacteria	Enterobacterales	Enterobacteriaceae	Siccibacter	Siccibacter_colletis	0.0	0.0	0.0	0.0	0.0	0.0	0.0	0.0	0.0	0.0	0.0	0.0	0.0	0.0	0.0	0.0	0.005600358422939068	0.0	0.0	0.0	0.0	0.0	0.0	0.0	0.0	0.0	0.0	0.0	0.0	0.0	0.0	0.0	0.0	0.0	0.0	0.0	0.0	0.0	0.0	0.0	0.0	0.0	0.0	0.0	0.0
Bacteria	Proteobacteria	Gammaproteobacteria	Enterobacterales	Enterobacteriaceae	Tatumella	Tatumella_ptyseos	0.0	0.0	0.0	0.0	0.0	0.0	0.0	0.0	0.0	0.0	0.0	0.0	0.0	0.0	0.0	0.0	0.0	0.0	0.0	0.0	0.0	0.0	0.0	0.0	0.0056647784071976	0.0	0.0	0.0	0.0	0.0	0.0	0.0	0.0	0.0	0.0	0.0	0.0	0.0	0.0	0.0	0.0	0.0	0.0	0.0	0.0
Bacteria	Proteobacteria	Gammaproteobacteria	Enterobacterales	Enterobacteriaceae	Tatumella	Tatumella_saanichensis	0.0	0.0	0.0	0.0	0.0	0.0	0.0	0.0	0.0	0.0	0.0	0.0	0.0	0.0	0.0	0.0	0.0	0.0	0.0	0.0	0.0	0.0	0.0	0.0	0.0	0.0	0.0	0.0	0.0	0.0	0.0	0.0	0.0	0.0	0.0	0.0	0.0	0.0	0.0	0.0	0.9333832335329338	0.0	0.0	0.0	0.0
Bacteria	Proteobacteria	Gammaproteobacteria	Enterobacterales	Kangiellaceae	Kangiella	Kangiella_spongicola	0.0	0.002019386106623586	0.0016829350387075057	0.0	0.0	0.0	0.0	0.0	0.0	0.001579778830963665	0.0	0.0	0.0	0.0	0.0	0.0012645422357106728	0.0	0.0	0.0	0.0	0.0	0.0	0.0	0.0	0.0016661112962345884	0.0	0.0	0.0	0.0	0.0	0.0	0.0	0.0	0.0012062726176115804	0.0	0.0	0.0	0.0	0.0	0.0	0.0	0.0	0.0	0.0	0.0
Bacteria	Proteobacteria	Gammaproteobacteria	Enterobacterales	Pasteurellaceae	Aggregatibacter	Aggregatibacter_segnis	0.0	0.0	0.0	0.0	0.0	0.0	0.0	0.0	0.0	0.0	0.0	0.0	0.0	0.0	0.0	0.0	0.0	0.0	0.0	0.0	0.0	0.0	0.0	0.0	0.0	0.0	0.0	0.0	0.0	0.0	0.0	0.0	0.0	0.0	0.0	0.0	0.0	0.0	0.0	0.0	0.28592814371257474	0.0	0.0	0.0	0.0
Bacteria	Proteobacteria	Gammaproteobacteria	Enterobacterales	Pasteurellaceae	Aggregatibacter	Aggregatibacter_segnis_A	0.0	0.0	0.0	0.0	0.0	0.0	0.0	0.0	0.0	0.0	0.0	0.0	0.0	0.0	0.0	0.0	0.0	0.0	0.0	0.0	0.0	0.0	0.0	0.0	0.0	0.0	0.0	0.0	0.0	0.0	0.0	0.0	0.0	0.0	0.0	0.0	0.0	0.0	0.0	0.0	0.12425149700598799	0.0	0.0	0.0	0.0
Bacteria	Proteobacteria	Gammaproteobacteria	Enterobacterales	Pasteurellaceae	Haemophilus_D	Haemophilus_D_parainfluenzae	0.0	0.0	0.0	0.0	0.0	0.0	0.0	0.0	0.0	0.0	0.0	0.0	0.0	0.0	0.0	0.0	0.0	0.0	0.0	0.0	0.0	0.0	0.0	0.0	0.0	0.0	0.0	0.0	0.0	0.0	0.0	0.0	0.0	0.0	0.0	0.0	0.0	0.0	0.0	0.0	3.528443113772454	0.0	0.0	0.0	0.0
Bacteria	Proteobacteria	Gammaproteobacteria	Enterobacterales	Pasteurellaceae	Haemophilus_D	Haemophilus_D_parainfluenzae_J	0.0	0.0	0.0	0.0	0.0	0.0	0.0	0.0	0.0	0.0	0.0	0.0	0.0	0.0	0.0	0.0	0.0	0.0	0.0	0.0	0.0	0.0	0.0	0.0	0.0	0.0	0.0	0.0	0.0	0.0	0.0	0.0	0.0	0.0	0.0	0.0	0.0	0.0	0.0	0.0	0.5501497005988022	0.0	0.0	0.0	0.0
Bacteria	Proteobacteria	Gammaproteobacteria	Enterobacterales	Pasteurellaceae	Haemophilus_D	Haemophilus_D_parainfluenzae_M	0.0	0.0	0.0	0.0	0.0	0.0	0.0	0.0	0.0	0.0	0.0	0.0	0.0	0.0	0.0	0.0	0.0	0.0	0.0	0.0	0.0	0.0	0.0	0.0	0.0	0.0	0.0	0.0	0.0	0.0	0.0	0.0	0.0	0.0	0.0	0.0	0.0	0.0	0.0	0.0	0.30464071856287417	0.0	0.0	0.0	0.0
Bacteria	Proteobacteria	Gammaproteobacteria	Enterobacterales	Shewanellaceae	Shewanella	Shewanella_chilikensis	0.0	0.0	0.0	0.0	0.0	0.0	0.0	0.0	0.0	0.0	0.0	0.0	0.0	0.0	0.007062146892655368	0.0	0.0	0.0	0.0	0.0	0.0	0.0	0.0	0.0	0.0	0.0	0.0	0.0	0.0	0.0	0.0	0.0	0.0	0.0	0.0	0.0	0.0	0.0	0.0	0.0	0.0	0.0	0.0	0.0	0.0
Bacteria	Proteobacteria	Gammaproteobacteria	Enterobacterales	Shewanellaceae	Shewanella	Shewanella_xiamenensis	0.0	0.0	0.0	0.0	0.0	0.0	0.0	0.0	0.0	0.0	0.0	0.0	0.0	0.0	0.007627118644067798	0.0	0.0	0.0	0.006857603872529245	0.0	0.0	0.0	0.0	0.0	0.0	0.0	0.0	0.0	0.0	0.0	0.0	0.0	0.0	0.004825090470446321	0.0	0.0	0.0	0.0	0.0	0.0	0.0	0.0	0.0	0.00803633822501747	0.0
Bacteria	Proteobacteria	Gammaproteobacteria	Enterobacterales	Vibrionaceae	Vibrio	Vibrio_diabolicus	0.0	0.0	0.0	0.0	0.0	0.0	0.0	0.0	0.0	0.005687203791469194	0.0	0.0	0.0	0.0	0.00847457627118644	0.0	0.0	0.0	0.0	0.0	0.0	0.0	0.0	0.0	0.0	0.0	0.0	0.0	0.0	0.0	0.0	0.0	0.0	0.005307599517490953	0.0	0.0	0.0	0.0	0.0	0.0	0.0	0.0	0.0	0.0	0.0
Bacteria	Proteobacteria	Gammaproteobacteria	Enterobacterales	Vibrionaceae	Vibrio	Vibrio_furnissii	0.0	0.0	0.0	0.0	0.0	0.0	0.0	0.0	0.0	0.0	0.0	0.0	0.0	0.0	0.0	0.0	0.004032258064516129	0.0	0.0	0.0	0.0	0.0	0.0	0.0	0.0	0.0	0.0	0.0	0.0	0.0	0.0	0.0	0.0	0.0	0.0	0.0	0.0	0.0	0.0	0.0	0.0	0.0	0.0	0.0	0.0
Bacteria	Proteobacteria	Gammaproteobacteria	Legionellales	Legionellaceae	Legionella	Legionella_pneumophila	0.0	0.0	0.0	0.0	0.0	0.0	0.0	0.0	0.0	0.0	0.0	0.0	0.0	0.0	0.0	0.0	0.0	0.0	0.0	0.0	0.0	0.0	0.0	0.0	0.0	0.0	0.0	0.0	0.0	0.0	0.0	0.0	0.0	0.0	0.0	0.0	0.0	0.0	0.008887821282728801	0.0	0.0	0.0	0.0	0.012928022361984627	0.0
Bacteria	Proteobacteria	Gammaproteobacteria	Legionellales	Legionellaceae	Legionella_C	Legionella_C_erythra	0.0	0.0	0.0	0.0	0.0	0.0	0.0	0.0	0.0	0.00631911532385466	0.0	0.0	0.0	0.0	0.005649717514124295	0.0	0.0	0.0	0.0	0.005062009617818274	0.0	0.018807665010645843	0.0	0.0	0.0	0.0	0.0	0.0	0.0	0.0	0.0	0.0	0.004177109440267336	0.0	0.0	0.0	0.0	0.0	0.004804227720393946	0.0	0.0	0.0	0.0	0.01187980433263452	0.0
Bacteria	Proteobacteria	Gammaproteobacteria	Methylococcales	Methylococcaceae	Methylocaldum	Methylocaldum_sp002005105	0.0	0.0	0.0	0.0	0.0	0.0	0.0	0.0	0.0	0.0	0.0	0.0	0.0	0.0	0.0	0.0	0.0	0.0	0.0	0.0010124019235636548	0.0	0.0	0.0	0.0	0.0	0.0	0.0	0.0	0.0	0.0	0.0	0.0	0.0	0.0	0.0	0.0	0.0	0.0	0.0	0.0	0.0	0.0	0.0	0.0	0.0
Bacteria	Proteobacteria	Gammaproteobacteria	Nevskiales	Nevskiaceae	Polycyclovorans	Polycyclovorans_sp002706265	0.0	0.0	0.0	0.0	0.0	0.0	0.0	0.0	0.0	0.0	0.0	0.0	0.0	0.007228915662650602	0.0	0.0	0.0	0.0	0.0	0.0	0.0	0.0	0.0	0.0	0.0	0.0	0.0	0.0	0.0	0.0	0.0	0.0	0.0	0.0	0.0	0.0	0.0	0.0	0.0	0.0	0.0	0.0	0.0	0.0	0.0
Bacteria	Proteobacteria	Gammaproteobacteria	Nevskiales	Nevskiaceae	Solimonas_A	Solimonas_A_fluminis	0.0	0.0	0.0	0.0	0.0	0.0	0.0	0.0	0.0	0.0	0.0	0.0	0.0	0.0	0.0	0.0	0.0	0.0	0.0	0.0	0.0	0.0	0.0	0.0	0.0	0.0	0.0	0.0	0.0	0.0	0.0	0.0	0.0	0.0	0.0	0.0	0.0	0.0	0.0	0.0	0.01571856287425149	0.0	0.0	0.0	0.0
Bacteria	Proteobacteria	Gammaproteobacteria	Nevskiales	Nevskiaceae	Solimonas_A	Solimonas_A_sp003428335	0.0	0.0	0.0	0.0	0.0	0.0	0.0	0.0	0.0	0.0	0.0	0.0	0.0	0.0	0.0	0.0	0.0	0.0	0.0	0.0	0.0	0.0	0.0	0.0	0.0	0.0	0.0	0.0	0.0	0.0	0.0	0.0	0.0	0.0	0.0	0.0	0.0	0.0	0.0	0.0	0.008982035928143709	0.0	0.0	0.0	0.0
Bacteria	Proteobacteria	Gammaproteobacteria	Pseudomonadales	Alcanivoracaceae	Alcanivorax	Alcanivorax_sp002354605	0.0	0.0	0.0	0.0	0.0	0.0	0.0	0.0	0.0	0.0	0.0	0.0	0.0	0.0	0.0	0.0	0.0	0.0	0.0	0.0	0.0	0.0	0.0	0.0	0.0	0.0	0.009565398211686421	0.0	0.0	0.0	0.0	0.0	0.0	0.0	0.0	0.0	0.0	0.0	0.0	0.0	0.0	0.0	0.0	0.0	0.0
Bacteria	Proteobacteria	Gammaproteobacteria	Pseudomonadales	Cellvibrionaceae	Cellvibrio	Cellvibrio_sp001183545	0.0	0.0	0.0	0.0	0.0	0.0	0.0	0.0	0.0	0.0	0.0	0.0	0.0	0.0	0.0	0.0	0.0	0.0	0.0	0.0	0.0	0.0	0.0	0.0	0.0	0.0	0.0	0.0	0.0	0.0	0.0	0.0	0.0	0.0	0.0	0.0	0.0	0.0	0.0	0.0	0.014970059880239516	0.0	0.0	0.0	0.0
Bacteria	Proteobacteria	Gammaproteobacteria	Pseudomonadales	Cellvibrionaceae	Cellvibrio	Cellvibrio_sp003056245	0.0	0.0	0.0	0.0	0.0	0.0	0.0	0.0	0.0	0.0	0.0009574875526618154	0.0	0.0	0.0	0.0	0.0	0.0	0.0	0.0	0.0	0.0	0.0	0.0	0.0	0.0	0.0	0.0	0.0	0.0	0.0	0.0	0.0	0.0	0.0	0.0	0.0	0.0	0.0	0.0	0.0	0.0	0.0	0.0	0.0	0.0
Bacteria	Proteobacteria	Gammaproteobacteria	Pseudomonadales	Cellvibrionaceae	Cellvibrio	Cellvibrio_sp008806975	0.0	0.0	0.0	0.0	0.0	0.0	0.0	0.0	0.0	0.0	0.0	0.0	0.0008579272477693893	0.0	0.0	0.0	0.0	0.0	0.0	0.0020248038471273096	0.0	0.0	0.0	0.0	0.0	0.0	0.0	0.0	0.0	0.0	0.0	0.0	0.0	0.0	0.0	0.0	0.0	0.0	0.0	0.0	0.0	0.0	0.0	0.0	0.0
Bacteria	Proteobacteria	Gammaproteobacteria	Pseudomonadales	Halomonadaceae	Halomonas	Halomonas_aquamarina	0.0	0.0	0.0	0.0	0.0	0.0	0.0	0.0	0.0	0.0	0.0	0.03706269483893315	0.0	0.0	0.0	0.0	0.0	0.0	0.0	0.0	0.0	0.0	0.0	0.0	0.0	0.0	0.0	0.0	0.0	0.0	0.0	0.0	0.0	0.0	0.0	0.0	0.0	0.0	0.0	0.0	0.0	0.0	0.0	0.0	0.0
Bacteria	Proteobacteria	Gammaproteobacteria	Pseudomonadales	Halomonadaceae	Halomonas	Halomonas_sp002696125	0.0	0.0	0.0	0.0	0.0	0.0	0.0	0.0	0.0	0.0	0.0	0.007620367163145135	0.0	0.0	0.0	0.0	0.0	0.0	0.0	0.0	0.0	0.0	0.0	0.0	0.0	0.0	0.0	0.0	0.0	0.0	0.0	0.0	0.0	0.0	0.0	0.0	0.0	0.0	0.0	0.0	0.0	0.0	0.0	0.0	0.0
Bacteria	Proteobacteria	Gammaproteobacteria	Pseudomonadales	Moraxellaceae	Acinetobacter	Acinetobacter_baumannii	0.46887159533073924	0.0	0.0	0.0	0.0	0.024895272292040693	0.0	0.03427612655800575	0.0	0.013902053712480255	0.0	0.06685140284031868	0.013898421413864106	0.0	0.07711864406779662	0.12063732928679818	0.0	0.0	0.12424364663170634	0.044039483675018976	0.035869041887337506	0.0	0.0	0.16317751648981935	0.03698767077640786	0.02418300653594771	0.0	0.0	0.0	0.0	0.018010291595197257	0.0410031847133758	0.0	0.032810615199034984	0.0	0.013331138907175775	0.08356062484502852	0.0	0.0	0.0	0.24700598802395202	0.010546706844597502	0.007846277021617292	0.0	0.0
Bacteria	Proteobacteria	Gammaproteobacteria	Pseudomonadales	Moraxellaceae	Acinetobacter	Acinetobacter_gyllenbergii	0.0	0.0	0.0	0.0	0.0	0.0	0.0	0.0	0.0	0.0	0.0	0.0	0.0	0.0	0.0	0.01719777440566515	0.0	0.0	0.0	0.0	0.0	0.0	0.0	0.0	0.0	0.0	0.0	0.0	0.0	0.0	0.0	0.0	0.0	0.0	0.0	0.0	0.0	0.0	0.0	0.0	0.0	0.0	0.0	0.0	0.0
Bacteria	Proteobacteria	Gammaproteobacteria	Pseudomonadales	Moraxellaceae	Acinetobacter	Acinetobacter_idrijaensis	0.0	0.0	0.0	0.055780346820809255	0.0	0.0	0.0	0.0	0.0	0.0	0.0	0.0	0.0	0.0	0.0	0.0	0.0	0.0	0.0	0.0	0.0	0.0	0.0	0.0	0.0	0.0	0.0	0.0	0.0	0.0	0.0	0.0	0.0	0.0	0.0	0.0	0.0	0.0	0.0	0.0	0.0	0.0	0.0	0.0	0.0
Bacteria	Proteobacteria	Gammaproteobacteria	Pseudomonadales	Moraxellaceae	Acinetobacter	Acinetobacter_indicus	0.0	0.0	0.0	0.0010115606936416184	0.0	0.0	0.0	0.0	0.0	0.0	0.0	0.0	0.0	0.0	0.0	0.0	0.010528673835125449	0.0	0.0	0.0	0.0	0.0	0.0	0.0	0.0	0.0	0.0	0.0	0.0	0.0	0.0	0.0	0.0	0.0	0.0	0.0	0.0	0.0	0.0	0.0	0.0	0.0	0.0	0.0	0.0
Bacteria	Proteobacteria	Gammaproteobacteria	Pseudomonadales	Moraxellaceae	Acinetobacter	Acinetobacter_johnsonii	0.010700389105058366	0.0	0.0296196566812521	0.025578034682080926	0.03749760857088196	0.0	0.0	0.010306807286673058	0.008089722375436662	0.0325434439178515	0.052661815396399844	0.0907516453065466	0.01612903225806452	0.03662650602409638	0.05112994350282487	0.15275670207384928	0.03920250896057348	0.005549539794260964	0.04961678096006454	0.0	0.0050553683196918634	0.07026259758694108	0.0	0.0183538858617723	0.0	0.0	0.019754626741526303	0.017383059418457646	0.15951471579420354	0.1655024180548092	0.01400800457404231	0.0	0.018170426065162906	0.0270205066344994	0.01437962202136401	0.14779460171165243	0.0	0.0	0.0	0.007166257166257167	0.4543413173652693	0.0	0.01633306645316253	0.0143256464011181	0.024775583482944348
Bacteria	Proteobacteria	Gammaproteobacteria	Pseudomonadales	Moraxellaceae	Acinetobacter	Acinetobacter_junii	0.0	0.0	0.0	0.004046242774566474	0.0	0.0	0.0	0.0	0.0033094318808604517	0.011374407582938388	0.006702412868632708	0.0	0.0	0.0	0.0	0.027567020738492667	0.05353942652329749	0.0	0.0	0.0	0.0	0.04364797728885734	0.0	0.0	0.0	0.0	0.0	0.0	0.0	0.11069317571198278	0.0	0.0	0.0	0.05042219541616406	0.007189811010682005	0.0	0.0	0.0	0.0	0.0	0.0	0.0	0.0	0.0	0.0
Bacteria	Proteobacteria	Gammaproteobacteria	Pseudomonadales	Moraxellaceae	Acinetobacter	Acinetobacter_lwoffii_D	0.0	0.0	0.0	0.006502890173410404	0.0	0.0	0.0	0.0	0.0	0.0	0.0	0.0	0.0	0.0	0.0	0.0	0.0	0.0	0.0	0.0	0.0	0.0	0.0	0.0	0.0	0.0	0.0	0.0	0.0	0.0	0.0	0.0	0.0	0.0	0.0	0.0	0.0	0.0	0.0	0.0	0.0	0.0	0.0	0.0	0.0
Bacteria	Proteobacteria	Gammaproteobacteria	Pseudomonadales	Moraxellaceae	Acinetobacter	Acinetobacter_mesopotamicus	0.0	0.0	0.0	0.15390173410404626	0.0	0.0	0.0	0.0	0.072439786725501	0.0	0.0	0.0	0.0	0.0	0.0	0.0	0.0	0.0	0.0	0.0	0.0	0.0	0.0	0.0	0.0	0.0	0.0	0.0	0.0	0.0	0.0	0.0	0.0	0.0	0.0	0.0	0.0	0.0	0.0	0.0	0.463323353293413	0.0	0.0	0.0	0.0
Bacteria	Proteobacteria	Gammaproteobacteria	Pseudomonadales	Moraxellaceae	Acinetobacter	Acinetobacter_oleivorans	0.0	0.0	0.0	0.0	0.0	0.0	0.0	0.0	0.0	0.0	0.0	0.0	0.0	0.0	0.0	0.011886697015680325	0.0	0.0	0.0	0.0	0.0	0.0	0.0	0.0	0.0	0.0	0.0	0.0	0.0	0.0	0.0	0.0	0.0	0.0	0.0	0.0	0.0	0.0	0.0	0.0	0.0	0.0	0.0	0.0	0.0
Bacteria	Proteobacteria	Gammaproteobacteria	Pseudomonadales	Moraxellaceae	Acinetobacter	Acinetobacter_parvus	0.0	0.0	0.0	0.0	0.0	0.0	0.0	0.0	0.0	0.0	0.0	0.0	0.0	0.0	0.0	0.048052604957005564	0.0	0.007309149972929075	0.0	0.0	0.0	0.0	0.0	0.0	0.0	0.0	0.0	0.0	0.0	0.0	0.0	0.0	0.0	0.0	0.0	0.0	0.0	0.0	0.0	0.0	0.0	0.0	0.0	0.0	0.0
Bacteria	Proteobacteria	Gammaproteobacteria	Pseudomonadales	Moraxellaceae	Acinetobacter	Acinetobacter_pseudolwoffii	0.0	0.0	0.0	0.0036127167630057807	0.0	0.0	0.0	0.0	0.0	0.0	0.0	0.0	0.0	0.0	0.0	0.0	0.0	0.0	0.0	0.0	0.0	0.0	0.0	0.0	0.0	0.0	0.0	0.0	0.0	0.0	0.0	0.0	0.0	0.0	0.0	0.0	0.0	0.0	0.0	0.0	0.0	0.0	0.0	0.0	0.0
Bacteria	Proteobacteria	Gammaproteobacteria	Pseudomonadales	Moraxellaceae	Acinetobacter	Acinetobacter_rudis	0.0	0.0	0.0	0.0	0.0	0.0	0.0	0.0	0.0	0.0	0.0	0.0	0.0	0.0	0.0	0.0	0.0	0.0	0.0	0.0	0.0	0.0	0.0	0.0	0.0	0.0	0.0	0.0	0.0	0.0	0.0	0.0	0.00772765246449457	0.0	0.0	0.0	0.0	0.0	0.0	0.0	0.0	0.0	0.0	0.0	0.0
Bacteria	Proteobacteria	Gammaproteobacteria	Pseudomonadales	Moraxellaceae	Acinetobacter	Acinetobacter_soli	0.0	0.0	0.0	0.0	0.0	0.0	0.0	0.0	0.0	0.004739336492890996	0.0	0.0	0.0	0.0236144578313253	0.0	0.0	0.0	0.0	0.0	0.0	0.0	0.0	0.0	0.0	0.0	0.0	0.0	0.0	0.0	0.0	0.0	0.0	0.0	0.0	0.0	0.0	0.0	0.0	0.0	0.0	0.0	0.0	0.0	0.0	0.0
Bacteria	Proteobacteria	Gammaproteobacteria	Pseudomonadales	Moraxellaceae	Acinetobacter	Acinetobacter_sp001647535	0.0	0.0	0.0	0.0014450867052023123	0.0	0.0	0.0	0.0	0.0	0.0	0.0	0.0	0.0	0.0	0.0	0.0	0.0	0.0	0.0	0.0	0.0	0.0	0.0	0.0	0.0	0.0	0.0	0.0	0.0	0.0	0.0	0.0	0.0	0.0	0.0	0.0	0.0	0.0	0.0	0.0	0.0	0.0	0.0	0.0	0.0
Bacteria	Proteobacteria	Gammaproteobacteria	Pseudomonadales	Moraxellaceae	Acinetobacter	Acinetobacter_sp002165255	0.0	0.0	0.0	0.0	0.0	0.0	0.0	0.0	0.0	0.0	0.0	0.0	0.0	0.0	0.0	0.0	0.034722222222222224	0.0	0.0	0.0	0.0	0.0	0.0	0.0	0.0	0.0	0.0	0.0	0.0	0.0	0.0	0.0	0.0	0.0	0.0	0.0	0.0	0.0	0.0	0.0	0.0	0.0	0.0	0.0	0.0
Bacteria	Proteobacteria	Gammaproteobacteria	Pseudomonadales	Moraxellaceae	Acinetobacter	Acinetobacter_sp002296655	0.0	0.0	0.0	0.0	0.0	0.0	0.0	0.0	0.0	0.0	0.0	0.0	0.0	0.04626506024096385	0.0	0.0	0.0	0.0	0.0	0.0	0.0	0.0	0.0	0.0	0.0	0.0	0.0	0.0	0.0	0.0	0.0	0.0	0.0	0.0	0.0	0.021724818959842004	0.0	0.0	0.0	0.0	0.0	0.0	0.0	0.0	0.0
Bacteria	Proteobacteria	Gammaproteobacteria	Pseudomonadales	Moraxellaceae	Acinetobacter	Acinetobacter_sp900323515	0.0	0.0	0.0	0.0	0.0	0.0	0.0	0.0	0.0	0.0	0.0	0.08347765846899897	0.0	0.0	0.0	0.0	0.0	0.0	0.0	0.0	0.0	0.0	0.0	0.0	0.0	0.0	0.0	0.0	0.0	0.0	0.0	0.0	0.0	0.0	0.0	0.0	0.0	0.0	0.0	0.0	0.11377245508982033	0.0	0.0	0.0	0.0
Bacteria	Proteobacteria	Gammaproteobacteria	Pseudomonadales	Moraxellaceae	Acinetobacter	Acinetobacter_towneri	0.0	0.0	0.0	0.0	0.0	0.0	0.0	0.0	0.0	0.0	0.0	0.0	0.0	0.0	0.0	0.0	0.0	0.0	0.0	0.0	0.0	0.0	0.0	0.0	0.0	0.0	0.0	0.0	0.0	0.0	0.0	0.0	0.0	0.0	0.0	0.005760368663594471	0.0	0.0	0.0	0.0	0.0	0.0	0.0	0.0	0.0
Bacteria	Proteobacteria	Gammaproteobacteria	Pseudomonadales	Moraxellaceae	Acinetobacter	Acinetobacter_towneri_A	0.0	0.0	0.0	0.0	0.0	0.0	0.0	0.0	0.0	0.0	0.0	0.0	0.0	0.0	0.0	0.0	0.0	0.0	0.0	0.0	0.0	0.0	0.0	0.0	0.0	0.0	0.0	0.0	0.0	0.0	0.0	0.0	0.0	0.0	0.0	0.009381171823568138	0.0	0.0	0.0	0.0	0.09356287425149698	0.0	0.0	0.0	0.0
Bacteria	Proteobacteria	Gammaproteobacteria	Pseudomonadales	Moraxellaceae	Acinetobacter	Acinetobacter_ursingii	0.0	0.0	0.0	0.0	0.0	0.0	0.0027002700270027003	0.0	0.0	0.0	0.0	0.0	0.0	0.0	0.0	0.06069802731411229	0.0	0.0	0.0	0.0	0.0	0.0	0.0	0.0	0.0	0.0	0.0	0.0	0.0	0.03707684040838258	0.0	0.0	0.007936507936507936	0.0	0.0	0.0	0.007438631291842301	0.0	0.0	0.0	0.034431137724550885	0.0	0.0060848678943154514	0.0	0.0
Bacteria	Proteobacteria	Gammaproteobacteria	Pseudomonadales	Moraxellaceae	Acinetobacter	Acinetobacter_variabilis	0.0	0.0	0.0	0.0	0.0	0.0	0.0	0.0	0.0	0.0	0.0	0.0	0.0	0.0	0.0	0.0	0.0	0.0	0.0	0.0	0.0	0.0	0.0	0.0	0.0	0.0	0.0	0.0	0.0	0.0	0.0	0.0	0.0	0.003860072376357057	0.0	0.0	0.0	0.0	0.0	0.0	0.0	0.0	0.0	0.0	0.0
Bacteria	Proteobacteria	Gammaproteobacteria	Pseudomonadales	Moraxellaceae	Acinetobacter	Acinetobacter_venetianus	0.0	0.0	0.0	0.0011560693641618498	0.0	0.0	0.0	0.0	0.0	0.0	0.0	0.0	0.0	0.0	0.0	0.0	0.0	0.0	0.0	0.0	0.0	0.0	0.0	0.0	0.0	0.0	0.0	0.0	0.0	0.0	0.0	0.0	0.0	0.0	0.0	0.0	0.0	0.0	0.0	0.0	0.0	0.0	0.0	0.0	0.0
Bacteria	Proteobacteria	Gammaproteobacteria	Pseudomonadales	Moraxellaceae	Moraxella	Moraxella_nonliquefaciens	0.0	0.0	0.0	0.0	0.0	0.0	0.0	0.0	0.0	0.0	0.0	0.0	0.0	0.0	0.0	0.0	0.0	0.0	0.0	0.0	0.0	0.0	0.0	0.0	0.0	0.0	0.0051985859846121855	0.0	0.0	0.0	0.0	0.0	0.0	0.0	0.0	0.0	0.0	0.0	0.0	0.0	0.0	0.0	0.0	0.0	0.0
Bacteria	Proteobacteria	Gammaproteobacteria	Pseudomonadales	Moraxellaceae	Moraxella_A	Moraxella_A_atlantae	0.0	0.0	0.0	0.0	0.0	0.0	0.0	0.0	0.0	0.0	0.0	0.0	0.0	0.0	0.0	0.0	0.0	0.0	0.0	0.0	0.0	0.0	0.0	0.0	0.0	0.0	0.0	0.0	0.0	0.0	0.0	0.0	0.0	0.0031363088057901087	0.0	0.0	0.0	0.0	0.0	0.0	0.0	0.0	0.0	0.0	0.0
Bacteria	Proteobacteria	Gammaproteobacteria	Pseudomonadales	Moraxellaceae	Moraxella_A	Moraxella_A_cinereus	0.0	0.0961227786752827	0.2032985526758667	0.058236994219653185	0.057394298832982596	0.0	0.03132313231323132	0.06327900287631831	0.07115278543849972	0.6748815165876778	0.5122558406740713	0.09941115344648425	0.02470830473575841	0.316144578313253	0.2285310734463277	0.35078401618614063	0.06137992831541219	0.0	0.27954820492133925	0.060744115413819286	0.15286470871449206	0.13200851667849534	0.01417594064652888	0.14080871809578435	0.10396534488503831	0.0	0.1567893532959035	0.11978508217446271	0.03639631543473377	1.1477700161203652	0.06232132647226987	0.1142515923566879	0.02422723475355054	1.0644149577804585	0.043549712407559574	0.2521395655036208	0.0433920158690801	0.0	0.055008407398510685	0.047502047502047506	0.9086826347305386	0.04347826086956521	0.057485988791032824	0.11111111111111112	0.07217235188509875
Bacteria	Proteobacteria	Gammaproteobacteria	Pseudomonadales	Moraxellaceae	Moraxella_A	Moraxella_A_osloensis	0.0	0.0	0.10030292830696734	0.023988439306358383	0.0	0.0	0.031683168316831684	0.0	0.016179444750873323	0.1674565560821485	0.05074684029107621	0.0	0.03997940974605354	0.0	0.11271186440677966	0.12645422357106728	0.0	0.0	0.13432835820895522	0.0	0.1439576311988445	0.0	0.0	0.0476053914539719	0.0	0.027124183006535945	0.05510501143688916	0.0	0.0	0.4465341214400858	0.0	0.0	0.018379281537176276	0.21085645355850424	0.036154478225143796	0.10401579986833445	0.02925861641457972	0.0	0.03170790295460005	0.01801801801801802	0.34880239520958073	0.04304778303917348	0.0	0.0	0.07145421903052065
Bacteria	Proteobacteria	Gammaproteobacteria	Pseudomonadales	Moraxellaceae	Moraxella_A	Moraxella_A_sp002478835	0.0	0.0	0.06967351060249073	0.022398843930635837	0.0	0.0	0.0	0.0	0.0	0.0	0.01991574109536576	0.0	0.026767330130404943	0.0	0.08785310734463277	0.07890743550834597	0.0	0.0	0.1254538120209762	0.0	0.07486759749638902	0.0	0.0	0.029825064525379984	0.0	0.0	0.0	0.0	0.0	0.36217087587318636	0.0	0.0	0.0	0.08829915560916768	0.0	0.042791310072416065	0.0	0.0	0.03699255344703339	0.0	0.23278443113772446	0.02216960826517434	0.0	0.0	0.036983842010772
Bacteria	Proteobacteria	Gammaproteobacteria	Pseudomonadales	Moraxellaceae	Perlucidibaca	Perlucidibaca_sp002943415	0.0	0.0	0.0	0.0	0.0	0.0	0.0	0.0	0.0	0.0	0.0	0.0	0.0	0.0	0.0	0.0	0.0	0.0	0.0	0.0	0.0	0.0	0.0	0.0	0.0	0.0	0.0	0.0	0.0	0.0	0.0	0.0	0.0	0.0	0.0	0.0	0.0	0.0	0.0	0.0	0.017215568862275443	0.0	0.0	0.0	0.0
Bacteria	Proteobacteria	Gammaproteobacteria	Pseudomonadales	Moraxellaceae	Psychrobacter	Psychrobacter_cibarius	0.0	0.0	0.0	0.0	0.0	0.0	0.0	0.0	0.0	0.0	0.0	0.0	0.0	0.0	0.0	0.0	0.0	0.0	0.0	0.0	0.0	0.0	0.0	0.0	0.0	0.0	0.0	0.0	0.0	0.0	0.0	0.0	0.0	0.0	0.0	0.0	0.0	0.0	0.0	0.0	0.1294910179640718	0.0	0.0	0.0	0.0
Bacteria	Proteobacteria	Gammaproteobacteria	Pseudomonadales	Moraxellaceae	Psychrobacter	Psychrobacter_sanguinis	0.0	0.0	0.0	0.001300578034682081	0.0	0.0	0.0	0.0	0.0	0.0	0.0	0.0	0.0	0.0	0.0	0.0	0.0	0.0	0.0	0.0	0.0	0.0	0.0	0.0	0.0	0.0	0.0	0.0	0.0	0.0	0.0	0.0	0.0	0.0	0.0	0.0	0.0	0.0	0.0	0.0	0.0	0.0	0.0	0.0	0.0
Bacteria	Proteobacteria	Gammaproteobacteria	Pseudomonadales	Moraxellaceae	Psychrobacter	Psychrobacter_sp000213615	0.0	0.0	0.0	0.0	0.0	0.0	0.0	0.0	0.0	0.0	0.0	0.0	0.0	0.0	0.0	0.0	0.0	0.0	0.0	0.0	0.0	0.0	0.0	0.0	0.0	0.0	0.0	0.0	0.0	0.0	0.0	0.0	0.0	0.11097708082026539	0.0	0.0	0.0	0.0	0.0	0.0	0.0	0.0	0.0	0.0	0.0
Bacteria	Proteobacteria	Gammaproteobacteria	Pseudomonadales	Moraxellaceae	Psychrobacter	Psychrobacter_sp001652315	0.0	0.0	0.0	0.0	0.0	0.0	0.0	0.0	0.0	0.0	0.0	0.0	0.0	0.0	0.0	0.0	0.010080645161290322	0.0	0.0	0.0	0.0	0.0	0.0	0.0	0.0	0.0	0.0	0.0	0.0	0.013970983342289087	0.0	0.0	0.0	0.0	0.0	0.0	0.0	0.0	0.0	0.0	0.0	0.0	0.0	0.0	0.0
Bacteria	Proteobacteria	Gammaproteobacteria	Pseudomonadales	Oleiphilaceae	Marinobacter	Marinobacter_salarius	0.0	0.0	0.0010097610232245033	0.00043352601156069364	0.000573942988329826	0.0	0.00054005400540054	0.0007190795781399807	0.0	0.0	0.0	0.0	0.0005147563486616335	0.0014457831325301203	0.0	0.0	0.0	0.0	0.0	0.000759301442672741	0.0	0.0	0.0	0.0	0.0	0.0	0.0	0.0	0.0	0.0	0.0008576329331046312	0.0	0.0	0.0	0.0006162695152013146	0.0004937458854509546	0.0	0.0	0.0	0.0006142506142506142	0.0	0.0	0.0	0.0	0.0
Bacteria	Proteobacteria	Gammaproteobacteria	Pseudomonadales	Oleiphilaceae	Marinobacter	Marinobacter_subterrani	0.0	0.0	0.0	0.0	0.0	0.0	0.0	0.0	0.0	0.0	0.0	0.0	0.0	0.0	0.0	0.0	0.0	0.0	0.0	0.0	0.0	0.0	0.0	0.006309148264984228	0.0	0.0	0.0	0.0	0.0	0.0	0.0	0.0	0.0	0.0	0.0	0.0	0.0	0.0	0.0	0.0	0.0	0.0	0.0	0.0	0.0
Bacteria	Proteobacteria	Gammaproteobacteria	Pseudomonadales	Pseudomonadaceae	Pseudomonas	Pseudomonas_aeruginosa	0.06663424124513619	0.019386106623586422	0.03365870077415011	0.0050578034682080926	0.012435431413812896	0.00454817474566128	0.00828082808280828	0.017497603068072864	0.004596433167861739	0.02527646129541864	0.0	0.027017665396605474	0.00875085792724777	0.052530120481927706	0.029943502824858758	0.012898330804248863	0.010080645161290322	0.004872766648619383	0.05163372327551432	0.021007339913945836	0.00890707751564757	0.030872959545777137	0.00543190249072602	0.02667049039288787	0.0	0.016013071895424835	0.013100436681222707	0.022439949431099875	0.014603459896652437	0.024717893605588386	0.017152658662092625	0.029856687898089172	0.012531328320802006	0.018094089264173704	0.013968775677896466	0.010368663594470048	0.0205802132407637	0.005437531613555893	0.008167187124669708	0.011261261261261262	0.0	0.009255273353422298	0.006725380304243393	0.02375960866526904	0.01759425493716338
Bacteria	Proteobacteria	Gammaproteobacteria	Pseudomonadales	Pseudomonadaceae	Pseudomonas	Pseudomonas_aeruginosa_A	0.0	0.0	0.0	0.0	0.0	0.0	0.0	0.0	0.0	0.0	0.0	0.0	0.0	0.0	0.0	0.0	0.0	0.0	0.016942315449778134	0.0	0.0	0.0	0.0	0.0	0.0	0.0	0.0	0.0	0.0	0.0	0.0	0.0	0.0	0.0	0.0	0.0	0.0	0.0	0.0	0.0	0.0	0.0	0.0	0.0	0.0
Bacteria	Proteobacteria	Gammaproteobacteria	Pseudomonadales	Pseudomonadaceae	Pseudomonas_A	Pseudomonas_A_nitrititolerans	0.0	0.0	0.0	0.0	0.0	0.0	0.0	0.0	0.0	0.0	0.0	0.021821960512642884	0.0	0.0	0.0	0.0	0.0	0.0	0.0	0.0	0.0	0.009226401703335696	0.0	0.0	0.0	0.0	0.0	0.0	0.0	0.0	0.0	0.0	0.0	0.0	0.0	0.0	0.0	0.0	0.0	0.0	0.0	0.0	0.0	0.0	0.0
Bacteria	Proteobacteria	Gammaproteobacteria	Pseudomonadales	Pseudomonadaceae	Pseudomonas_A	Pseudomonas_A_sp000765155	0.0	0.0	0.0	0.003901734104046243	0.0	0.0	0.0	0.0	0.0	0.0	0.0	0.0	0.0	0.05542168674698795	0.0	0.0	0.0	0.0	0.0	0.0	0.0	0.0	0.0	0.0	0.0	0.0	0.0	0.0	0.0	0.0	0.0	0.0	0.0	0.0016887816646562125	0.0	0.035055957867017776	0.0	0.0	0.0	0.0	0.0	0.0	0.0	0.0	0.0
Bacteria	Proteobacteria	Gammaproteobacteria	Pseudomonadales	Pseudomonadaceae	Pseudomonas_A	Pseudomonas_A_sp004331835	0.0	0.0	0.0	0.0	0.0	0.0	0.0	0.0	0.0	0.0	0.0	0.003117422930377555	0.0	0.0	0.0	0.0	0.0	0.0	0.0	0.0	0.0	0.0	0.0	0.0	0.0	0.0	0.0	0.0	0.0	0.0	0.0	0.0	0.0	0.0	0.0	0.0	0.0	0.0	0.0	0.0	0.0	0.0	0.0	0.0	0.0
Bacteria	Proteobacteria	Gammaproteobacteria	Pseudomonadales	Pseudomonadaceae	Pseudomonas_A	Pseudomonas_A_stutzeri	0.0	0.0	0.022214742510939075	0.003468208092485549	0.00937440214272049	0.0	0.0019801980198019802	0.009108341323106423	0.010663724949439233	0.011374407582938388	0.0	0.006927606511950122	0.010809883321894304	0.04096385542168675	0.012146892655367232	0.007334344967121902	0.0	0.0	0.01653892698668818	0.007846114907618324	0.0045739046701974	0.012775017743080196	0.0	0.0	0.0	0.005555555555555554	0.0	0.0	0.004268703662098405	0.0	0.009148084619782735	0.005971337579617835	0.00960735171261487	0.006031363088057902	0.00657354149548069	0.00641869651086241	0.0	0.0	0.007686764352630314	0.0051187551187551195	0.03068862275449101	0.0	0.0	0.009433962264150943	0.014362657091561941
Bacteria	Proteobacteria	Gammaproteobacteria	Pseudomonadales	Pseudomonadaceae	Pseudomonas_A	Pseudomonas_A_stutzeri_Q	0.0	0.0	0.0	0.0	0.0	0.0	0.0	0.0	0.0	0.005055292259083729	0.0	0.0	0.0	0.0	0.0	0.0	0.0	0.0	0.0	0.0	0.0	0.0	0.0	0.0	0.0	0.0	0.0	0.0	0.0	0.0	0.0	0.0	0.0	0.0	0.0	0.0	0.0	0.0	0.0	0.0	0.0	0.0	0.0	0.0	0.0
Bacteria	Proteobacteria	Gammaproteobacteria	Pseudomonadales	Pseudomonadaceae	Pseudomonas_B	Pseudomonas_B_luteola	0.0	0.0	0.0	0.0	0.0	0.0	0.0	0.0	0.0	0.020537124802527645	0.0	0.0	0.0	0.0	0.0	0.014668689934243804	0.0	0.0	0.0	0.0	0.0	0.0	0.0	0.0	0.0	0.0	0.0	0.0	0.0	0.0	0.0	0.0	0.0	0.0	0.0	0.0	0.0	0.0	0.0	0.0	0.0	0.0	0.0	0.0	0.0
Bacteria	Proteobacteria	Gammaproteobacteria	Pseudomonadales	Pseudomonadaceae	Pseudomonas_B	Pseudomonas_B_oryzihabitans	0.0	0.0	0.0	0.0	0.0	0.0	0.0	0.0	0.0	0.0044233807266982625	0.0	0.0	0.0	0.06409638554216866	0.0	0.0	0.0	0.0	0.0	0.0	0.0	0.0	0.0	0.0	0.0	0.0	0.0	0.0	0.0	0.0	0.0	0.0	0.0	0.006272617611580217	0.0	0.005431204739960501	0.0	0.0	0.0	0.0	0.0	0.0	0.0	0.0	0.0
Bacteria	Proteobacteria	Gammaproteobacteria	Pseudomonadales	Pseudomonadaceae	Pseudomonas_B	Pseudomonas_B_oryzihabitans_B	0.0	0.0	0.0	0.0	0.0	0.0	0.0	0.0	0.0	0.3548183254344392	0.0	0.0	0.0	0.0	0.0	0.0	0.0	0.0	0.0	0.0	0.0	0.0	0.0	0.0	0.0	0.0	0.0	0.0	0.0	0.0	0.0	0.0	0.0	0.003618817852834741	0.0	0.0	0.0	0.0	0.0	0.0	0.0	0.0	0.0	0.0	0.0
Bacteria	Proteobacteria	Gammaproteobacteria	Pseudomonadales	Pseudomonadaceae	Pseudomonas_E	Pseudomonas_E_alcaligenes	0.0	0.0	0.0	0.0	0.001721828964989478	0.0	0.0	0.0	0.0	0.0	0.0	0.0	0.0	0.0	0.0	0.0	0.0	0.0	0.0	0.0027841052898000505	0.0	0.0	0.0	0.0	0.0	0.0	0.0	0.0	0.0	0.0	0.0	0.0	0.0	0.0	0.0	0.0	0.0	0.0	0.0	0.0	0.0	0.0	0.0	0.0	0.0
Bacteria	Proteobacteria	Gammaproteobacteria	Pseudomonadales	Pseudomonadaceae	Pseudomonas_E	Pseudomonas_E_asiatica	0.0	0.0	0.0	0.0	0.0	0.0	0.0	0.0	0.0	0.009162717219589257	0.0	0.0	0.0	0.0	0.01384180790960452	0.0	0.0	0.0	0.01734570391286809	0.0	0.0	0.018097941802696946	0.0	0.0	0.0	0.0	0.0035350384695362856	0.0	0.0	0.0	0.0	0.0	0.0	0.012062726176115804	0.0	0.0014812376563528638	0.0	0.0	0.0	0.0	0.0	0.001076194575979337	0.0	0.0	0.0
Bacteria	Proteobacteria	Gammaproteobacteria	Pseudomonadales	Pseudomonadaceae	Pseudomonas_E	Pseudomonas_E_bubulae	0.0	0.0	0.0	0.0	0.0	0.0	0.0	0.0	0.0	0.0	0.0	0.0	0.0	0.0	0.0	0.0	0.0	0.0	0.0	0.0	0.0	0.0	0.0	0.0	0.0	0.0	0.0	0.0	0.0	0.0	0.0	0.0	0.0	0.0	0.0	0.0	0.0	0.0	0.0	0.0	0.0	0.0	0.0017614091273018414	0.0	0.0
Bacteria	Proteobacteria	Gammaproteobacteria	Pseudomonadales	Pseudomonadaceae	Pseudomonas_E	Pseudomonas_E_chengduensis	0.0	0.0	0.0	0.0	0.0	0.0	0.0	0.0	0.0	0.0	0.0	0.0	0.0	0.0	0.0	0.0	0.014112903225806451	0.0	0.0	0.0	0.0	0.0	0.0	0.0	0.0	0.0	0.0	0.0	0.0	0.0	0.0	0.0	0.0	0.0	0.0	0.0	0.0	0.0	0.0	0.0	0.0	0.0	0.0	0.0	0.0
Bacteria	Proteobacteria	Gammaproteobacteria	Pseudomonadales	Pseudomonadaceae	Pseudomonas_E	Pseudomonas_E_coleopterorum	0.0	0.0	0.0	0.0	0.0	0.0	0.0	0.0	0.0	0.0	0.0	0.0	0.0	0.0	0.0	0.0	0.0	0.0	0.0	0.0	0.0	0.0	0.0	0.0	0.0	0.0	0.0	0.0	0.0	0.0	0.0	0.0	0.0	0.0	0.0	0.0	0.0	0.0	0.0	0.0	0.01047904191616766	0.0	0.0	0.0	0.0
Bacteria	Proteobacteria	Gammaproteobacteria	Pseudomonadales	Pseudomonadaceae	Pseudomonas_E	Pseudomonas_E_edaphica	0.007782101167315175	0.0	0.010434197239986535	0.0037572254335260114	0.007652573177731013	0.0016756433273488929	0.007920792079207921	0.004554170661553211	0.005883434454863026	0.01864139020537125	0.010723860589812333	0.011430550744717702	0.004461221688400824	0.021686746987951804	0.01694915254237288	0.006322711178553364	0.0114247311827957	0.0032485110990795882	0.02864058087938685	0.006580612503163755	0.00746268656716418	0.009936124911284596	0.002649708532061473	0.012331517063378263	0.013328890369876707	0.0039215686274509795	0.01538781451445207	0.010113780025284451	0.00921141316558077	0.022031166039763565	0.011435105774728416	0.0	0.00772765246449457	0.016164053075995177	0.0028759244042728016	0.0037853851217906523	0.005702950657079098	0.0018968133535660092	0.007446552966610617	0.0077805077805077815	0.05464071856287423	0.01485148514851485	0.007686148919135306	0.0069881201956673656	0.015798922800718134
Bacteria	Proteobacteria	Gammaproteobacteria	Pseudomonadales	Pseudomonadaceae	Pseudomonas_E	Pseudomonas_E_fulva	0.0	0.0	0.0	0.0	0.0	0.0	0.0	0.0	0.0	0.0	0.0	0.0	0.0	0.0	0.0	0.0	0.0	0.0	0.0	0.0	0.0	0.0	0.0	0.0	0.0	0.0	0.0	0.0	0.0	0.0	0.0	0.0	0.0	0.0	0.0	0.004443712969058592	0.0	0.0	0.0	0.0	0.0	0.0	0.0	0.0	0.0
Bacteria	Proteobacteria	Gammaproteobacteria	Pseudomonadales	Pseudomonadaceae	Pseudomonas_E	Pseudomonas_E_gessardii	0.0	0.0	0.0	0.00028901734104046245	0.0	0.0	0.0	0.0	0.0	0.0	0.0	0.0	0.0	0.0	0.0	0.0	0.0	0.0	0.0	0.0	0.0	0.0	0.0	0.0	0.0	0.0	0.0	0.0	0.0	0.0	0.0	0.0	0.0	0.0	0.0	0.0	0.0	0.0	0.0	0.0	0.0	0.0	0.0	0.0	0.0
Bacteria	Proteobacteria	Gammaproteobacteria	Pseudomonadales	Pseudomonadaceae	Pseudomonas_E	Pseudomonas_E_guariconensis	0.0	0.0	0.0	0.0	0.0	0.0	0.0	0.0	0.0	0.0	0.0	0.0	0.0012010981468771448	0.0	0.0	0.0	0.0	0.0	0.0	0.0	0.0	0.0	0.0	0.0	0.0	0.0	0.0	0.0	0.0	0.0	0.0	0.0	0.0	0.0	0.0	0.0	0.0	0.0	0.0	0.0	0.0	0.0	0.0	0.003144654088050314	0.0
Bacteria	Proteobacteria	Gammaproteobacteria	Pseudomonadales	Pseudomonadaceae	Pseudomonas_E	Pseudomonas_E_hunanensis	0.0	0.0	0.0	0.0	0.0	0.0	0.0	0.0	0.0	0.0	0.0	0.0	0.0	0.0	0.0	0.0	0.0	0.0	0.0	0.0	0.0	0.0	0.0	0.0	0.0	0.0	0.0	0.0	0.0	0.0	0.0	0.0	0.0	0.0	0.0	0.0	0.0	0.0	0.0	0.0	0.03143712574850298	0.0	0.0	0.0	0.0
Bacteria	Proteobacteria	Gammaproteobacteria	Pseudomonadales	Pseudomonadaceae	Pseudomonas_E	Pseudomonas_E_japonica	0.0	0.0	0.0	0.0	0.0	0.0	0.0	0.0	0.0	0.0	0.0	0.0	0.0	0.0	0.0	0.0	0.0	0.0	0.0	0.0	0.0	0.0	0.0	0.0	0.0	0.0	0.0	0.0	0.0	0.0	0.0	0.0	0.0006265664160401002	0.0	0.0	0.0	0.0	0.0	0.0	0.0	0.0	0.0	0.0	0.0	0.0
Bacteria	Proteobacteria	Gammaproteobacteria	Pseudomonadales	Pseudomonadaceae	Pseudomonas_E	Pseudomonas_E_juntendi	0.0	0.0	0.0	0.0	0.0	0.0	0.0	0.0	0.0	0.0	0.0	0.0	0.0	0.0	0.0	0.0	0.0	0.0	0.0	0.0	0.0	0.0	0.0	0.0	0.0	0.0	0.0012476606363069243	0.0	0.0	0.0	0.0	0.0	0.0	0.0	0.0	0.0	0.0	0.0	0.0	0.0	0.0	0.0	0.0	0.0	0.0
Bacteria	Proteobacteria	Gammaproteobacteria	Pseudomonadales	Pseudomonadaceae	Pseudomonas_E	Pseudomonas_E_monteilii_A	0.0	0.0	0.0	0.00028901734104046245	0.0	0.0	0.0	0.0	0.0	0.0	0.0	0.0	0.0	0.0	0.0	0.0	0.0	0.0	0.0	0.0	0.0	0.0	0.0	0.0	0.0	0.0	0.0	0.0	0.0	0.0	0.0	0.0	0.0	0.0	0.0	0.0	0.0	0.0	0.0	0.0	0.0	0.0	0.0	0.0	0.0
Bacteria	Proteobacteria	Gammaproteobacteria	Pseudomonadales	Pseudomonadaceae	Pseudomonas_E	Pseudomonas_E_oleovorans	0.0	0.0	0.0	0.0	0.0	0.0	0.0	0.0	0.0	0.0	0.0	0.0	0.0	0.0	0.0	0.0	0.0	0.0	0.0	0.0	0.0	0.0	0.0	0.0	0.0	0.0	0.0	0.0	0.0	0.0	0.0	0.0	0.0	0.0	0.0	0.0	0.0	0.0	0.0	0.0	0.0	0.0030133448127421434	0.0	0.0	0.0
Bacteria	Proteobacteria	Gammaproteobacteria	Pseudomonadales	Pseudomonadaceae	Pseudomonas_E	Pseudomonas_E_putida	0.0	0.0	0.0	0.0007225433526011561	0.0	0.0	0.0	0.0	0.0	0.0	0.0	0.0	0.0	0.0	0.0014124293785310737	0.0	0.0006720430107526881	0.0	0.0	0.0	0.0	0.0	0.0	0.0	0.0	0.0	0.0	0.0	0.0	0.0	0.0	0.0	0.0	0.0	0.0	0.0	0.0	0.0	0.0	0.0	0.0	0.0	0.0	0.0	0.0
Bacteria	Proteobacteria	Gammaproteobacteria	Pseudomonadales	Pseudomonadaceae	Pseudomonas_E	Pseudomonas_E_putida_E	0.0	0.0	0.0	0.005491329479768786	0.0	0.0	0.0	0.0	0.0	0.0	0.0011489850631941783	0.0	0.0	0.0	0.0	0.0	0.001568100358422939	0.0	0.0	0.0	0.0	0.0	0.0	0.0	0.0	0.0	0.0	0.0	0.0	0.0	0.0	0.0	0.0	0.0	0.0	0.05398288347597104	0.0	0.0	0.0	0.0	0.0	0.0	0.0	0.0	0.0
Bacteria	Proteobacteria	Gammaproteobacteria	Pseudomonadales	Pseudomonadaceae	Pseudomonas_E	Pseudomonas_E_putida_H	0.0	0.0	0.0	0.0	0.0	0.0	0.0	0.0	0.0	0.0	0.0	0.0	0.001029512697323267	0.0	0.0	0.0	0.0	0.0	0.0	0.0	0.0	0.0	0.0	0.0	0.0	0.0	0.0	0.0	0.0	0.0	0.0	0.0	0.0	0.0	0.0	0.0	0.0	0.0	0.0	0.0	0.0	0.0	0.0	0.0	0.0
Bacteria	Proteobacteria	Gammaproteobacteria	Pseudomonadales	Pseudomonadaceae	Pseudomonas_E	Pseudomonas_E_putida_P	0.0	0.0	0.0	0.0	0.0	0.0	0.0	0.0	0.0	0.0	0.0	0.0	0.0	0.0	0.0	0.004046535154274153	0.0	0.0	0.0	0.0	0.0	0.0	0.0	0.0	0.0	0.0	0.0	0.0	0.0	0.0	0.0	0.0	0.0	0.0	0.0	0.0	0.0	0.0	0.0	0.0	0.0	0.0	0.0	0.0	0.0
Bacteria	Proteobacteria	Gammaproteobacteria	Pseudomonadales	Pseudomonadaceae	Pseudomonas_E	Pseudomonas_E_qingdaonensis	0.0	0.0	0.0	0.0	0.0	0.0	0.0	0.0	0.0	0.0	0.0	0.0	0.0	0.0	0.000847457627118644	0.0	0.0	0.0	0.0	0.0	0.0	0.0	0.0	0.0	0.0	0.0	0.0	0.0	0.0	0.0	0.0	0.0	0.0	0.00048250904704463213	0.0	0.0	0.0	0.0	0.0	0.0	0.0	0.0	0.0	0.0	0.0
Bacteria	Proteobacteria	Gammaproteobacteria	Pseudomonadales	Pseudomonadaceae	Pseudomonas_E	Pseudomonas_E_sediminis	0.0	0.0	0.0	0.0	0.0	0.0	0.0	0.0	0.0	0.0	0.0	0.0	0.0	0.0	0.0	0.0	0.0	0.0	0.0	0.0	0.0	0.0	0.0	0.0	0.0	0.0	0.0	0.0	0.0	0.0	0.0	0.0	0.0	0.0	0.0	0.0	0.0	0.0	0.0	0.0	0.01422155688622754	0.0	0.0	0.0	0.0
Bacteria	Proteobacteria	Gammaproteobacteria	Pseudomonadales	Pseudomonadaceae	Pseudomonas_E	Pseudomonas_E_seleniipraecipitans	0.0	0.0032310177705977376	0.0	0.0	0.0	0.0	0.0	0.0	0.0	0.0	0.0	0.0	0.0	0.0	0.0	0.0	0.0	0.0	0.0	0.0	0.0	0.0	0.0	0.0	0.0	0.0	0.0	0.0	0.0	0.0	0.0	0.0	0.0	0.0	0.0	0.0	0.0	0.0	0.0	0.0	0.0	0.0	0.0	0.0	0.0
Bacteria	Proteobacteria	Gammaproteobacteria	Pseudomonadales	Pseudomonadaceae	Pseudomonas_E	Pseudomonas_E_sp000346225	0.0	0.0	0.0	0.0	0.0	0.0	0.0	0.0	0.0	0.0	0.0	0.0	0.0	0.0	0.0	0.0	0.0	0.0	0.0	0.0	0.0	0.0	0.0	0.0	0.0	0.0	0.0	0.0	0.0	0.0	0.0	0.0	0.0	0.0	0.0	0.0	0.0	0.0	0.0	0.0	0.0	0.0	0.0032025620496397116	0.0	0.0
Bacteria	Proteobacteria	Gammaproteobacteria	Pseudomonadales	Pseudomonadaceae	Pseudomonas_E	Pseudomonas_E_sp002113295	0.0	0.0	0.0	0.0	0.0	0.0	0.0	0.0	0.0	0.0	0.0	0.0	0.0	0.0	0.0	0.0	0.0	0.0	0.0	0.0	0.0	0.0	0.0	0.0	0.0	0.0	0.0	0.0	0.0	0.0	0.0	0.0	0.0	0.0	0.0	0.0	0.0	0.0	0.0	0.0	0.13398203592814367	0.0	0.0	0.0	0.0
Bacteria	Proteobacteria	Gammaproteobacteria	Pseudomonadales	Pseudomonadaceae	Pseudomonas_E	Pseudomonas_E_sp005233515	0.0	0.0	0.0	0.0	0.0	0.0	0.0	0.0	0.0	0.0	0.0	0.0	0.0	0.0	0.0	0.0	0.0	0.0	0.0	0.0	0.0	0.0	0.0	0.0	0.0	0.0	0.0	0.0	0.0	0.0	0.0	0.0	0.0	0.0	0.0	0.0	0.0	0.0	0.0	0.0	0.0	0.0	0.0017614091273018414	0.0	0.0
Bacteria	Proteobacteria	Gammaproteobacteria	Pseudomonadales	Pseudomonadaceae	Pseudomonas_E	Pseudomonas_E_versuta	0.0	0.0	0.0	0.0	0.0	0.0	0.0	0.0	0.0	0.0	0.0	0.0	0.0	0.0	0.0	0.0	0.0	0.0	0.0	0.0	0.0	0.0	0.0	0.0	0.0	0.0	0.0	0.0	0.0	0.0	0.0	0.0	0.0	0.0	0.0	0.0	0.0	0.0	0.0	0.0	0.008982035928143709	0.0	0.0	0.0	0.0
Bacteria	Proteobacteria	Gammaproteobacteria	Pseudomonadales	Pseudomonadaceae	Pseudomonas_E	Pseudomonas_E_viridiflava	0.0019455252918287938	0.0	0.0	0.0	0.0	0.0	0.0	0.0007190795781399807	0.0	0.0	0.0001914975105323631	0.0003463803255975061	0.0	0.0014457831325301203	0.0002824858757062147	0.0	0.0	0.0	0.0024203307785397336	0.0	0.0002407318247472316	0.00035486160397444987	0.0	0.0	0.0003332222592469177	0.0009803921568627449	0.0	0.0	0.0006740058413839586	0.0	0.0	0.0003980891719745223	0.0	0.0	0.0	0.0	0.0002479543763947434	0.0	0.0	0.0	0.0	0.00021523891519586742	0.0008006405124099279	0.00034940600978336826	0.0
Bacteria	Proteobacteria	Gammaproteobacteria	Pseudomonadales	Pseudomonadaceae	Pseudomonas_F	Pseudomonas_F_sp003234055	0.0	0.0	0.0	0.0	0.0	0.0	0.0	0.0	0.0	0.0	0.0	0.0	0.0	0.0	0.0	0.0	0.0	0.0	0.0	0.0	0.0	0.0	0.0	0.0	0.0	0.0	0.0	0.0	0.0	0.0	0.0	0.0	0.0	0.0	0.0	0.0	0.0	0.0	0.0	0.0	0.05464071856287423	0.0	0.0	0.0	0.0
Bacteria	Proteobacteria	Gammaproteobacteria	Thiohalomonadales	Thiohalomonadaceae	Sulfurivermis	Sulfurivermis_fontis	0.0	0.0	0.007068327162571523	0.0	0.0	0.0	0.0027002700270027003	0.005033557046979865	0.0	0.0	0.0	0.0	0.0015442690459849006	0.010120481927710841	0.0	0.0	0.0	0.0	0.0	0.002277904328018223	0.0014443909484833895	0.007452093683463447	0.0	0.0	0.0	0.0	0.0	0.0	0.0026960233655358343	0.0	0.005145797598627788	0.009554140127388535	0.0	0.0	0.0030813475760065735	0.0014812376563528638	0.0	0.0	0.0	0.003071253071253072	0.0	0.0	0.0	0.007337526205450733	0.0
Bacteria	Proteobacteria	Gammaproteobacteria	UBA5335	UBA5335	Macondimonas	Macondimonas_sp002862965	0.0	0.0	0.0	0.0	0.0	0.0	0.0	0.0	0.0	0.0	0.0	0.0	0.0	0.0	0.0	0.0	0.005600358422939068	0.0	0.0	0.0	0.0	0.0	0.0	0.0	0.0	0.0	0.0	0.0	0.0	0.0	0.0	0.0	0.0	0.0	0.0	0.0	0.0	0.0	0.0	0.0	0.0	0.0	0.0	0.0	0.0
Bacteria	Proteobacteria	Gammaproteobacteria	Xanthomonadales	Rhodanobacteraceae	Dokdonella_A	Dokdonella_A_sp004143945	0.0	0.0	0.0	0.0	0.0	0.0	0.0	0.0	0.0	0.0	0.0	0.0	0.0	0.0	0.0	0.0	0.0	0.0	0.0	0.0	0.0	0.0	0.0	0.0	0.0	0.0	0.0	0.0	0.0038193664345090987	0.0	0.0	0.0	0.0	0.0	0.0	0.0	0.0	0.0	0.0	0.0	0.0	0.0	0.0	0.0	0.0
Bacteria	Proteobacteria	Gammaproteobacteria	Xanthomonadales	Rhodanobacteraceae	Dyella	Dyella_sp002878475	0.0	0.0	0.0	0.0	0.0	0.0	0.0	0.0009587727708533077	0.0	0.0	0.0	0.0	0.0	0.0	0.0	0.0	0.0	0.0	0.0	0.0	0.0	0.0	0.0	0.0	0.0	0.0	0.0	0.0	0.0	0.0	0.0	0.0	0.0	0.0	0.0	0.0	0.0	0.0	0.0	0.0	0.0	0.0	0.0	0.0	0.0
Bacteria	Proteobacteria	Gammaproteobacteria	Xanthomonadales	Xanthomonadaceae	Arenimonas	Arenimonas_sp003241895	0.0	0.0	0.0020195220464490067	0.00043352601156069364	0.0	0.0	0.0016201620162016202	0.0014381591562799615	0.0	0.0	0.0	0.0	0.0005147563486616335	0.0014457831325301203	0.0	0.0	0.0	0.0	0.0	0.000759301442672741	0.0	0.003548616039744499	0.0	0.0	0.0	0.0009803921568627449	0.0012476606363069243	0.0	0.0	0.0	0.002858776443682104	0.0011942675159235668	0.0006265664160401002	0.0	0.0012325390304026291	0.0004937458854509546	0.0	0.0	0.0	0.0006142506142506142	0.0	0.0	0.0	0.0020964360587002093	0.0
Bacteria	Proteobacteria	Gammaproteobacteria	Xanthomonadales	Xanthomonadaceae	Luteimonas	Luteimonas_arsenica	0.0	0.0	0.0	0.0	0.0	0.0	0.0	0.0	0.0	0.0	0.0	0.0	0.0	0.0	0.0	0.0	0.0	0.0	0.0	0.0	0.0	0.0	0.0	0.0	0.0	0.0	0.0	0.0	0.0	0.0	0.0	0.0	0.0	0.0	0.0	0.0	0.0	0.0	0.0	0.0	0.0	0.0	0.0009607686148919133	0.0	0.0
Bacteria	Proteobacteria	Gammaproteobacteria	Xanthomonadales	Xanthomonadaceae	Luteimonas	Luteimonas_padinae	0.0	0.0	0.0	0.0	0.0	0.0	0.0	0.0	0.0	0.0	0.0	0.0	0.0	0.0	0.0	0.0	0.0	0.0	0.0	0.0	0.0	0.0	0.0	0.0	0.0	0.0	0.0	0.0	0.0	0.0	0.0	0.0	0.0	0.0	0.0	0.0	0.0	0.0	0.0	0.0	0.0	0.0	0.0017614091273018414	0.0	0.0
Bacteria	Proteobacteria	Gammaproteobacteria	Xanthomonadales	Xanthomonadaceae	Lysobacter_B	Lysobacter_B_oculi	0.0	0.0	0.0	0.0	0.0	0.0	0.0	0.0	0.0	0.0	0.0	0.0	0.0	0.0	0.0	0.0	0.0	0.0	0.0	0.0	0.0	0.0	0.0	0.0	0.0	0.0	0.0	0.0	0.0	0.0	0.0022870211549456836	0.0	0.0	0.0	0.0	0.0	0.0	0.0	0.0	0.0	0.0	0.0	0.0012810248198558845	0.0	0.0
Bacteria	Proteobacteria	Gammaproteobacteria	Xanthomonadales	Xanthomonadaceae	Pseudoxanthomonas	Pseudoxanthomonas_kaohsiungensis	0.0	0.0	0.0	0.0	0.0	0.0	0.0	0.0	0.0	0.0	0.0	0.0	0.0	0.0	0.0	0.0	0.0	0.0	0.0	0.0	0.0	0.0	0.0	0.0	0.0	0.0	0.0	0.0	0.0	0.0	0.002001143510577473	0.0	0.0	0.0	0.0	0.0	0.0	0.0	0.0	0.0	0.0	0.0	0.0	0.0	0.0
Bacteria	Proteobacteria	Gammaproteobacteria	Xanthomonadales	Xanthomonadaceae	Pseudoxanthomonas_A	Pseudoxanthomonas_A_mexicana	0.0	0.0	0.010097610232245034	0.0	0.0	0.0	0.0	0.0	0.0	0.0	0.0	0.0	0.0	0.0	0.0	0.0	0.0	0.0	0.0	0.0	0.0	0.0	0.0	0.0	0.0	0.0	0.0	0.0	0.0	0.005910800644814615	0.0	0.0	0.0043859649122807015	0.0	0.0	0.0	0.0	0.00025290844714213456	0.0	0.0	0.0	0.0023676280671545416	0.0	0.0	0.0
Bacteria	Proteobacteria	Gammaproteobacteria	Xanthomonadales	Xanthomonadaceae	Pseudoxanthomonas_A	Pseudoxanthomonas_A_sp001427585	0.0	0.0	0.0	0.0	0.0	0.0	0.0	0.0	0.0	0.0	0.0	0.0	0.0	0.0	0.0	0.0	0.0	0.0	0.0	0.0	0.0	0.0	0.0	0.0	0.0	0.0	0.0	0.0	0.0015726802965625702	0.0	0.0	0.0	0.0	0.0	0.0	0.0	0.0	0.0	0.0	0.0	0.0	0.00043047783039173483	0.0	0.0	0.0
Bacteria	Proteobacteria	Gammaproteobacteria	Xanthomonadales	Xanthomonadaceae	Pseudoxanthomonas_A	Pseudoxanthomonas_A_sp001427635	0.0	0.0	0.0	0.0	0.0	0.0	0.0	0.0	0.0	0.0	0.0	0.0	0.0	0.0	0.0	0.0	0.0	0.0	0.0	0.0	0.0	0.0	0.0	0.0	0.0	0.00326797385620915	0.0	0.0	0.0	0.0	0.0	0.0	0.0	0.0	0.0	0.0	0.0	0.0	0.0	0.0	0.0	0.0	0.0	0.0	0.0
Bacteria	Proteobacteria	Gammaproteobacteria	Xanthomonadales	Xanthomonadaceae	Pseudoxanthomonas_A	Pseudoxanthomonas_A_yeongjuensis	0.0	0.0	0.0	0.0	0.0	0.0	0.0	0.0	0.0	0.0	0.0	0.0	0.0	0.0	0.0	0.0	0.0	0.0	0.0	0.0	0.0	0.0	0.0	0.0	0.0	0.0	0.0	0.0	0.0	0.0	0.0	0.0	0.0022974101921470346	0.0	0.0	0.0	0.0	0.0	0.0	0.0	0.0	0.0	0.0	0.0	0.0
Bacteria	Proteobacteria	Gammaproteobacteria	Xanthomonadales	Xanthomonadaceae	Pseudoxanthomonas_B	Pseudoxanthomonas_B_suwonensis_A	0.0	0.0	0.005385392123864018	0.0008670520231213873	0.0030610292710924053	0.0	0.0	0.0	0.0	0.0	0.0	0.0	0.0	0.0	0.0	0.0	0.0	0.0018949648077964266	0.0	0.0	0.0	0.0	0.0	0.0	0.0	0.0	0.002079434393844874	0.0031605562579013905	0.0	0.0	0.0	0.0	0.0	0.0028950542822677927	0.0	0.0	0.0	0.0	0.0	0.0	0.0	0.0	0.0	0.0	0.0
Bacteria	Proteobacteria	Gammaproteobacteria	Xanthomonadales	Xanthomonadaceae	Silanimonas	Silanimonas_lenta	0.0	0.0	0.0	0.0	0.0	0.0	0.0	0.0	0.0	0.0	0.0032554576790501722	0.0	0.0	0.0	0.0	0.0	0.0	0.0	0.0	0.0	0.0	0.0	0.0	0.0	0.0	0.0	0.0	0.0	0.0	0.0	0.0	0.0	0.0	0.0	0.0	0.0	0.0	0.0	0.0	0.0	0.0	0.0	0.0	0.0	0.0
Bacteria	Proteobacteria	Gammaproteobacteria	Xanthomonadales	Xanthomonadaceae	Stenotrophomonas	Stenotrophomonas_geniculata	0.0	0.0	0.0	0.0	0.0	0.0	0.0	0.0	0.0	0.42053712480252764	0.0	0.025285763768617946	0.0	0.0	0.5285310734463277	0.0	0.0	0.0	0.5558693021379588	0.0	0.0	0.2075940383250532	0.0	0.0	0.0	0.0	0.1472239550842171	0.0	0.025387553358795775	0.0	0.0	0.0	0.0	0.3802171290711701	0.0	0.0	0.0	0.0	0.0	0.0	0.0	0.022815325010761944	0.0	0.0	0.0
Bacteria	Proteobacteria	Gammaproteobacteria	Xanthomonadales	Xanthomonadaceae	Stenotrophomonas	Stenotrophomonas_indicatrix	0.0	0.0	0.0	0.0	0.0	0.0	0.0	0.0	0.0	0.0	0.0	0.0	0.0	0.0	0.0031073446327683617	0.0	0.0	0.0	0.0	0.0	0.0	0.0	0.0	0.0	0.0	0.0	0.0	0.0	0.0	0.0	0.0	0.0	0.0	0.0	0.0	0.0	0.0	0.0	0.0	0.0	0.0	0.0	0.0	0.0	0.0
Bacteria	Proteobacteria	Gammaproteobacteria	Xanthomonadales	Xanthomonadaceae	Stenotrophomonas	Stenotrophomonas_lactitubi	0.0	0.0	0.0	0.0	0.0	0.0	0.0	0.0	0.0	0.0	0.0	0.0	0.0	0.0	0.001694915254237288	0.0	0.0	0.0	0.0	0.0	0.0	0.0	0.0	0.0	0.0	0.0	0.0	0.0	0.0	0.0	0.0	0.0	0.0	0.0	0.0	0.0	0.0	0.0	0.0	0.0	0.0	0.0	0.0	0.0	0.0
Bacteria	Proteobacteria	Gammaproteobacteria	Xanthomonadales	Xanthomonadaceae	Stenotrophomonas	Stenotrophomonas_maltophilia_A	0.0	0.0	0.0	0.0	0.0	0.0	0.0	0.0	0.0	0.0	0.0	0.0	0.0	0.0	0.01384180790960452	0.0	0.0	0.0	0.0	0.0	0.0	0.0	0.0	0.0	0.0	0.0	0.0	0.0	0.0	0.0	0.0	0.0	0.0	0.0	0.0	0.0	0.0	0.0	0.0	0.0	0.0	0.0	0.0	0.0	0.0
Bacteria	Proteobacteria	Gammaproteobacteria	Xanthomonadales	Xanthomonadaceae	Stenotrophomonas	Stenotrophomonas_maltophilia_AJ	0.0	0.0	0.0	0.0	0.0	0.0	0.0	0.0	0.0	0.0	0.0	0.0	0.0	0.0	0.003672316384180791	0.0	0.0	0.0	0.0	0.0	0.0	0.0	0.0	0.0	0.0	0.0	0.0	0.0	0.0	0.0	0.0	0.0	0.0	0.0	0.0	0.0	0.0	0.0	0.0	0.0	0.0	0.0	0.0	0.0	0.0
Bacteria	Proteobacteria	Gammaproteobacteria	Xanthomonadales	Xanthomonadaceae	Stenotrophomonas	Stenotrophomonas_maltophilia_AU	0.0	0.0	0.0	0.0	0.0	0.0	0.0	0.0	0.0	0.0	0.0	0.0	0.0003431708991077557	0.0	0.0	0.0	0.0	0.0	0.0	0.0	0.0	0.0	0.0	0.0	0.0	0.0	0.0	0.0	0.0	0.0	0.0	0.0	0.0	0.0	0.0	0.0	0.0	0.0	0.0	0.0	0.0	0.0	0.0	0.0	0.0
Bacteria	Proteobacteria	Gammaproteobacteria	Xanthomonadales	Xanthomonadaceae	Stenotrophomonas	Stenotrophomonas_maltophilia_F	0.0	0.0	0.0	0.0	0.0	0.0	0.0	0.0	0.0	0.0	0.0	0.0	0.0	0.0	0.004519774011299435	0.0	0.0	0.0	0.0	0.0	0.0	0.0	0.0	0.0	0.0	0.0	0.0	0.0	0.0	0.0	0.0	0.0	0.0	0.0	0.0	0.0	0.0	0.0	0.0	0.0	0.0	0.0	0.0	0.0	0.0
Bacteria	Proteobacteria	Gammaproteobacteria	Xanthomonadales	Xanthomonadaceae	Stenotrophomonas	Stenotrophomonas_maltophilia_L	0.0	0.0	0.0	0.0	0.0	0.0	0.0	0.0	0.0	0.0	0.0	0.0045029442327675796	0.0	0.0	0.0	0.0	0.0	0.0	0.0	0.0	0.0	0.0	0.0	0.0	0.0	0.0	0.0	0.0	0.0	0.0	0.0	0.0	0.0	0.0	0.0	0.0	0.0	0.0	0.0	0.0	0.0	0.0	0.0	0.0	0.0
Bacteria	Proteobacteria	Gammaproteobacteria	Xanthomonadales	Xanthomonadaceae	Stenotrophomonas	Stenotrophomonas_maltophilia_Q	0.0	0.0	0.0289464826657691	0.003901734104046243	0.0	0.0023937761819269898	0.0	0.0	0.0	0.0	0.0	0.0	0.002059025394646534	0.0	0.0	0.019979767324228632	0.004256272401433692	0.0	0.06333198870512302	0.007086813464945583	0.0060182956186807905	0.0	0.0	0.0022942357327215375	0.0	0.0	0.0	0.0	0.004268703662098405	0.029016657710908108	0.05603201829616924	0.043391719745222934	0.0	0.0	0.0	0.0	0.026035209521448055	0.0	0.0	0.0	0.02095808383233532	0.0	0.0	0.014675052410901467	0.0
Bacteria	Proteobacteria	Gammaproteobacteria	Xanthomonadales	Xanthomonadaceae	Stenotrophomonas	Stenotrophomonas_maltophilia_S	0.0	0.0	0.0	0.0	0.0	0.0	0.0	0.008868648130393097	0.0	0.005687203791469194	0.0	0.007273986837547628	0.003088538091969801	0.0	0.005932203389830509	0.0015174506828528073	0.0	0.0009474824038982133	0.0	0.0	0.0	0.0	0.0009273979862215155	0.0	0.003998667110963011	0.0	0.0	0.005372945638432364	0.0	0.0	0.0	0.0	0.0	0.003377563329312425	0.005751848808545603	0.0	0.0042152243987106375	0.0012645422357106728	0.0	0.0	0.0	0.0	0.002562049639711769	0.0	0.0
Bacteria	Proteobacteria	Gammaproteobacteria	Xanthomonadales	Xanthomonadaceae	Stenotrophomonas	Stenotrophomonas_rhizophila	0.0	0.0	0.0	0.0	0.0	0.0	0.0	0.0	0.0	0.0	0.0	0.0	0.0	0.013012048192771084	0.0	0.0	0.0	0.0	0.0	0.0	0.0	0.0	0.0	0.0	0.0	0.0	0.0	0.0	0.0	0.0	0.0	0.0	0.0	0.0	0.0	0.0	0.0	0.0	0.0	0.0	0.0	0.0	0.0	0.0	0.0
Bacteria	Proteobacteria	Gammaproteobacteria	Xanthomonadales	Xanthomonadaceae	Stenotrophomonas	Stenotrophomonas_sp002893095	0.0	0.0	0.0	0.0	0.0	0.0	0.0	0.0	0.0	0.0	0.0	0.0	0.0	0.0	0.0	0.0	0.0024641577060931902	0.0	0.0	0.0	0.0	0.0	0.0	0.0	0.0	0.0	0.0	0.0	0.0	0.0	0.0	0.0	0.0	0.0	0.0	0.0	0.0	0.0	0.0	0.0	0.0	0.0	0.0	0.0	0.0
Bacteria	Proteobacteria	Gammaproteobacteria	Xanthomonadales	Xanthomonadaceae	Stenotrophomonas	Stenotrophomonas_sp004348115	0.0	0.0	0.0	0.0	0.0	0.0	0.0	0.0	0.0	0.0	0.0	0.0	0.0	0.0	0.0	0.0	0.0	0.0	0.0	0.0	0.0	0.0	0.0	0.0	0.0	0.0	0.0	0.0	0.0	0.0	0.0	0.0	0.0	0.0	0.0	0.0	0.0	0.0	0.0	0.0	0.018712574850299396	0.0	0.0	0.0	0.0
Bacteria	Proteobacteria	Gammaproteobacteria	Xanthomonadales	Xanthomonadaceae	Thermomonas	Thermomonas_carbonis	0.0	0.0	0.0	0.0	0.0	0.0	0.0	0.0	0.0	0.0	0.0	0.0	0.0	0.0	0.0	0.0	0.0	0.0	0.0	0.0	0.0	0.0	0.0	0.0	0.0	0.0	0.0	0.0037926675094816682	0.0	0.0	0.0	0.0	0.0	0.0	0.0	0.0	0.0	0.0	0.0	0.0	0.00523952095808383	0.0	0.0	0.0	0.0
Bacteria	Proteobacteria	Gammaproteobacteria	Xanthomonadales	Xanthomonadaceae	Thermomonas	Thermomonas_sp006337105	0.0	0.0	0.0	0.0	0.0	0.0	0.0	0.0	0.0	0.0	0.0	0.0	0.0	0.0	0.0	0.0	0.0	0.0	0.0	0.0	0.0	0.0	0.0	0.0	0.0	0.0	0.0	0.0	0.0	0.0	0.0	0.0	0.0	0.0	0.0	0.0	0.0	0.0	0.0	0.0	0.029191616766467053	0.0	0.0	0.0	0.0
Bacteria	Proteobacteria	Gammaproteobacteria	Xanthomonadales	Xanthomonadaceae	Thermomonas	Thermomonas_sp011302915	0.0	0.0	0.0	0.0	0.0	0.0	0.0	0.0	0.0	0.0	0.0	0.0013855213023900245	0.0	0.0	0.0	0.0	0.0	0.0	0.0	0.0	0.0	0.0	0.0	0.0	0.0	0.0	0.0	0.0	0.0	0.0	0.0	0.0	0.0	0.0	0.0	0.0	0.0	0.0	0.0	0.0	0.0	0.0	0.0	0.0	0.0
Bacteria	Proteobacteria	Gammaproteobacteria	Xanthomonadales	Xanthomonadaceae	Xanthomonas	Xanthomonas_campestris	0.0	0.0	0.027600134634803097	0.0	0.00822651616606084	0.0031119090365050867	0.0	0.0	0.0	0.0034755134281200637	0.0	0.004156563907170073	0.002573781743308168	0.005301204819277108	0.005649717514124295	0.005058168942842691	0.0011200716845878136	0.0032485110990795882	0.007260992335619201	0.0	0.001203659123736158	0.004258339247693398	0.00397456279809221	0.0	0.004665111629456847	0.0	0.0047826991058432106	0.0	0.007189395641428893	0.21225147770016115	0.009148084619782735	0.0	0.0031328320802005015	0.004101326899879373	0.0	0.002468729427254773	0.0022315893875526904	0.003667172483560951	0.0	0.0	0.047904191616766456	0.0	0.0012810248198558845	0.0	0.004667863554757631
Bacteria	Spirochaetota	Spirochaetia	Treponematales	Treponemataceae	Treponema_B	Treponema_B_denticola	0.0	0.0	0.0	0.0	0.0	0.0	0.0	0.0	0.0	0.0	0.0	0.0	0.0	0.0	0.0	0.0	0.0	0.0	0.0	0.0	0.0	0.0	0.0	0.0	0.0	0.0	0.0	0.0	0.0	0.0	0.0	0.0	0.0	0.0	0.0	0.0	0.0	0.0	0.0	0.0	0.03967065868263472	0.0	0.0	0.0	0.0
Bacteria	Synergistota	Synergistia	Synergistales	Dethiosulfovibrionaceae	Jonquetella	Jonquetella_anthropi	0.0	0.0	0.0	0.0	0.0	0.0	0.0	0.0	0.0	0.0	0.0	0.0	0.0	0.0	0.0	0.0	0.0	0.0	0.0	0.0	0.06523832450649976	0.0	0.0	0.0	0.0	0.0	0.0	0.0	0.0	0.0	0.0	0.0	0.0	0.0	0.0	0.0	0.0	0.0	0.0	0.0	0.0	0.0	0.0	0.0	0.0
Bacteria	Synergistota	Synergistia	Synergistales	Synergistaceae	Cloacibacillus	Cloacibacillus_porcorum	0.0	0.0	0.0	0.0	0.0	0.0	0.0	0.0	0.0	0.0	0.0	0.0	0.0	0.0	0.0	0.0	0.0	0.0	0.0	0.0	0.0	0.0	0.0	0.0	0.0	0.0	0.0	0.0	0.0	0.0	0.0	0.0	0.0	0.0	0.0	0.0	0.0	0.0	0.0	0.0	0.008233532934131734	0.0	0.0	0.0	0.0
Bacteria	Verrucomicrobiota	Verrucomicrobiae	Verrucomicrobiales	Akkermansiaceae	Akkermansia	Akkermansia_muciniphila	0.0	0.0	0.0	0.0	0.0	0.0	0.0	0.0	0.0	0.0	0.0	0.0	0.0	0.0	0.0	0.0	0.0	0.0	0.0	0.0	0.013240250361097737	0.0	0.0	0.0	0.0	0.0	0.0	0.0	0.0	0.0	0.0	0.0	0.0	0.0	0.0	0.0	0.0	0.0	0.0	0.0	0.0	0.0	0.0	0.0	0.0
Bacteria	Verrucomicrobiota	Verrucomicrobiae	Verrucomicrobiales	Verrucomicrobiaceae	Prosthecobacter	Prosthecobacter_debontii	0.0	0.0	0.0	0.0	0.0	0.0	0.0	0.0	0.0	0.0	0.0	0.0	0.0	0.0	0.0	0.0	0.0	0.0	0.0	0.0	0.0	0.0	0.0	0.0	0.0	0.0	0.0	0.0	0.0	0.0	0.0	0.0	0.0016708437761069341	0.0	0.0	0.0	0.0	0.0	0.0	0.0	0.0	0.0	0.0	0.0	0.002154398563734291
Fungi	Ascomycota	Dothideomycetes	Dothideales	Saccotheciaceae	Aureobasidium	Aureobasidium_pullulans	0.0	0.0	0.0	0.00014450867052023122	0.0	0.0	0.0	0.0	0.0	0.0	0.0	0.0	0.0	0.0	0.0	0.0	0.0	0.0	0.0	0.0	0.0	0.0	0.0	0.0	0.0	0.0	0.0	0.0	0.0	0.0	0.0	0.0	0.0	0.0	0.0	0.0	0.0	0.0	0.0	0.0	0.0	0.0	0.0	0.0	0.0
Fungi	Ascomycota	Dothideomycetes	Pleosporales	Pleosporaceae	Alternaria	Alternaria_alternata	0.0	0.0	0.0	0.0	0.00038262865888655066	0.0	0.0	0.002157238734419942	0.0	0.0	0.0	0.0	0.0	0.0	0.001694915254237288	0.0	0.00022401433691756272	0.0	0.0	0.0	0.0	0.0	0.0005299417064122947	0.0	0.0	0.0	0.0	0.0	0.0	0.0	0.0	0.0	0.0	0.00048250904704463213	0.0	0.0	0.0	0.0	0.0	0.0	0.0014970059880239518	0.0	0.0	0.0	0.0
Fungi	Ascomycota	Dothideomycetes	Pleosporales	Pleosporaceae	Stemphylium	Stemphylium_lycopersici	0.0	0.0	0.0	0.0	0.0	0.0	0.0	0.0	0.0	0.0	0.0	0.0	0.0	0.0	0.0	0.0	0.0	0.0	0.0	0.0	0.0	0.0	0.0	0.0	0.0	0.0	0.0	0.0	0.0004493372275893058	0.0	0.0	0.0	0.0	0.0	0.0	0.0	0.0	0.0	0.0	0.0	0.0	0.0	0.0	0.0	0.0
Fungi	Ascomycota	Eurotiomycetes	Eurotiales	Aspergillaceae	Aspergillus	Aspergillus_ruber	0.0	0.0	0.0	0.0	0.0	0.0	0.0009000900090009	0.0007190795781399807	0.0	0.0	0.0	0.0	0.0	0.0	0.0	0.0	0.0	0.0	0.0	0.0	0.0	0.0	0.0	0.0	0.0	0.0	0.0	0.0	0.0	0.0	0.0	0.0	0.0	0.0	0.0	0.0	0.0	0.0	0.0	0.0	0.0	0.0	0.0	0.0	0.0
Fungi	Ascomycota	Eurotiomycetes	Eurotiales	Aspergillaceae	Aspergillus	Aspergillus_sydowii	0.0	0.0	0.0	0.0	0.0	0.0	0.0	0.012703739213806327	0.0	0.0	0.0	0.0	0.0	0.0	0.0	0.0	0.0	0.0	0.0	0.0	0.0	0.0	0.0	0.0	0.0	0.0	0.0	0.0	0.0	0.0	0.0	0.0	0.0	0.0	0.0	0.0	0.0	0.0	0.00048042277203939464	0.0	0.0	0.0	0.0	0.0	0.0
Fungi	Ascomycota	Eurotiomycetes	Eurotiales	Aspergillaceae	Penicillium	Penicillium_oxalicum	0.0	0.0	0.0	0.0	0.0	0.0	0.0	0.0	0.0	0.0	0.0	0.0	0.0	0.0	0.0	0.0	0.0	0.0	0.0	0.0	0.0	0.0	0.0	0.0	0.0	0.0	0.0	0.0	0.0	0.0	0.0	0.0	0.0	0.0	0.0	0.0	0.0	0.0	0.0	0.0	0.03967065868263472	0.0	0.0	0.0	0.0
Fungi	Ascomycota	Eurotiomycetes	Eurotiales	Aspergillaceae	Penicillium	Penicillium_steckii	0.0	0.0	0.0	0.0	0.0	0.0	0.0	0.0	0.0	0.0	0.0	0.0	0.0	0.0	0.0	0.0	0.0	0.0	0.0	0.0	0.0	0.0	0.0	0.0	0.0	0.0	0.0004158868787689748	0.0	0.0	0.0	0.0	0.0	0.0	0.0	0.0	0.0	0.0	0.0	0.0	0.0	0.0	0.0	0.0	0.0	0.0
Fungi	Ascomycota	Leotiomycetes	Helotiales	Sclerotiniaceae	Botrytis	Botrytis_cinerea	0.0	0.0	0.0	0.0	0.0	0.0	0.0	0.00023969319271332693	0.0	0.0	0.0	0.0	0.0	0.0	0.0	0.0	0.0	0.0	0.0	0.0	0.0	0.0	0.0	0.0	0.0	0.0	0.0	0.0	0.0	0.0	0.0	0.0	0.0	0.0	0.0	0.0	0.0	0.0	0.0	0.0	0.0	0.0	0.0	0.0	0.0
Fungi	Ascomycota	Saccharomycetes	Saccharomycetales	Debaryomycetaceae	Meyerozyma	Meyerozyma_guilliermondii	0.0	0.0	0.0	0.0	0.0	0.0	0.0	0.0	0.0	0.0	0.0	0.0	0.0	0.0	0.0	0.0	0.0	0.0	0.0	0.0	0.0	0.0	0.0	0.0	0.0	0.0	0.0	0.0	0.0	0.0	0.0	0.0	0.0	0.0	0.0	0.0	0.0	0.0	0.0	0.0	0.004491017964071854	0.0	0.0	0.0	0.0
Fungi	Ascomycota	Saccharomycetes	Saccharomycetales	Incertae_sedis	Candida	Candida_albicans	0.0	0.0	0.0	0.0	0.0	0.0	0.0	0.0	0.0	0.0	0.0	0.0	0.0	0.0	0.0	0.0	0.0	0.0	0.0	0.0	0.0	0.0	0.0	0.0	0.0	0.0	0.0	0.0	0.0	0.0	0.0	0.0	0.0	0.0	0.0	0.0	0.0061988594098685845	0.0	0.0	0.0	0.0	0.0	0.0	0.0	0.0
Fungi	Ascomycota	Saccharomycetes	Saccharomycetales	Incertae_sedis	Candida	Candida_haemulonis	0.0	0.0	0.0	0.0	0.0	0.0	0.0	0.0	0.0	0.0	0.0	0.0	0.0	0.0	0.0	0.0	0.0	0.0	0.0	0.0	0.0	0.0	0.0	0.0	0.0	0.0	0.0	0.0	0.0	0.0	0.0	0.0	0.0016708437761069341	0.0	0.0	0.0	0.0	0.0	0.0	0.0	0.0	0.0	0.0	0.0	0.0
Fungi	Ascomycota	Saccharomycetes	Saccharomycetales	Incertae_sedis	Candida	Candida_parapsilosis	0.0	0.0	0.0	0.0	0.0	0.0	0.0	0.0	0.0	0.0	0.0	0.0	0.0	0.0	0.0	0.0	0.0	0.0	0.0	0.0	0.0	0.0	0.0	0.0	0.0	0.0	0.0	0.0	0.0	0.0	0.0	0.0	0.0	0.0	0.0	0.0	0.0	0.0	0.0	0.0	0.01422155688622754	0.0	0.0	0.0	0.0
Fungi	Ascomycota	Sordariomycetes	Hypocreales	Hypocreaceae	Trichoderma	Trichoderma_citrinoviride	0.0	0.0	0.0	0.0	0.0	0.0	0.0	0.0	0.0	0.0	0.0	0.0	0.0	0.0	0.0	0.0	0.0	0.0	0.0	0.0	0.0	0.0	0.0	0.0	0.0	0.0	0.0	0.0	0.0	0.0	0.0	0.0	0.0	0.0	0.0	0.0	0.0	0.0	0.0	0.0	0.0	0.0	0.0	0.0	0.0
Fungi	Ascomycota	Sordariomycetes	Hypocreales	Hypocreaceae	Trichoderma	Trichoderma_reesei	0.0	0.0	0.0	0.0	0.0	0.0	0.0	0.0	0.0	0.0	0.0	0.0	0.0	0.0	0.0	0.0	0.0	0.0	0.0	0.0	0.0	0.0	0.0	0.0	0.0	0.0	0.0	0.0	0.0	0.0	0.0	0.0	0.00041771094402673353	0.0	0.0	0.0	0.0	0.0	0.0	0.0	0.0	0.0	0.0	0.0	0.0
Fungi	Ascomycota	Sordariomycetes	Hypocreales	Nectriaceae	Fusarium	Fusarium_oxysporum	0.0	0.0	0.0	0.0	0.0	0.0	0.0	0.0	0.0	0.0	0.0	0.0	0.0	0.00048192771084337347	0.0	0.0	0.0	0.0	0.0	0.0	0.0	0.0	0.0	0.0	0.0	0.0	0.0	0.0	0.0	0.0	0.0	0.0	0.0	0.0	0.0	0.0	0.0	0.0	0.0	0.0	0.0	0.0	0.0	0.0	0.0
Fungi	Ascomycota	Sordariomycetes	Hypocreales	Nectriaceae	Neurospora	Neurospora_crassa	0.0	0.0	0.0	0.0	0.0	0.0	0.0	0.00047938638542665386	0.0	0.0	0.0	0.0	0.0	0.0	0.0	0.0	0.0	0.0	0.0	0.0	0.0	0.0	0.0	0.0	0.0	0.0	0.0	0.0	0.0	0.0	0.0	0.0	0.0	0.0	0.0	0.0	0.0	0.0	0.0	0.0	0.0	0.0	0.0	0.0	0.0
Fungi	Ascomycota	Sordariomycetes	Hypocreales	Nectriaceae	Neurospora	Neurospora_tetrasperma	0.0	0.0	0.0	0.0	0.0	0.0	0.0	0.002396931927133269	0.0	0.0	0.0	0.0	0.0	0.0	0.0	0.0	0.0	0.0	0.0	0.0	0.0	0.0	0.0	0.0	0.0	0.0	0.0	0.0	0.0	0.0	0.0	0.0	0.0	0.0	0.0	0.0	0.0	0.0	0.0	0.0	0.0	0.0	0.0	0.0	0.0
Fungi	Ascomycota	Sordariomycetes	Sordariales	Chaetomiaceae	Chaetomium	Chaetomium_globosum	0.0	0.0	0.0	0.0	0.0	0.0	0.0	0.00023969319271332693	0.0	0.0	0.0	0.0	0.0	0.0	0.0	0.0	0.0	0.0	0.0	0.0	0.0	0.0	0.0	0.0	0.0	0.0	0.0	0.0	0.0	0.0	0.0	0.0	0.0	0.0	0.0	0.0	0.0	0.0	0.0	0.0	0.0	0.0	0.0	0.0	0.0
Fungi	Basidiomycota	Agaricomycetes	Agaricales	Schizophyllaceae	Schizophyllum	Schizophyllum_commune	0.0	0.0	0.0	0.0	0.0	0.0	0.0	0.0	0.0	0.0	0.0	0.0	0.0	0.0	0.0	0.0	0.0	0.0	0.0	0.0	0.0	0.0	0.0	0.0	0.0	0.0	0.0	0.0	0.0	0.0	0.0	0.0	0.0	0.0	0.0	0.0	0.0	0.0	0.0	0.0	0.0	0.00043047783039173483	0.0	0.0	0.0
Fungi	Basidiomycota	Agaricomycetes	Agaricales	Strophariaceae	Hypholoma	Hypholoma_sublateritium	0.0	0.0	0.0	0.0	0.0	0.0	0.0	0.0	0.0	0.0	0.0	0.0	0.0	0.0	0.0	0.0	0.0	0.0	0.0	0.0	0.0	0.0	0.0	0.0	0.0	0.0	0.0	0.0	0.0	0.0	0.0	0.0	0.0	0.0	0.0	0.0	0.0	0.0	0.0	0.0	0.0	0.0	0.0	0.0	0.0
Fungi	Basidiomycota	Malasseziomycetes	Malasseziales	Malasseziaceae	Malassezia	Malassezia_globosa	0.0	0.00282714054927302	0.0020195220464490067	0.004624277456647399	0.0007652573177731013	0.0008378216636744464	0.0009000900090009	0.00934803451581975	0.0020224305938591654	0.0012638230647709322	0.0	0.004849324558365085	0.0	0.0019277108433734939	0.0	0.0	0.00044802867383512545	0.0	0.0024203307785397336	0.000759301442672741	0.0009629272989889264	0.0	0.0	0.0017206767995411529	0.0	0.0	0.0016635475150758993	0.0	0.0008986744551786116	0.014508328855454054	0.0	0.010350318471337579	0.0006265664160401002	0.0019300361881785285	0.0006162695152013146	0.0	0.0	0.0	0.0009608455440787893	0.001023751023751024	0.011227544910179637	0.024106758501937147	0.005764611689351481	0.010132774283717678	0.0014362657091561942
Fungi	Basidiomycota	Malasseziomycetes	Malasseziales	Malasseziaceae	Malassezia	Malassezia_sympodialis	0.0	0.0	0.0	0.00014450867052023122	0.0	0.0	0.0	0.0	0.0	0.0	0.0	0.0	0.0	0.0	0.0	0.0	0.0	0.0	0.0	0.0	0.0	0.0	0.0	0.0	0.0	0.0	0.0	0.0	0.0	0.0	0.0	0.0	0.0	0.0	0.0	0.0	0.0	0.0	0.0	0.0	0.0	0.0	0.0	0.0	0.0
Fungi	Basidiomycota	Pucciniomycetes	Pucciniales	Pucciniaceae	Puccinia	Puccinia_triticina	0.0	0.0	0.0	0.0	0.0	0.0	0.0	0.0	0.0	0.0	0.0	0.0	0.0	0.0	0.0	0.0	0.0	0.00040606388738494853	0.0	0.0	0.0	0.0	0.0	0.0	0.0	0.0	0.0	0.0	0.0	0.0	0.0	0.0	0.0	0.0	0.0	0.0	0.0	0.0	0.0	0.0	0.0	0.0	0.0	0.0	0.0
Fungi	Basidiomycota	Ustilaginomycetes	Ustilaginales	Ustilaginaceae	Moesziomyces	Moesziomyces_antarcticus	0.0	0.0	0.0	0.0	0.0	0.0	0.0	0.0	0.0	0.0	0.0	0.0	0.0	0.0	0.0002824858757062147	0.0005058168942842691	0.0	0.0	0.002016942315449778	0.0	0.0	0.0	0.0	0.0	0.0	0.0	0.0	0.0	0.0	0.0	0.0	0.0	0.0	0.0	0.0	0.0	0.00297545251673692	0.0	0.0	0.0	0.0	0.0	0.0	0.0	0.0
Fungi	Glomeromycota	Glomeromycetes	Glomerales	Glomeraceae	Rhizophagus	Rhizophagus_irregularis	0.0	0.0	0.0	0.0	0.0	0.0	0.0	0.0	0.0	0.0	0.0	0.0	0.0	0.0	0.0005649717514124294	0.0	0.0	0.0	0.0012101653892698668	0.0	0.0	0.0	0.0	0.0	0.0	0.0	0.0	0.0	0.0	0.0	0.0	0.0	0.0	0.0	0.0	0.0	0.00074386312918423	0.0	0.0	0.0	0.0	0.0	0.0	0.0	0.0
